2026-02-15 22:35:00,207 - __main__ - INFO - ============================================================
2026-02-15 22:35:00,207 - __main__ - INFO - 开始执行自动下载任务...
2026-02-15 22:35:00,207 - __main__ - INFO - 目标股票数量: 3
2026-02-15 22:35:00,207 - __main__ - INFO - 目标分钟线周期: ['1', '5', '15', '30', '60']
2026-02-15 22:35:00,207 - __main__ - INFO - ============================================================
2026-02-15 22:35:00,207 - main - INFO - ============================================================
2026-02-15 22:35:00,207 - main - INFO - 股票分析系统启动中...
2026-02-15 22:35:00,207 - main - INFO - ============================================================
2026-02-15 22:35:00,254 - database.db_manager - INFO - 成功连接到数据库: stock_data_v2602
2026-02-15 22:35:00,269 - database.db_manager - INFO - 数据库表创建成功
2026-02-15 22:35:00,524 - downloaders.data_downloader - INFO - AKShare API初始化成功
2026-02-15 22:35:00,524 - main - INFO - 系统初始化完成
2026-02-15 22:35:00,524 - __main__ - INFO - 
--- 开始下载日线数据 ---
2026-02-15 22:35:00,524 - __main__ - INFO - 处理股票: 000001
2026-02-15 22:35:00,524 - main - INFO - 开始增量更新 000001 的日线数据...
2026-02-15 22:35:00,529 - main - INFO - 数据库中无数据，将下载全部历史数据
2026-02-15 22:35:01,773 - downloaders.data_downloader - INFO - 成功下载 000001 的日线数据，共 8339 条
2026-02-15 22:35:15,606 - database.storage_service - INFO - 成功保存 8339 条日线数据
2026-02-15 22:35:15,607 - main - INFO - 000001 增量更新完成，新增/更新 8339 条数据
2026-02-15 22:35:16,608 - __main__ - INFO - 处理股票: 600000
2026-02-15 22:35:16,608 - main - INFO - 开始增量更新 600000 的日线数据...
2026-02-15 22:35:16,610 - main - INFO - 数据库中无数据，将下载全部历史数据
2026-02-15 22:35:22,071 - downloaders.data_downloader - INFO - 成功下载 600000 的日线数据，共 6249 条
2026-02-15 22:35:31,599 - database.storage_service - INFO - 成功保存 6249 条日线数据
2026-02-15 22:35:31,600 - main - INFO - 600000 增量更新完成，新增/更新 6249 条数据
2026-02-15 22:35:32,603 - __main__ - INFO - 处理股票: 600036
2026-02-15 22:35:32,603 - main - INFO - 开始增量更新 600036 的日线数据...
2026-02-15 22:35:32,605 - main - INFO - 数据库中无数据，将下载全部历史数据
2026-02-15 22:35:33,704 - downloaders.data_downloader - INFO - 成功下载 600036 的日线数据，共 5721 条
2026-02-15 22:35:42,075 - database.storage_service - INFO - 成功保存 5721 条日线数据
2026-02-15 22:35:42,076 - main - INFO - 600036 增量更新完成，新增/更新 5721 条数据
2026-02-15 22:35:43,081 - __main__ - INFO - 
--- 开始下载分钟线数据 ---
2026-02-15 22:35:43,081 - __main__ - INFO - 处理股票 000001 - 1分钟线
2026-02-15 22:35:43,081 - main - INFO - 开始增量更新 000001 的1分钟线数据...
2026-02-15 22:35:43,084 - main - INFO - 数据库中无数据，将下载最近5天的分钟数据
2026-02-15 22:35:43,429 - downloaders.data_downloader - INFO - 成功下载 000001 的1分钟线数据，共 964 条
2026-02-15 22:35:44,567 - database.storage_service - INFO - 成功保存 964 条分钟线数据
2026-02-15 22:35:44,568 - main - INFO - 000001 增量更新完成，新增/更新 964 条数据
2026-02-15 22:35:45,573 - __main__ - INFO - 处理股票 000001 - 5分钟线
2026-02-15 22:35:45,573 - main - INFO - 开始增量更新 000001 的5分钟线数据...
2026-02-15 22:35:45,576 - main - INFO - 数据库最新时间: 2026-02-13 15:00:00，开始增量更新
2026-02-15 22:35:46,138 - downloaders.data_downloader - INFO - 成功下载 000001 的5分钟线数据，共 1 条
2026-02-15 22:35:46,146 - database.storage_service - INFO - 成功保存 1 条分钟线数据
2026-02-15 22:35:46,146 - main - INFO - 000001 增量更新完成，新增/更新 1 条数据
2026-02-15 22:35:47,149 - __main__ - INFO - 处理股票 000001 - 15分钟线
2026-02-15 22:35:47,150 - main - INFO - 开始增量更新 000001 的15分钟线数据...
2026-02-15 22:35:47,153 - main - INFO - 数据库最新时间: 2026-02-13 15:00:00，开始增量更新
2026-02-15 22:35:47,505 - downloaders.data_downloader - INFO - 成功下载 000001 的15分钟线数据，共 1 条
2026-02-15 22:35:47,510 - database.storage_service - INFO - 成功保存 1 条分钟线数据
2026-02-15 22:35:47,511 - main - INFO - 000001 增量更新完成，新增/更新 1 条数据
2026-02-15 22:35:48,515 - __main__ - INFO - 处理股票 000001 - 30分钟线
2026-02-15 22:35:48,515 - main - INFO - 开始增量更新 000001 的30分钟线数据...
2026-02-15 22:35:48,518 - main - INFO - 数据库最新时间: 2026-02-13 15:00:00，开始增量更新
2026-02-15 22:35:48,780 - downloaders.data_downloader - INFO - 成功下载 000001 的30分钟线数据，共 1 条
2026-02-15 22:35:48,786 - database.storage_service - INFO - 成功保存 1 条分钟线数据
2026-02-15 22:35:48,786 - main - INFO - 000001 增量更新完成，新增/更新 1 条数据
2026-02-15 22:35:49,791 - __main__ - INFO - 处理股票 000001 - 60分钟线
2026-02-15 22:35:49,791 - main - INFO - 开始增量更新 000001 的60分钟线数据...
2026-02-15 22:35:49,794 - main - INFO - 数据库最新时间: 2026-02-13 15:00:00，开始增量更新
2026-02-15 22:35:50,059 - downloaders.data_downloader - INFO - 成功下载 000001 的60分钟线数据，共 1 条
2026-02-15 22:35:50,064 - database.storage_service - INFO - 成功保存 1 条分钟线数据
2026-02-15 22:35:50,065 - main - INFO - 000001 增量更新完成，新增/更新 1 条数据
2026-02-15 22:35:51,066 - __main__ - INFO - 处理股票 600000 - 1分钟线
2026-02-15 22:35:51,066 - main - INFO - 开始增量更新 600000 的1分钟线数据...
2026-02-15 22:35:51,067 - main - INFO - 数据库中无数据，将下载最近5天的分钟数据
2026-02-15 22:35:51,913 - downloaders.data_downloader - INFO - 成功下载 600000 的1分钟线数据，共 964 条
2026-02-15 22:35:53,074 - database.storage_service - INFO - 成功保存 964 条分钟线数据
2026-02-15 22:35:53,074 - main - INFO - 600000 增量更新完成，新增/更新 964 条数据
2026-02-15 22:35:54,078 - __main__ - INFO - 处理股票 600000 - 5分钟线
2026-02-15 22:35:54,078 - main - INFO - 开始增量更新 600000 的5分钟线数据...
2026-02-15 22:35:54,080 - main - INFO - 数据库最新时间: 2026-02-13 15:00:00，开始增量更新
2026-02-15 22:35:55,336 - downloaders.data_downloader - INFO - 成功下载 600000 的5分钟线数据，共 1 条
2026-02-15 22:35:55,340 - database.storage_service - INFO - 成功保存 1 条分钟线数据
2026-02-15 22:35:55,340 - main - INFO - 600000 增量更新完成，新增/更新 1 条数据
2026-02-15 22:35:56,345 - __main__ - INFO - 处理股票 600000 - 15分钟线
2026-02-15 22:35:56,346 - main - INFO - 开始增量更新 600000 的15分钟线数据...
2026-02-15 22:35:56,352 - main - INFO - 数据库最新时间: 2026-02-13 15:00:00，开始增量更新
2026-02-15 22:35:56,696 - downloaders.data_downloader - INFO - 成功下载 600000 的15分钟线数据，共 1 条
2026-02-15 22:35:56,702 - database.storage_service - INFO - 成功保存 1 条分钟线数据
2026-02-15 22:35:56,703 - main - INFO - 600000 增量更新完成，新增/更新 1 条数据
2026-02-15 22:35:57,708 - __main__ - INFO - 处理股票 600000 - 30分钟线
2026-02-15 22:35:57,709 - main - INFO - 开始增量更新 600000 的30分钟线数据...
2026-02-15 22:35:57,713 - main - INFO - 数据库最新时间: 2026-02-13 15:00:00，开始增量更新
2026-02-15 22:35:57,960 - downloaders.data_downloader - INFO - 成功下载 600000 的30分钟线数据，共 1 条
2026-02-15 22:35:57,967 - database.storage_service - INFO - 成功保存 1 条分钟线数据
2026-02-15 22:35:57,967 - main - INFO - 600000 增量更新完成，新增/更新 1 条数据
2026-02-15 22:35:58,968 - __main__ - INFO - 处理股票 600000 - 60分钟线
2026-02-15 22:35:58,969 - main - INFO - 开始增量更新 600000 的60分钟线数据...
2026-02-15 22:35:58,972 - main - INFO - 数据库最新时间: 2026-02-13 15:00:00，开始增量更新
2026-02-15 22:35:59,237 - downloaders.data_downloader - INFO - 成功下载 600000 的60分钟线数据，共 1 条
2026-02-15 22:35:59,242 - database.storage_service - INFO - 成功保存 1 条分钟线数据
2026-02-15 22:35:59,242 - main - INFO - 600000 增量更新完成，新增/更新 1 条数据
2026-02-15 22:36:00,244 - __main__ - INFO - 处理股票 600036 - 1分钟线
2026-02-15 22:36:00,244 - main - INFO - 开始增量更新 600036 的1分钟线数据...
2026-02-15 22:36:00,246 - main - INFO - 数据库中无数据，将下载最近5天的分钟数据
2026-02-15 22:36:00,600 - downloaders.data_downloader - INFO - 成功下载 600036 的1分钟线数据，共 964 条
2026-02-15 22:36:01,800 - database.storage_service - INFO - 成功保存 964 条分钟线数据
2026-02-15 22:36:01,801 - main - INFO - 600036 增量更新完成，新增/更新 964 条数据
2026-02-15 22:36:02,806 - __main__ - INFO - 处理股票 600036 - 5分钟线
2026-02-15 22:36:02,806 - main - INFO - 开始增量更新 600036 的5分钟线数据...
2026-02-15 22:36:02,810 - main - INFO - 数据库最新时间: 2026-02-13 15:00:00，开始增量更新
2026-02-15 22:36:03,182 - downloaders.data_downloader - INFO - 成功下载 600036 的5分钟线数据，共 1 条
2026-02-15 22:36:03,186 - database.storage_service - INFO - 成功保存 1 条分钟线数据
2026-02-15 22:36:03,187 - main - INFO - 600036 增量更新完成，新增/更新 1 条数据
2026-02-15 22:36:04,192 - __main__ - INFO - 处理股票 600036 - 15分钟线
2026-02-15 22:36:04,192 - main - INFO - 开始增量更新 600036 的15分钟线数据...
2026-02-15 22:36:04,196 - main - INFO - 数据库最新时间: 2026-02-13 15:00:00，开始增量更新
2026-02-15 22:36:04,547 - downloaders.data_downloader - INFO - 成功下载 600036 的15分钟线数据，共 1 条
2026-02-15 22:36:04,551 - database.storage_service - INFO - 成功保存 1 条分钟线数据
2026-02-15 22:36:04,551 - main - INFO - 600036 增量更新完成，新增/更新 1 条数据
2026-02-15 22:36:05,556 - __main__ - INFO - 处理股票 600036 - 30分钟线
2026-02-15 22:36:05,556 - main - INFO - 开始增量更新 600036 的30分钟线数据...
2026-02-15 22:36:05,560 - main - INFO - 数据库最新时间: 2026-02-13 15:00:00，开始增量更新
2026-02-15 22:36:05,903 - downloaders.data_downloader - INFO - 成功下载 600036 的30分钟线数据，共 1 条
2026-02-15 22:36:05,909 - database.storage_service - INFO - 成功保存 1 条分钟线数据
2026-02-15 22:36:05,910 - main - INFO - 600036 增量更新完成，新增/更新 1 条数据
2026-02-15 22:36:06,915 - __main__ - INFO - 处理股票 600036 - 60分钟线
2026-02-15 22:36:06,915 - main - INFO - 开始增量更新 600036 的60分钟线数据...
2026-02-15 22:36:06,918 - main - INFO - 数据库最新时间: 2026-02-13 15:00:00，开始增量更新
2026-02-15 22:36:10,293 - downloaders.data_downloader - INFO - 成功下载 600036 的60分钟线数据，共 1 条
2026-02-15 22:36:10,299 - database.storage_service - INFO - 成功保存 1 条分钟线数据
2026-02-15 22:36:10,300 - main - INFO - 600036 增量更新完成，新增/更新 1 条数据
2026-02-15 22:36:11,303 - database.db_manager - INFO - 数据库连接已关闭
2026-02-15 22:36:11,303 - main - INFO - 系统已关闭
2026-02-15 22:36:11,303 - __main__ - INFO - 
============================================================
2026-02-15 22:36:11,303 - __main__ - INFO - 下载任务完成统计:
2026-02-15 22:36:11,303 - __main__ - INFO - 耗时: 70.78 秒
2026-02-15 22:36:11,303 - __main__ - INFO - 日线数据: 成功 3 / 失败 0
2026-02-15 22:36:11,304 - __main__ - INFO - 分钟线数据: 成功 15 / 失败 0
2026-02-15 22:36:11,304 - __main__ - INFO - ============================================================
2026-02-15 22:40:06,421 - __main__ - INFO - ============================================================
2026-02-15 22:40:06,421 - __main__ - INFO - 开始执行自动下载任务...
2026-02-15 22:40:06,421 - __main__ - INFO - 目标股票数量: 3
2026-02-15 22:40:06,421 - __main__ - INFO - 目标分钟线周期: ['1', '5', '15', '30', '60']
2026-02-15 22:40:06,421 - __main__ - INFO - ============================================================
2026-02-15 22:40:06,421 - main - INFO - ============================================================
2026-02-15 22:40:06,421 - main - INFO - 股票分析系统启动中...
2026-02-15 22:40:06,421 - main - INFO - ============================================================
2026-02-15 22:40:06,462 - database.db_manager - INFO - 成功连接到数据库: stock_data_v2602
2026-02-15 22:40:06,474 - database.db_manager - INFO - 数据库表创建成功
2026-02-15 22:40:06,721 - downloaders.data_downloader - INFO - AKShare API初始化成功
2026-02-15 22:40:06,721 - main - INFO - 系统初始化完成
2026-02-15 22:40:06,721 - __main__ - INFO - 
--- 开始下载日线数据 ---
2026-02-15 22:40:06,721 - __main__ - INFO - 处理股票: 000001
2026-02-15 22:40:06,726 - __main__ - INFO - 数据库中已存在 000001 的日线数据，最新日期: 2026-02-13，执行增量更新
2026-02-15 22:40:06,726 - main - INFO - 开始增量更新 000001 的日线数据...
2026-02-15 22:40:06,727 - main - INFO - 数据库最新日期: 2026-02-13，从 2026-02-14 开始更新
2026-02-15 22:40:06,971 - downloaders.data_downloader - WARNING - 股票 000001 没有数据
2026-02-15 22:40:06,971 - main - INFO - 000001 无新数据需要更新
2026-02-15 22:40:07,977 - __main__ - INFO - 处理股票: 600000
2026-02-15 22:40:07,982 - __main__ - INFO - 数据库中已存在 600000 的日线数据，最新日期: 2026-02-13，执行增量更新
2026-02-15 22:40:07,982 - main - INFO - 开始增量更新 600000 的日线数据...
2026-02-15 22:40:07,986 - main - INFO - 数据库最新日期: 2026-02-13，从 2026-02-14 开始更新
2026-02-15 22:40:09,235 - downloaders.data_downloader - WARNING - 股票 600000 没有数据
2026-02-15 22:40:09,235 - main - INFO - 600000 无新数据需要更新
2026-02-15 22:40:10,236 - __main__ - INFO - 处理股票: 600036
2026-02-15 22:40:10,238 - __main__ - INFO - 数据库中已存在 600036 的日线数据，最新日期: 2026-02-13，执行增量更新
2026-02-15 22:40:10,239 - main - INFO - 开始增量更新 600036 的日线数据...
2026-02-15 22:40:10,240 - main - INFO - 数据库最新日期: 2026-02-13，从 2026-02-14 开始更新
2026-02-15 22:40:10,456 - downloaders.data_downloader - WARNING - 股票 600036 没有数据
2026-02-15 22:40:10,457 - main - INFO - 600036 无新数据需要更新
2026-02-15 22:40:11,461 - __main__ - INFO - 
--- 开始下载分钟线数据 ---
2026-02-15 22:40:11,462 - __main__ - INFO - 处理股票 000001 - 1分钟线
2026-02-15 22:40:11,468 - __main__ - INFO - 数据库中已存在 000001 的1分钟线数据，最新时间: 2026-02-13 15:00:00，执行增量更新
2026-02-15 22:40:11,469 - main - INFO - 开始增量更新 000001 的1分钟线数据...
2026-02-15 22:40:11,471 - main - INFO - 数据库最新时间: 2026-02-13 15:00:00，开始增量更新
2026-02-15 22:40:12,441 - downloaders.data_downloader - INFO - 成功下载 000001 的1分钟线数据，共 1 条
2026-02-15 22:40:12,449 - database.storage_service - INFO - 成功保存 1 条分钟线数据
2026-02-15 22:40:12,449 - main - INFO - 000001 增量更新完成，新增/更新 1 条数据
2026-02-15 22:40:13,453 - __main__ - INFO - 处理股票 000001 - 5分钟线
2026-02-15 22:40:13,456 - __main__ - INFO - 数据库中已存在 000001 的5分钟线数据，最新时间: 2026-02-13 15:00:00，执行增量更新
2026-02-15 22:40:13,456 - main - INFO - 开始增量更新 000001 的5分钟线数据...
2026-02-15 22:40:13,458 - main - INFO - 数据库最新时间: 2026-02-13 15:00:00，开始增量更新
2026-02-15 22:40:13,779 - downloaders.data_downloader - INFO - 成功下载 000001 的5分钟线数据，共 1 条
2026-02-15 22:40:13,786 - database.storage_service - INFO - 成功保存 1 条分钟线数据
2026-02-15 22:40:13,786 - main - INFO - 000001 增量更新完成，新增/更新 1 条数据
2026-02-15 22:40:14,786 - __main__ - INFO - 处理股票 000001 - 15分钟线
2026-02-15 22:40:14,790 - __main__ - INFO - 数据库中已存在 000001 的15分钟线数据，最新时间: 2026-02-13 15:00:00，执行增量更新
2026-02-15 22:40:14,790 - main - INFO - 开始增量更新 000001 的15分钟线数据...
2026-02-15 22:40:14,793 - main - INFO - 数据库最新时间: 2026-02-13 15:00:00，开始增量更新
2026-02-15 22:40:15,101 - downloaders.data_downloader - INFO - 成功下载 000001 的15分钟线数据，共 1 条
2026-02-15 22:40:15,108 - database.storage_service - INFO - 成功保存 1 条分钟线数据
2026-02-15 22:40:15,108 - main - INFO - 000001 增量更新完成，新增/更新 1 条数据
2026-02-15 22:40:16,113 - __main__ - INFO - 处理股票 000001 - 30分钟线
2026-02-15 22:40:16,118 - __main__ - INFO - 数据库中已存在 000001 的30分钟线数据，最新时间: 2026-02-13 15:00:00，执行增量更新
2026-02-15 22:40:16,118 - main - INFO - 开始增量更新 000001 的30分钟线数据...
2026-02-15 22:40:16,121 - main - INFO - 数据库最新时间: 2026-02-13 15:00:00，开始增量更新
2026-02-15 22:40:16,371 - downloaders.data_downloader - INFO - 成功下载 000001 的30分钟线数据，共 1 条
2026-02-15 22:40:16,378 - database.storage_service - INFO - 成功保存 1 条分钟线数据
2026-02-15 22:40:16,379 - main - INFO - 000001 增量更新完成，新增/更新 1 条数据
2026-02-15 22:40:17,384 - __main__ - INFO - 处理股票 000001 - 60分钟线
2026-02-15 22:40:17,388 - __main__ - INFO - 数据库中已存在 000001 的60分钟线数据，最新时间: 2026-02-13 15:00:00，执行增量更新
2026-02-15 22:40:17,389 - main - INFO - 开始增量更新 000001 的60分钟线数据...
2026-02-15 22:40:17,393 - main - INFO - 数据库最新时间: 2026-02-13 15:00:00，开始增量更新
2026-02-15 22:40:17,653 - downloaders.data_downloader - INFO - 成功下载 000001 的60分钟线数据，共 1 条
2026-02-15 22:40:17,660 - database.storage_service - INFO - 成功保存 1 条分钟线数据
2026-02-15 22:40:17,660 - main - INFO - 000001 增量更新完成，新增/更新 1 条数据
2026-02-15 22:40:18,665 - __main__ - INFO - 处理股票 600000 - 1分钟线
2026-02-15 22:40:18,669 - __main__ - INFO - 数据库中已存在 600000 的1分钟线数据，最新时间: 2026-02-13 15:00:00，执行增量更新
2026-02-15 22:40:18,670 - main - INFO - 开始增量更新 600000 的1分钟线数据...
2026-02-15 22:40:18,675 - main - INFO - 数据库最新时间: 2026-02-13 15:00:00，开始增量更新
2026-02-15 22:40:19,906 - downloaders.data_downloader - INFO - 成功下载 600000 的1分钟线数据，共 1 条
2026-02-15 22:40:19,909 - database.storage_service - INFO - 成功保存 1 条分钟线数据
2026-02-15 22:40:19,909 - main - INFO - 600000 增量更新完成，新增/更新 1 条数据
2026-02-15 22:40:20,914 - __main__ - INFO - 处理股票 600000 - 5分钟线
2026-02-15 22:40:20,918 - __main__ - INFO - 数据库中已存在 600000 的5分钟线数据，最新时间: 2026-02-13 15:00:00，执行增量更新
2026-02-15 22:40:20,918 - main - INFO - 开始增量更新 600000 的5分钟线数据...
2026-02-15 22:40:20,920 - main - INFO - 数据库最新时间: 2026-02-13 15:00:00，开始增量更新
2026-02-15 22:40:21,391 - downloaders.data_downloader - INFO - 成功下载 600000 的5分钟线数据，共 1 条
2026-02-15 22:40:21,395 - database.storage_service - INFO - 成功保存 1 条分钟线数据
2026-02-15 22:40:21,395 - main - INFO - 600000 增量更新完成，新增/更新 1 条数据
2026-02-15 22:40:22,400 - __main__ - INFO - 处理股票 600000 - 15分钟线
2026-02-15 22:40:22,406 - __main__ - INFO - 数据库中已存在 600000 的15分钟线数据，最新时间: 2026-02-13 15:00:00，执行增量更新
2026-02-15 22:40:22,406 - main - INFO - 开始增量更新 600000 的15分钟线数据...
2026-02-15 22:40:22,410 - main - INFO - 数据库最新时间: 2026-02-13 15:00:00，开始增量更新
2026-02-15 22:40:22,718 - downloaders.data_downloader - INFO - 成功下载 600000 的15分钟线数据，共 1 条
2026-02-15 22:40:22,723 - database.storage_service - INFO - 成功保存 1 条分钟线数据
2026-02-15 22:40:22,724 - main - INFO - 600000 增量更新完成，新增/更新 1 条数据
2026-02-15 22:40:23,729 - __main__ - INFO - 处理股票 600000 - 30分钟线
2026-02-15 22:40:23,733 - __main__ - INFO - 数据库中已存在 600000 的30分钟线数据，最新时间: 2026-02-13 15:00:00，执行增量更新
2026-02-15 22:40:23,733 - main - INFO - 开始增量更新 600000 的30分钟线数据...
2026-02-15 22:40:23,736 - main - INFO - 数据库最新时间: 2026-02-13 15:00:00，开始增量更新
2026-02-15 22:40:23,991 - downloaders.data_downloader - INFO - 成功下载 600000 的30分钟线数据，共 1 条
2026-02-15 22:40:23,998 - database.storage_service - INFO - 成功保存 1 条分钟线数据
2026-02-15 22:40:23,998 - main - INFO - 600000 增量更新完成，新增/更新 1 条数据
2026-02-15 22:40:25,004 - __main__ - INFO - 处理股票 600000 - 60分钟线
2026-02-15 22:40:25,009 - __main__ - INFO - 数据库中已存在 600000 的60分钟线数据，最新时间: 2026-02-13 15:00:00，执行增量更新
2026-02-15 22:40:25,009 - main - INFO - 开始增量更新 600000 的60分钟线数据...
2026-02-15 22:40:25,013 - main - INFO - 数据库最新时间: 2026-02-13 15:00:00，开始增量更新
2026-02-15 22:40:25,279 - downloaders.data_downloader - INFO - 成功下载 600000 的60分钟线数据，共 1 条
2026-02-15 22:40:25,286 - database.storage_service - INFO - 成功保存 1 条分钟线数据
2026-02-15 22:40:25,286 - main - INFO - 600000 增量更新完成，新增/更新 1 条数据
2026-02-15 22:40:26,291 - __main__ - INFO - 处理股票 600036 - 1分钟线
2026-02-15 22:40:26,297 - __main__ - INFO - 数据库中已存在 600036 的1分钟线数据，最新时间: 2026-02-13 15:00:00，执行增量更新
2026-02-15 22:40:26,297 - main - INFO - 开始增量更新 600036 的1分钟线数据...
2026-02-15 22:40:26,301 - main - INFO - 数据库最新时间: 2026-02-13 15:00:00，开始增量更新
2026-02-15 22:40:26,615 - downloaders.data_downloader - INFO - 成功下载 600036 的1分钟线数据，共 1 条
2026-02-15 22:40:26,621 - database.storage_service - INFO - 成功保存 1 条分钟线数据
2026-02-15 22:40:26,621 - main - INFO - 600036 增量更新完成，新增/更新 1 条数据
2026-02-15 22:40:27,624 - __main__ - INFO - 处理股票 600036 - 5分钟线
2026-02-15 22:40:27,626 - __main__ - INFO - 数据库中已存在 600036 的5分钟线数据，最新时间: 2026-02-13 15:00:00，执行增量更新
2026-02-15 22:40:27,626 - main - INFO - 开始增量更新 600036 的5分钟线数据...
2026-02-15 22:40:27,627 - main - INFO - 数据库最新时间: 2026-02-13 15:00:00，开始增量更新
2026-02-15 22:40:27,960 - downloaders.data_downloader - INFO - 成功下载 600036 的5分钟线数据，共 1 条
2026-02-15 22:40:27,967 - database.storage_service - INFO - 成功保存 1 条分钟线数据
2026-02-15 22:40:27,967 - main - INFO - 600036 增量更新完成，新增/更新 1 条数据
2026-02-15 22:40:28,972 - __main__ - INFO - 处理股票 600036 - 15分钟线
2026-02-15 22:40:28,977 - __main__ - INFO - 数据库中已存在 600036 的15分钟线数据，最新时间: 2026-02-13 15:00:00，执行增量更新
2026-02-15 22:40:28,977 - main - INFO - 开始增量更新 600036 的15分钟线数据...
2026-02-15 22:40:28,980 - main - INFO - 数据库最新时间: 2026-02-13 15:00:00，开始增量更新
2026-02-15 22:40:33,353 - downloaders.data_downloader - INFO - 成功下载 600036 的15分钟线数据，共 1 条
2026-02-15 22:40:33,360 - database.storage_service - INFO - 成功保存 1 条分钟线数据
2026-02-15 22:40:33,360 - main - INFO - 600036 增量更新完成，新增/更新 1 条数据
2026-02-15 22:40:34,366 - __main__ - INFO - 处理股票 600036 - 30分钟线
2026-02-15 22:40:34,369 - __main__ - INFO - 数据库中已存在 600036 的30分钟线数据，最新时间: 2026-02-13 15:00:00，执行增量更新
2026-02-15 22:40:34,369 - main - INFO - 开始增量更新 600036 的30分钟线数据...
2026-02-15 22:40:34,373 - main - INFO - 数据库最新时间: 2026-02-13 15:00:00，开始增量更新
2026-02-15 22:40:34,637 - downloaders.data_downloader - INFO - 成功下载 600036 的30分钟线数据，共 1 条
2026-02-15 22:40:34,645 - database.storage_service - INFO - 成功保存 1 条分钟线数据
2026-02-15 22:40:34,645 - main - INFO - 600036 增量更新完成，新增/更新 1 条数据
2026-02-15 22:40:35,650 - __main__ - INFO - 处理股票 600036 - 60分钟线
2026-02-15 22:40:35,656 - __main__ - INFO - 数据库中已存在 600036 的60分钟线数据，最新时间: 2026-02-13 15:00:00，执行增量更新
2026-02-15 22:40:35,657 - main - INFO - 开始增量更新 600036 的60分钟线数据...
2026-02-15 22:40:35,661 - main - INFO - 数据库最新时间: 2026-02-13 15:00:00，开始增量更新
2026-02-15 22:40:35,940 - downloaders.data_downloader - INFO - 成功下载 600036 的60分钟线数据，共 1 条
2026-02-15 22:40:35,947 - database.storage_service - INFO - 成功保存 1 条分钟线数据
2026-02-15 22:40:35,947 - main - INFO - 600036 增量更新完成，新增/更新 1 条数据
2026-02-15 22:40:36,953 - database.db_manager - INFO - 数据库连接已关闭
2026-02-15 22:40:36,953 - main - INFO - 系统已关闭
2026-02-15 22:40:36,954 - __main__ - INFO - 
============================================================
2026-02-15 22:40:36,954 - __main__ - INFO - 下载任务完成统计:
2026-02-15 22:40:36,954 - __main__ - INFO - 耗时: 30.23 秒
2026-02-15 22:40:36,954 - __main__ - INFO - 日线数据: 成功 3 / 失败 0
2026-02-15 22:40:36,954 - __main__ - INFO - 分钟线数据: 成功 15 / 失败 0
2026-02-15 22:40:36,955 - __main__ - INFO - ============================================================
2026-02-15 22:41:36,979 - __main__ - INFO - ============================================================
2026-02-15 22:41:36,979 - __main__ - INFO - 开始执行自动下载任务...
2026-02-15 22:41:36,979 - __main__ - INFO - 目标股票数量: 3
2026-02-15 22:41:36,979 - __main__ - INFO - 目标分钟线周期: ['1', '5', '15', '30', '60']
2026-02-15 22:41:36,979 - __main__ - INFO - ============================================================
2026-02-15 22:41:36,979 - main - INFO - ============================================================
2026-02-15 22:41:36,979 - main - INFO - 股票分析系统启动中...
2026-02-15 22:41:36,979 - main - INFO - ============================================================
2026-02-15 22:41:37,015 - database.db_manager - INFO - 成功连接到数据库: stock_data_v2602
2026-02-15 22:41:37,023 - database.db_manager - INFO - 数据库表创建成功
2026-02-15 22:41:37,181 - downloaders.data_downloader - INFO - AKShare API初始化成功
2026-02-15 22:41:37,181 - main - INFO - 系统初始化完成
2026-02-15 22:41:37,181 - __main__ - INFO - 
--- 开始下载日线数据 ---
2026-02-15 22:41:37,181 - __main__ - INFO - 处理股票: 000001
2026-02-15 22:41:37,185 - __main__ - INFO - 数据库中已存在 000001 的日线数据，最新日期: 2026-02-13，执行增量更新
2026-02-15 22:41:37,185 - main - INFO - 开始增量更新 000001 的日线数据...
2026-02-15 22:41:37,187 - main - INFO - 数据库最新日期: 2026-02-13，从 2026-02-14 开始更新
2026-02-15 22:41:37,426 - downloaders.data_downloader - WARNING - 股票 000001 没有数据
2026-02-15 22:41:37,426 - main - INFO - 000001 无新数据需要更新
2026-02-15 22:41:38,432 - __main__ - INFO - 处理股票: 600000
2026-02-15 22:41:38,435 - __main__ - INFO - 数据库中已存在 600000 的日线数据，最新日期: 2026-02-13，执行增量更新
2026-02-15 22:41:38,436 - main - INFO - 开始增量更新 600000 的日线数据...
2026-02-15 22:41:38,439 - main - INFO - 数据库最新日期: 2026-02-13，从 2026-02-14 开始更新
2026-02-15 22:41:38,852 - downloaders.data_downloader - WARNING - 股票 600000 没有数据
2026-02-15 22:41:38,852 - main - INFO - 600000 无新数据需要更新
2026-02-15 22:41:39,856 - __main__ - INFO - 处理股票: 600036
2026-02-15 22:41:39,858 - __main__ - INFO - 数据库中已存在 600036 的日线数据，最新日期: 2026-02-13，执行增量更新
2026-02-15 22:41:39,858 - main - INFO - 开始增量更新 600036 的日线数据...
2026-02-15 22:41:39,859 - main - INFO - 数据库最新日期: 2026-02-13，从 2026-02-14 开始更新
2026-02-15 22:41:40,160 - downloaders.data_downloader - WARNING - 股票 600036 没有数据
2026-02-15 22:41:40,160 - main - INFO - 600036 无新数据需要更新
2026-02-15 22:41:41,161 - __main__ - INFO - 
--- 开始下载分钟线数据 ---
2026-02-15 22:41:41,161 - __main__ - INFO - 处理股票 000001 - 1分钟线
2026-02-15 22:41:41,164 - __main__ - INFO - 数据库中已存在 000001 的1分钟线数据，最新时间: 2026-02-13 15:00:00，执行增量更新
2026-02-15 22:41:41,165 - main - INFO - 开始增量更新 000001 的1分钟线数据...
2026-02-15 22:41:41,166 - main - INFO - 数据库最新时间: 2026-02-13 15:00:00，开始增量更新
2026-02-15 22:41:41,534 - downloaders.data_downloader - INFO - 成功下载 000001 的1分钟线数据，共 1 条
2026-02-15 22:41:41,545 - database.storage_service - INFO - 成功保存 1 条分钟线数据
2026-02-15 22:41:41,545 - main - INFO - 000001 增量更新完成，新增/更新 1 条数据
2026-02-15 22:41:42,549 - __main__ - INFO - 处理股票 000001 - 5分钟线
2026-02-15 22:41:42,553 - __main__ - INFO - 数据库中已存在 000001 的5分钟线数据，最新时间: 2026-02-13 15:00:00，执行增量更新
2026-02-15 22:41:42,554 - main - INFO - 开始增量更新 000001 的5分钟线数据...
2026-02-15 22:41:42,558 - main - INFO - 数据库最新时间: 2026-02-13 15:00:00，开始增量更新
2026-02-15 22:41:42,935 - downloaders.data_downloader - INFO - 成功下载 000001 的5分钟线数据，共 1 条
2026-02-15 22:41:42,939 - database.storage_service - INFO - 成功保存 1 条分钟线数据
2026-02-15 22:41:42,939 - main - INFO - 000001 增量更新完成，新增/更新 1 条数据
2026-02-15 22:41:43,944 - __main__ - INFO - 处理股票 000001 - 15分钟线
2026-02-15 22:41:43,950 - __main__ - INFO - 数据库中已存在 000001 的15分钟线数据，最新时间: 2026-02-13 15:00:00，执行增量更新
2026-02-15 22:41:43,950 - main - INFO - 开始增量更新 000001 的15分钟线数据...
2026-02-15 22:41:43,953 - main - INFO - 数据库最新时间: 2026-02-13 15:00:00，开始增量更新
2026-02-15 22:41:44,231 - downloaders.data_downloader - INFO - 成功下载 000001 的15分钟线数据，共 1 条
2026-02-15 22:41:44,235 - database.storage_service - INFO - 成功保存 1 条分钟线数据
2026-02-15 22:41:44,235 - main - INFO - 000001 增量更新完成，新增/更新 1 条数据
2026-02-15 22:41:45,237 - __main__ - INFO - 处理股票 000001 - 30分钟线
2026-02-15 22:41:45,241 - __main__ - INFO - 数据库中已存在 000001 的30分钟线数据，最新时间: 2026-02-13 15:00:00，执行增量更新
2026-02-15 22:41:45,241 - main - INFO - 开始增量更新 000001 的30分钟线数据...
2026-02-15 22:41:45,243 - main - INFO - 数据库最新时间: 2026-02-13 15:00:00，开始增量更新
2026-02-15 22:41:45,506 - downloaders.data_downloader - INFO - 成功下载 000001 的30分钟线数据，共 1 条
2026-02-15 22:41:45,513 - database.storage_service - INFO - 成功保存 1 条分钟线数据
2026-02-15 22:41:45,513 - main - INFO - 000001 增量更新完成，新增/更新 1 条数据
2026-02-15 22:41:46,518 - __main__ - INFO - 处理股票 000001 - 60分钟线
2026-02-15 22:41:46,521 - __main__ - INFO - 数据库中已存在 000001 的60分钟线数据，最新时间: 2026-02-13 15:00:00，执行增量更新
2026-02-15 22:41:46,521 - main - INFO - 开始增量更新 000001 的60分钟线数据...
2026-02-15 22:41:46,523 - main - INFO - 数据库最新时间: 2026-02-13 15:00:00，开始增量更新
2026-02-15 22:41:46,793 - downloaders.data_downloader - INFO - 成功下载 000001 的60分钟线数据，共 1 条
2026-02-15 22:41:46,800 - database.storage_service - INFO - 成功保存 1 条分钟线数据
2026-02-15 22:41:46,800 - main - INFO - 000001 增量更新完成，新增/更新 1 条数据
2026-02-15 22:41:47,806 - __main__ - INFO - 处理股票 600000 - 1分钟线
2026-02-15 22:41:47,810 - __main__ - INFO - 数据库中已存在 600000 的1分钟线数据，最新时间: 2026-02-13 15:00:00，执行增量更新
2026-02-15 22:41:47,811 - main - INFO - 开始增量更新 600000 的1分钟线数据...
2026-02-15 22:41:47,814 - main - INFO - 数据库最新时间: 2026-02-13 15:00:00，开始增量更新
2026-02-15 22:41:48,139 - downloaders.data_downloader - INFO - 成功下载 600000 的1分钟线数据，共 1 条
2026-02-15 22:41:48,146 - database.storage_service - INFO - 成功保存 1 条分钟线数据
2026-02-15 22:41:48,146 - main - INFO - 600000 增量更新完成，新增/更新 1 条数据
2026-02-15 22:41:49,151 - __main__ - INFO - 处理股票 600000 - 5分钟线
2026-02-15 22:41:49,156 - __main__ - INFO - 数据库中已存在 600000 的5分钟线数据，最新时间: 2026-02-13 15:00:00，执行增量更新
2026-02-15 22:41:49,157 - main - INFO - 开始增量更新 600000 的5分钟线数据...
2026-02-15 22:41:49,161 - main - INFO - 数据库最新时间: 2026-02-13 15:00:00，开始增量更新
2026-02-15 22:41:49,532 - downloaders.data_downloader - INFO - 成功下载 600000 的5分钟线数据，共 1 条
2026-02-15 22:41:49,540 - database.storage_service - INFO - 成功保存 1 条分钟线数据
2026-02-15 22:41:49,540 - main - INFO - 600000 增量更新完成，新增/更新 1 条数据
2026-02-15 22:41:50,545 - __main__ - INFO - 处理股票 600000 - 15分钟线
2026-02-15 22:41:50,550 - __main__ - INFO - 数据库中已存在 600000 的15分钟线数据，最新时间: 2026-02-13 15:00:00，执行增量更新
2026-02-15 22:41:50,551 - main - INFO - 开始增量更新 600000 的15分钟线数据...
2026-02-15 22:41:50,554 - main - INFO - 数据库最新时间: 2026-02-13 15:00:00，开始增量更新
2026-02-15 22:41:50,855 - downloaders.data_downloader - INFO - 成功下载 600000 的15分钟线数据，共 1 条
2026-02-15 22:41:50,860 - database.storage_service - INFO - 成功保存 1 条分钟线数据
2026-02-15 22:41:50,861 - main - INFO - 600000 增量更新完成，新增/更新 1 条数据
2026-02-15 22:41:51,861 - __main__ - INFO - 处理股票 600000 - 30分钟线
2026-02-15 22:41:51,864 - __main__ - INFO - 数据库中已存在 600000 的30分钟线数据，最新时间: 2026-02-13 15:00:00，执行增量更新
2026-02-15 22:41:51,864 - main - INFO - 开始增量更新 600000 的30分钟线数据...
2026-02-15 22:41:51,866 - main - INFO - 数据库最新时间: 2026-02-13 15:00:00，开始增量更新
2026-02-15 22:41:52,159 - downloaders.data_downloader - INFO - 成功下载 600000 的30分钟线数据，共 1 条
2026-02-15 22:41:52,165 - database.storage_service - INFO - 成功保存 1 条分钟线数据
2026-02-15 22:41:52,165 - main - INFO - 600000 增量更新完成，新增/更新 1 条数据
2026-02-15 22:41:53,170 - __main__ - INFO - 处理股票 600000 - 60分钟线
2026-02-15 22:41:53,175 - __main__ - INFO - 数据库中已存在 600000 的60分钟线数据，最新时间: 2026-02-13 15:00:00，执行增量更新
2026-02-15 22:41:53,175 - main - INFO - 开始增量更新 600000 的60分钟线数据...
2026-02-15 22:41:53,178 - main - INFO - 数据库最新时间: 2026-02-13 15:00:00，开始增量更新
2026-02-15 22:41:53,457 - downloaders.data_downloader - INFO - 成功下载 600000 的60分钟线数据，共 1 条
2026-02-15 22:41:53,464 - database.storage_service - INFO - 成功保存 1 条分钟线数据
2026-02-15 22:41:53,464 - main - INFO - 600000 增量更新完成，新增/更新 1 条数据
2026-02-15 22:41:54,469 - __main__ - INFO - 处理股票 600036 - 1分钟线
2026-02-15 22:41:54,475 - __main__ - INFO - 数据库中已存在 600036 的1分钟线数据，最新时间: 2026-02-13 15:00:00，执行增量更新
2026-02-15 22:41:54,475 - main - INFO - 开始增量更新 600036 的1分钟线数据...
2026-02-15 22:41:54,478 - main - INFO - 数据库最新时间: 2026-02-13 15:00:00，开始增量更新
2026-02-15 22:41:54,797 - downloaders.data_downloader - INFO - 成功下载 600036 的1分钟线数据，共 1 条
2026-02-15 22:41:54,801 - database.storage_service - INFO - 成功保存 1 条分钟线数据
2026-02-15 22:41:54,801 - main - INFO - 600036 增量更新完成，新增/更新 1 条数据
2026-02-15 22:41:55,806 - __main__ - INFO - 处理股票 600036 - 5分钟线
2026-02-15 22:41:55,811 - __main__ - INFO - 数据库中已存在 600036 的5分钟线数据，最新时间: 2026-02-13 15:00:00，执行增量更新
2026-02-15 22:41:55,812 - main - INFO - 开始增量更新 600036 的5分钟线数据...
2026-02-15 22:41:55,817 - main - INFO - 数据库最新时间: 2026-02-13 15:00:00，开始增量更新
2026-02-15 22:41:56,590 - downloaders.data_downloader - INFO - 成功下载 600036 的5分钟线数据，共 1 条
2026-02-15 22:41:56,596 - database.storage_service - INFO - 成功保存 1 条分钟线数据
2026-02-15 22:41:56,596 - main - INFO - 600036 增量更新完成，新增/更新 1 条数据
2026-02-15 22:41:57,601 - __main__ - INFO - 处理股票 600036 - 15分钟线
2026-02-15 22:41:57,604 - __main__ - INFO - 数据库中已存在 600036 的15分钟线数据，最新时间: 2026-02-13 15:00:00，执行增量更新
2026-02-15 22:41:57,604 - main - INFO - 开始增量更新 600036 的15分钟线数据...
2026-02-15 22:41:57,606 - main - INFO - 数据库最新时间: 2026-02-13 15:00:00，开始增量更新
2026-02-15 22:41:57,932 - downloaders.data_downloader - INFO - 成功下载 600036 的15分钟线数据，共 1 条
2026-02-15 22:41:57,939 - database.storage_service - INFO - 成功保存 1 条分钟线数据
2026-02-15 22:41:57,940 - main - INFO - 600036 增量更新完成，新增/更新 1 条数据
2026-02-15 22:41:58,945 - __main__ - INFO - 处理股票 600036 - 30分钟线
2026-02-15 22:41:58,950 - __main__ - INFO - 数据库中已存在 600036 的30分钟线数据，最新时间: 2026-02-13 15:00:00，执行增量更新
2026-02-15 22:41:58,951 - main - INFO - 开始增量更新 600036 的30分钟线数据...
2026-02-15 22:41:58,954 - main - INFO - 数据库最新时间: 2026-02-13 15:00:00，开始增量更新
2026-02-15 22:42:00,604 - downloaders.data_downloader - INFO - 成功下载 600036 的30分钟线数据，共 1 条
2026-02-15 22:42:00,611 - database.storage_service - INFO - 成功保存 1 条分钟线数据
2026-02-15 22:42:00,611 - main - INFO - 600036 增量更新完成，新增/更新 1 条数据
2026-02-15 22:42:01,611 - __main__ - INFO - 处理股票 600036 - 60分钟线
2026-02-15 22:42:01,614 - __main__ - INFO - 数据库中已存在 600036 的60分钟线数据，最新时间: 2026-02-13 15:00:00，执行增量更新
2026-02-15 22:42:01,614 - main - INFO - 开始增量更新 600036 的60分钟线数据...
2026-02-15 22:42:01,616 - main - INFO - 数据库最新时间: 2026-02-13 15:00:00，开始增量更新
2026-02-15 22:42:01,889 - downloaders.data_downloader - INFO - 成功下载 600036 的60分钟线数据，共 1 条
2026-02-15 22:42:01,895 - database.storage_service - INFO - 成功保存 1 条分钟线数据
2026-02-15 22:42:01,896 - main - INFO - 600036 增量更新完成，新增/更新 1 条数据
2026-02-15 22:42:02,900 - database.db_manager - INFO - 数据库连接已关闭
2026-02-15 22:42:02,901 - main - INFO - 系统已关闭
2026-02-15 22:42:02,901 - __main__ - INFO - 
============================================================
2026-02-15 22:42:02,901 - __main__ - INFO - 下载任务完成统计:
2026-02-15 22:42:02,901 - __main__ - INFO - 耗时: 25.72 秒
2026-02-15 22:42:02,901 - __main__ - INFO - 日线数据: 成功 3 / 失败 0
2026-02-15 22:42:02,901 - __main__ - INFO - 分钟线数据: 成功 15 / 失败 0
2026-02-15 22:42:02,901 - __main__ - INFO - ============================================================
2026-02-15 22:42:27,826 - __main__ - INFO - ============================================================
2026-02-15 22:42:27,826 - __main__ - INFO - 开始执行自动下载任务...
2026-02-15 22:42:27,826 - __main__ - INFO - 目标股票数量: 8
2026-02-15 22:42:27,826 - __main__ - INFO - 目标分钟线周期: ['1', '5', '15', '30', '60']
2026-02-15 22:42:27,826 - __main__ - INFO - ============================================================
2026-02-15 22:42:27,826 - main - INFO - ============================================================
2026-02-15 22:42:27,826 - main - INFO - 股票分析系统启动中...
2026-02-15 22:42:27,826 - main - INFO - ============================================================
2026-02-15 22:42:27,836 - __main__ - ERROR - 初始化 StockAnalyzer 失败: No module named 'pymysql'
2026-02-15 22:42:36,688 - __main__ - INFO - ============================================================
2026-02-15 22:42:36,688 - __main__ - INFO - 开始执行自动下载任务...
2026-02-15 22:42:36,688 - __main__ - INFO - 目标股票数量: 8
2026-02-15 22:42:36,688 - __main__ - INFO - 目标分钟线周期: ['1', '5', '15', '30', '60']
2026-02-15 22:42:36,688 - __main__ - INFO - ============================================================
2026-02-15 22:42:36,688 - main - INFO - ============================================================
2026-02-15 22:42:36,688 - main - INFO - 股票分析系统启动中...
2026-02-15 22:42:36,688 - main - INFO - ============================================================
2026-02-15 22:42:36,698 - __main__ - ERROR - 初始化 StockAnalyzer 失败: No module named 'pymysql'
2026-02-15 22:42:45,709 - __main__ - INFO - ============================================================
2026-02-15 22:42:45,709 - __main__ - INFO - 开始执行自动下载任务...
2026-02-15 22:42:45,709 - __main__ - INFO - 目标股票数量: 8
2026-02-15 22:42:45,709 - __main__ - INFO - 目标分钟线周期: ['1', '5', '15', '30', '60']
2026-02-15 22:42:45,709 - __main__ - INFO - ============================================================
2026-02-15 22:42:45,709 - main - INFO - ============================================================
2026-02-15 22:42:45,709 - main - INFO - 股票分析系统启动中...
2026-02-15 22:42:45,709 - main - INFO - ============================================================
2026-02-15 22:42:45,751 - database.db_manager - INFO - 成功连接到数据库: stock_data_v2602
2026-02-15 22:42:45,759 - database.db_manager - INFO - 数据库表创建成功
2026-02-15 22:42:46,009 - downloaders.data_downloader - INFO - AKShare API初始化成功
2026-02-15 22:42:46,009 - main - INFO - 系统初始化完成
2026-02-15 22:42:46,009 - __main__ - INFO - 
--- 开始下载日线数据 ---
2026-02-15 22:42:46,009 - __main__ - INFO - 处理股票: 000001
2026-02-15 22:42:46,015 - __main__ - INFO - 数据库中已存在 000001 的日线数据，最新日期: 2026-02-13，执行增量更新
2026-02-15 22:42:46,015 - main - INFO - 开始增量更新 000001 的日线数据...
2026-02-15 22:42:46,016 - main - INFO - 数据库最新日期: 2026-02-13，从 2026-02-14 开始更新
2026-02-15 22:42:46,286 - downloaders.data_downloader - WARNING - 股票 000001 没有数据
2026-02-15 22:42:46,287 - main - INFO - 000001 无新数据需要更新
2026-02-15 22:42:47,292 - __main__ - INFO - 处理股票: 600000
2026-02-15 22:42:47,300 - __main__ - INFO - 数据库中已存在 600000 的日线数据，最新日期: 2026-02-13，执行增量更新
2026-02-15 22:42:47,300 - main - INFO - 开始增量更新 600000 的日线数据...
2026-02-15 22:42:47,305 - main - INFO - 数据库最新日期: 2026-02-13，从 2026-02-14 开始更新
2026-02-15 22:42:47,562 - downloaders.data_downloader - WARNING - 股票 600000 没有数据
2026-02-15 22:42:47,563 - main - INFO - 600000 无新数据需要更新
2026-02-15 22:42:48,568 - __main__ - INFO - 处理股票: 600036
2026-02-15 22:42:48,575 - __main__ - INFO - 数据库中已存在 600036 的日线数据，最新日期: 2026-02-13，执行增量更新
2026-02-15 22:42:48,575 - main - INFO - 开始增量更新 600036 的日线数据...
2026-02-15 22:42:48,578 - main - INFO - 数据库最新日期: 2026-02-13，从 2026-02-14 开始更新
2026-02-15 22:42:48,793 - downloaders.data_downloader - WARNING - 股票 600036 没有数据
2026-02-15 22:42:48,793 - main - INFO - 600036 无新数据需要更新
2026-02-15 22:42:49,794 - __main__ - INFO - 处理股票: 600030
2026-02-15 22:42:49,798 - __main__ - INFO - 数据库中不存在 600030 的日线数据，执行全量下载
2026-02-15 22:42:49,798 - main - INFO - 开始下载 600030 的日线数据...
2026-02-15 22:42:50,432 - downloaders.data_downloader - INFO - 成功下载 600030 的日线数据，共 5515 条
2026-02-15 22:43:00,864 - database.storage_service - INFO - 成功保存 5515 条日线数据
2026-02-15 22:43:00,865 - main - INFO - 600030 日线数据下载并保存成功，共 5515 条
2026-02-15 22:43:01,870 - __main__ - INFO - 处理股票: 600031
2026-02-15 22:43:01,875 - __main__ - INFO - 数据库中不存在 600031 的日线数据，执行全量下载
2026-02-15 22:43:01,875 - main - INFO - 开始下载 600031 的日线数据...
2026-02-15 22:43:02,395 - downloaders.data_downloader - INFO - 成功下载 600031 的日线数据，共 5448 条
2026-02-15 22:43:12,607 - database.storage_service - INFO - 成功保存 5448 条日线数据
2026-02-15 22:43:12,608 - main - INFO - 600031 日线数据下载并保存成功，共 5448 条
2026-02-15 22:43:13,610 - __main__ - INFO - 处理股票: 600032
2026-02-15 22:43:13,613 - __main__ - INFO - 数据库中不存在 600032 的日线数据，执行全量下载
2026-02-15 22:43:13,613 - main - INFO - 开始下载 600032 的日线数据...
2026-02-15 22:43:13,955 - downloaders.data_downloader - INFO - 成功下载 600032 的日线数据，共 1150 条
2026-02-15 22:43:15,943 - database.storage_service - INFO - 成功保存 1150 条日线数据
2026-02-15 22:43:15,943 - main - INFO - 600032 日线数据下载并保存成功，共 1150 条
2026-02-15 22:43:16,948 - __main__ - INFO - 处理股票: 600033
2026-02-15 22:43:16,955 - __main__ - INFO - 数据库中不存在 600033 的日线数据，执行全量下载
2026-02-15 22:43:16,955 - main - INFO - 开始下载 600033 的日线数据...
2026-02-15 22:43:17,491 - downloaders.data_downloader - INFO - 成功下载 600033 的日线数据，共 6028 条
2026-02-15 22:43:29,038 - database.storage_service - INFO - 成功保存 6028 条日线数据
2026-02-15 22:43:29,040 - main - INFO - 600033 日线数据下载并保存成功，共 6028 条
2026-02-15 22:43:30,044 - __main__ - INFO - 处理股票: 600034
2026-02-15 22:43:30,050 - __main__ - INFO - 数据库中不存在 600034 的日线数据，执行全量下载
2026-02-15 22:43:30,050 - main - INFO - 开始下载 600034 的日线数据...
2026-02-15 22:43:30,286 - downloaders.data_downloader - WARNING - 股票 600034 没有数据
2026-02-15 22:43:30,286 - main - WARNING - 600034 没有数据
2026-02-15 22:43:30,286 - __main__ - ERROR - 股票 600034 日线数据全量下载失败
2026-02-15 22:43:31,292 - __main__ - INFO - 
--- 开始下载分钟线数据 ---
2026-02-15 22:43:31,292 - __main__ - INFO - 处理股票 000001 - 1分钟线
2026-02-15 22:43:31,300 - __main__ - INFO - 数据库中已存在 000001 的1分钟线数据，最新时间: 2026-02-13 15:00:00，执行增量更新
2026-02-15 22:43:31,300 - main - INFO - 开始增量更新 000001 的1分钟线数据...
2026-02-15 22:43:31,304 - main - INFO - 数据库最新时间: 2026-02-13 15:00:00，开始增量更新
2026-02-15 22:43:31,664 - downloaders.data_downloader - INFO - 成功下载 000001 的1分钟线数据，共 1 条
2026-02-15 22:43:31,673 - database.storage_service - INFO - 成功保存 1 条分钟线数据
2026-02-15 22:43:31,674 - main - INFO - 000001 增量更新完成，新增/更新 1 条数据
2026-02-15 22:43:32,679 - __main__ - INFO - 处理股票 000001 - 5分钟线
2026-02-15 22:43:32,685 - __main__ - INFO - 数据库中已存在 000001 的5分钟线数据，最新时间: 2026-02-13 15:00:00，执行增量更新
2026-02-15 22:43:32,686 - main - INFO - 开始增量更新 000001 的5分钟线数据...
2026-02-15 22:43:32,690 - main - INFO - 数据库最新时间: 2026-02-13 15:00:00，开始增量更新
2026-02-15 22:43:33,059 - downloaders.data_downloader - INFO - 成功下载 000001 的5分钟线数据，共 1 条
2026-02-15 22:43:33,066 - database.storage_service - INFO - 成功保存 1 条分钟线数据
2026-02-15 22:43:33,066 - main - INFO - 000001 增量更新完成，新增/更新 1 条数据
2026-02-15 22:43:34,071 - __main__ - INFO - 处理股票 000001 - 15分钟线
2026-02-15 22:43:34,075 - __main__ - INFO - 数据库中已存在 000001 的15分钟线数据，最新时间: 2026-02-13 15:00:00，执行增量更新
2026-02-15 22:43:34,075 - main - INFO - 开始增量更新 000001 的15分钟线数据...
2026-02-15 22:43:34,077 - main - INFO - 数据库最新时间: 2026-02-13 15:00:00，开始增量更新
2026-02-15 22:43:34,417 - downloaders.data_downloader - INFO - 成功下载 000001 的15分钟线数据，共 1 条
2026-02-15 22:43:34,424 - database.storage_service - INFO - 成功保存 1 条分钟线数据
2026-02-15 22:43:34,425 - main - INFO - 000001 增量更新完成，新增/更新 1 条数据
2026-02-15 22:43:35,430 - __main__ - INFO - 处理股票 000001 - 30分钟线
2026-02-15 22:43:35,437 - __main__ - INFO - 数据库中已存在 000001 的30分钟线数据，最新时间: 2026-02-13 15:00:00，执行增量更新
2026-02-15 22:43:35,437 - main - INFO - 开始增量更新 000001 的30分钟线数据...
2026-02-15 22:43:35,441 - main - INFO - 数据库最新时间: 2026-02-13 15:00:00，开始增量更新
2026-02-15 22:43:35,739 - downloaders.data_downloader - INFO - 成功下载 000001 的30分钟线数据，共 1 条
2026-02-15 22:43:35,746 - database.storage_service - INFO - 成功保存 1 条分钟线数据
2026-02-15 22:43:35,746 - main - INFO - 000001 增量更新完成，新增/更新 1 条数据
2026-02-15 22:43:36,751 - __main__ - INFO - 处理股票 000001 - 60分钟线
2026-02-15 22:43:36,755 - __main__ - INFO - 数据库中已存在 000001 的60分钟线数据，最新时间: 2026-02-13 15:00:00，执行增量更新
2026-02-15 22:43:36,755 - main - INFO - 开始增量更新 000001 的60分钟线数据...
2026-02-15 22:43:36,757 - main - INFO - 数据库最新时间: 2026-02-13 15:00:00，开始增量更新
2026-02-15 22:43:37,128 - downloaders.data_downloader - INFO - 成功下载 000001 的60分钟线数据，共 1 条
2026-02-15 22:43:37,132 - database.storage_service - INFO - 成功保存 1 条分钟线数据
2026-02-15 22:43:37,132 - main - INFO - 000001 增量更新完成，新增/更新 1 条数据
2026-02-15 22:43:38,137 - __main__ - INFO - 处理股票 600000 - 1分钟线
2026-02-15 22:43:38,139 - __main__ - INFO - 数据库中已存在 600000 的1分钟线数据，最新时间: 2026-02-13 15:00:00，执行增量更新
2026-02-15 22:43:38,139 - main - INFO - 开始增量更新 600000 的1分钟线数据...
2026-02-15 22:43:38,140 - main - INFO - 数据库最新时间: 2026-02-13 15:00:00，开始增量更新
2026-02-15 22:43:38,500 - downloaders.data_downloader - INFO - 成功下载 600000 的1分钟线数据，共 1 条
2026-02-15 22:43:38,506 - database.storage_service - INFO - 成功保存 1 条分钟线数据
2026-02-15 22:43:38,506 - main - INFO - 600000 增量更新完成，新增/更新 1 条数据
2026-02-15 22:43:39,512 - __main__ - INFO - 处理股票 600000 - 5分钟线
2026-02-15 22:43:39,518 - __main__ - INFO - 数据库中已存在 600000 的5分钟线数据，最新时间: 2026-02-13 15:00:00，执行增量更新
2026-02-15 22:43:39,518 - main - INFO - 开始增量更新 600000 的5分钟线数据...
2026-02-15 22:43:39,524 - main - INFO - 数据库最新时间: 2026-02-13 15:00:00，开始增量更新
2026-02-15 22:43:39,904 - downloaders.data_downloader - INFO - 成功下载 600000 的5分钟线数据，共 1 条
2026-02-15 22:43:39,910 - database.storage_service - INFO - 成功保存 1 条分钟线数据
2026-02-15 22:43:39,910 - main - INFO - 600000 增量更新完成，新增/更新 1 条数据
2026-02-15 22:43:40,916 - __main__ - INFO - 处理股票 600000 - 15分钟线
2026-02-15 22:43:40,922 - __main__ - INFO - 数据库中已存在 600000 的15分钟线数据，最新时间: 2026-02-13 15:00:00，执行增量更新
2026-02-15 22:43:40,922 - main - INFO - 开始增量更新 600000 的15分钟线数据...
2026-02-15 22:43:40,926 - main - INFO - 数据库最新时间: 2026-02-13 15:00:00，开始增量更新
2026-02-15 22:43:41,297 - downloaders.data_downloader - INFO - 成功下载 600000 的15分钟线数据，共 1 条
2026-02-15 22:43:41,304 - database.storage_service - INFO - 成功保存 1 条分钟线数据
2026-02-15 22:43:41,304 - main - INFO - 600000 增量更新完成，新增/更新 1 条数据
2026-02-15 22:43:42,310 - __main__ - INFO - 处理股票 600000 - 30分钟线
2026-02-15 22:43:42,317 - __main__ - INFO - 数据库中已存在 600000 的30分钟线数据，最新时间: 2026-02-13 15:00:00，执行增量更新
2026-02-15 22:43:42,317 - main - INFO - 开始增量更新 600000 的30分钟线数据...
2026-02-15 22:43:42,320 - main - INFO - 数据库最新时间: 2026-02-13 15:00:00，开始增量更新
2026-02-15 22:43:42,611 - downloaders.data_downloader - INFO - 成功下载 600000 的30分钟线数据，共 1 条
2026-02-15 22:43:42,615 - database.storage_service - INFO - 成功保存 1 条分钟线数据
2026-02-15 22:43:42,615 - main - INFO - 600000 增量更新完成，新增/更新 1 条数据
2026-02-15 22:43:43,618 - __main__ - INFO - 处理股票 600000 - 60分钟线
2026-02-15 22:43:43,620 - __main__ - INFO - 数据库中已存在 600000 的60分钟线数据，最新时间: 2026-02-13 15:00:00，执行增量更新
2026-02-15 22:43:43,620 - main - INFO - 开始增量更新 600000 的60分钟线数据...
2026-02-15 22:43:43,622 - main - INFO - 数据库最新时间: 2026-02-13 15:00:00，开始增量更新
2026-02-15 22:43:44,270 - downloaders.data_downloader - INFO - 成功下载 600000 的60分钟线数据，共 1 条
2026-02-15 22:43:44,277 - database.storage_service - INFO - 成功保存 1 条分钟线数据
2026-02-15 22:43:44,277 - main - INFO - 600000 增量更新完成，新增/更新 1 条数据
2026-02-15 22:43:45,283 - __main__ - INFO - 处理股票 600036 - 1分钟线
2026-02-15 22:43:45,286 - __main__ - INFO - 数据库中已存在 600036 的1分钟线数据，最新时间: 2026-02-13 15:00:00，执行增量更新
2026-02-15 22:43:45,287 - main - INFO - 开始增量更新 600036 的1分钟线数据...
2026-02-15 22:43:45,289 - main - INFO - 数据库最新时间: 2026-02-13 15:00:00，开始增量更新
2026-02-15 22:43:45,628 - downloaders.data_downloader - INFO - 成功下载 600036 的1分钟线数据，共 1 条
2026-02-15 22:43:45,635 - database.storage_service - INFO - 成功保存 1 条分钟线数据
2026-02-15 22:43:45,635 - main - INFO - 600036 增量更新完成，新增/更新 1 条数据
2026-02-15 22:43:46,641 - __main__ - INFO - 处理股票 600036 - 5分钟线
2026-02-15 22:43:46,645 - __main__ - INFO - 数据库中已存在 600036 的5分钟线数据，最新时间: 2026-02-13 15:00:00，执行增量更新
2026-02-15 22:43:46,645 - main - INFO - 开始增量更新 600036 的5分钟线数据...
2026-02-15 22:43:46,648 - main - INFO - 数据库最新时间: 2026-02-13 15:00:00，开始增量更新
2026-02-15 22:43:46,966 - downloaders.data_downloader - INFO - 成功下载 600036 的5分钟线数据，共 1 条
2026-02-15 22:43:46,970 - database.storage_service - INFO - 成功保存 1 条分钟线数据
2026-02-15 22:43:46,970 - main - INFO - 600036 增量更新完成，新增/更新 1 条数据
2026-02-15 22:43:47,975 - __main__ - INFO - 处理股票 600036 - 15分钟线
2026-02-15 22:43:47,978 - __main__ - INFO - 数据库中已存在 600036 的15分钟线数据，最新时间: 2026-02-13 15:00:00，执行增量更新
2026-02-15 22:43:47,978 - main - INFO - 开始增量更新 600036 的15分钟线数据...
2026-02-15 22:43:47,979 - main - INFO - 数据库最新时间: 2026-02-13 15:00:00，开始增量更新
2026-02-15 22:43:48,285 - downloaders.data_downloader - INFO - 成功下载 600036 的15分钟线数据，共 1 条
2026-02-15 22:43:48,289 - database.storage_service - INFO - 成功保存 1 条分钟线数据
2026-02-15 22:43:48,289 - main - INFO - 600036 增量更新完成，新增/更新 1 条数据
2026-02-15 22:43:49,294 - __main__ - INFO - 处理股票 600036 - 30分钟线
2026-02-15 22:43:49,300 - __main__ - INFO - 数据库中已存在 600036 的30分钟线数据，最新时间: 2026-02-13 15:00:00，执行增量更新
2026-02-15 22:43:49,301 - main - INFO - 开始增量更新 600036 的30分钟线数据...
2026-02-15 22:43:49,306 - main - INFO - 数据库最新时间: 2026-02-13 15:00:00，开始增量更新
2026-02-15 22:43:49,561 - downloaders.data_downloader - INFO - 成功下载 600036 的30分钟线数据，共 1 条
2026-02-15 22:43:49,564 - database.storage_service - INFO - 成功保存 1 条分钟线数据
2026-02-15 22:43:49,564 - main - INFO - 600036 增量更新完成，新增/更新 1 条数据
2026-02-15 22:43:50,570 - __main__ - INFO - 处理股票 600036 - 60分钟线
2026-02-15 22:43:50,576 - __main__ - INFO - 数据库中已存在 600036 的60分钟线数据，最新时间: 2026-02-13 15:00:00，执行增量更新
2026-02-15 22:43:50,576 - main - INFO - 开始增量更新 600036 的60分钟线数据...
2026-02-15 22:43:50,581 - main - INFO - 数据库最新时间: 2026-02-13 15:00:00，开始增量更新
2026-02-15 22:43:50,847 - downloaders.data_downloader - INFO - 成功下载 600036 的60分钟线数据，共 1 条
2026-02-15 22:43:50,854 - database.storage_service - INFO - 成功保存 1 条分钟线数据
2026-02-15 22:43:50,854 - main - INFO - 600036 增量更新完成，新增/更新 1 条数据
2026-02-15 22:43:51,859 - __main__ - INFO - 处理股票 600030 - 1分钟线
2026-02-15 22:43:51,866 - __main__ - INFO - 数据库中不存在 600030 的1分钟线数据，执行全量下载
2026-02-15 22:43:51,867 - main - INFO - 开始下载 600030 的1分钟线数据...
2026-02-15 22:43:52,218 - downloaders.data_downloader - INFO - 成功下载 600030 的1分钟线数据，共 1205 条
2026-02-15 22:43:54,067 - database.storage_service - INFO - 成功保存 1205 条分钟线数据
2026-02-15 22:43:54,067 - main - INFO - 600030 1分钟线数据下载并保存成功，共 1205 条
2026-02-15 22:43:55,071 - __main__ - INFO - 处理股票 600030 - 5分钟线
2026-02-15 22:43:55,074 - __main__ - INFO - 数据库中已存在 600030 的5分钟线数据，最新时间: 2026-02-13 15:00:00，执行增量更新
2026-02-15 22:43:55,074 - main - INFO - 开始增量更新 600030 的5分钟线数据...
2026-02-15 22:43:55,076 - main - INFO - 数据库最新时间: 2026-02-13 15:00:00，开始增量更新
2026-02-15 22:43:55,418 - downloaders.data_downloader - INFO - 成功下载 600030 的5分钟线数据，共 1 条
2026-02-15 22:43:55,425 - database.storage_service - INFO - 成功保存 1 条分钟线数据
2026-02-15 22:43:55,425 - main - INFO - 600030 增量更新完成，新增/更新 1 条数据
2026-02-15 22:43:56,426 - __main__ - INFO - 处理股票 600030 - 15分钟线
2026-02-15 22:43:56,432 - __main__ - INFO - 数据库中已存在 600030 的15分钟线数据，最新时间: 2026-02-13 15:00:00，执行增量更新
2026-02-15 22:43:56,433 - main - INFO - 开始增量更新 600030 的15分钟线数据...
2026-02-15 22:43:56,437 - main - INFO - 数据库最新时间: 2026-02-13 15:00:00，开始增量更新
2026-02-15 22:43:56,747 - downloaders.data_downloader - INFO - 成功下载 600030 的15分钟线数据，共 1 条
2026-02-15 22:43:56,751 - database.storage_service - INFO - 成功保存 1 条分钟线数据
2026-02-15 22:43:56,751 - main - INFO - 600030 增量更新完成，新增/更新 1 条数据
2026-02-15 22:43:57,756 - __main__ - INFO - 处理股票 600030 - 30分钟线
2026-02-15 22:43:57,758 - __main__ - INFO - 数据库中已存在 600030 的30分钟线数据，最新时间: 2026-02-13 15:00:00，执行增量更新
2026-02-15 22:43:57,759 - main - INFO - 开始增量更新 600030 的30分钟线数据...
2026-02-15 22:43:57,760 - main - INFO - 数据库最新时间: 2026-02-13 15:00:00，开始增量更新
2026-02-15 22:43:58,038 - downloaders.data_downloader - INFO - 成功下载 600030 的30分钟线数据，共 1 条
2026-02-15 22:43:58,044 - database.storage_service - INFO - 成功保存 1 条分钟线数据
2026-02-15 22:43:58,044 - main - INFO - 600030 增量更新完成，新增/更新 1 条数据
2026-02-15 22:43:59,050 - __main__ - INFO - 处理股票 600030 - 60分钟线
2026-02-15 22:43:59,054 - __main__ - INFO - 数据库中已存在 600030 的60分钟线数据，最新时间: 2026-02-13 15:00:00，执行增量更新
2026-02-15 22:43:59,055 - main - INFO - 开始增量更新 600030 的60分钟线数据...
2026-02-15 22:43:59,058 - main - INFO - 数据库最新时间: 2026-02-13 15:00:00，开始增量更新
2026-02-15 22:43:59,289 - downloaders.data_downloader - INFO - 成功下载 600030 的60分钟线数据，共 1 条
2026-02-15 22:43:59,297 - database.storage_service - INFO - 成功保存 1 条分钟线数据
2026-02-15 22:43:59,297 - main - INFO - 600030 增量更新完成，新增/更新 1 条数据
2026-02-15 22:44:00,302 - __main__ - INFO - 处理股票 600031 - 1分钟线
2026-02-15 22:44:00,308 - __main__ - INFO - 数据库中不存在 600031 的1分钟线数据，执行全量下载
2026-02-15 22:44:00,308 - main - INFO - 开始下载 600031 的1分钟线数据...
2026-02-15 22:44:00,681 - downloaders.data_downloader - INFO - 成功下载 600031 的1分钟线数据，共 1205 条
2026-02-15 22:44:02,645 - database.storage_service - INFO - 成功保存 1205 条分钟线数据
2026-02-15 22:44:02,645 - main - INFO - 600031 1分钟线数据下载并保存成功，共 1205 条
2026-02-15 22:44:03,651 - __main__ - INFO - 处理股票 600031 - 5分钟线
2026-02-15 22:44:03,658 - __main__ - INFO - 数据库中已存在 600031 的5分钟线数据，最新时间: 2026-02-13 15:00:00，执行增量更新
2026-02-15 22:44:03,659 - main - INFO - 开始增量更新 600031 的5分钟线数据...
2026-02-15 22:44:03,667 - main - INFO - 数据库最新时间: 2026-02-13 15:00:00，开始增量更新
2026-02-15 22:44:03,995 - downloaders.data_downloader - INFO - 成功下载 600031 的5分钟线数据，共 1 条
2026-02-15 22:44:04,002 - database.storage_service - INFO - 成功保存 1 条分钟线数据
2026-02-15 22:44:04,002 - main - INFO - 600031 增量更新完成，新增/更新 1 条数据
2026-02-15 22:44:05,008 - __main__ - INFO - 处理股票 600031 - 15分钟线
2026-02-15 22:44:05,014 - __main__ - INFO - 数据库中已存在 600031 的15分钟线数据，最新时间: 2026-02-13 15:00:00，执行增量更新
2026-02-15 22:44:05,015 - main - INFO - 开始增量更新 600031 的15分钟线数据...
2026-02-15 22:44:05,020 - main - INFO - 数据库最新时间: 2026-02-13 15:00:00，开始增量更新
2026-02-15 22:44:05,449 - downloaders.data_downloader - INFO - 成功下载 600031 的15分钟线数据，共 1 条
2026-02-15 22:44:05,455 - database.storage_service - INFO - 成功保存 1 条分钟线数据
2026-02-15 22:44:05,456 - main - INFO - 600031 增量更新完成，新增/更新 1 条数据
2026-02-15 22:44:06,457 - __main__ - INFO - 处理股票 600031 - 30分钟线
2026-02-15 22:44:06,461 - __main__ - INFO - 数据库中已存在 600031 的30分钟线数据，最新时间: 2026-02-13 15:00:00，执行增量更新
2026-02-15 22:44:06,461 - main - INFO - 开始增量更新 600031 的30分钟线数据...
2026-02-15 22:44:06,463 - main - INFO - 数据库最新时间: 2026-02-13 15:00:00，开始增量更新
2026-02-15 22:44:06,735 - downloaders.data_downloader - INFO - 成功下载 600031 的30分钟线数据，共 1 条
2026-02-15 22:44:06,742 - database.storage_service - INFO - 成功保存 1 条分钟线数据
2026-02-15 22:44:06,743 - main - INFO - 600031 增量更新完成，新增/更新 1 条数据
2026-02-15 22:44:07,748 - __main__ - INFO - 处理股票 600031 - 60分钟线
2026-02-15 22:44:07,752 - __main__ - INFO - 数据库中已存在 600031 的60分钟线数据，最新时间: 2026-02-13 15:00:00，执行增量更新
2026-02-15 22:44:07,753 - main - INFO - 开始增量更新 600031 的60分钟线数据...
2026-02-15 22:44:07,755 - main - INFO - 数据库最新时间: 2026-02-13 15:00:00，开始增量更新
2026-02-15 22:44:08,187 - downloaders.data_downloader - INFO - 成功下载 600031 的60分钟线数据，共 1 条
2026-02-15 22:44:08,194 - database.storage_service - INFO - 成功保存 1 条分钟线数据
2026-02-15 22:44:08,194 - main - INFO - 600031 增量更新完成，新增/更新 1 条数据
2026-02-15 22:44:09,199 - __main__ - INFO - 处理股票 600032 - 1分钟线
2026-02-15 22:44:09,203 - __main__ - INFO - 数据库中不存在 600032 的1分钟线数据，执行全量下载
2026-02-15 22:44:09,204 - main - INFO - 开始下载 600032 的1分钟线数据...
2026-02-15 22:44:09,516 - downloaders.data_downloader - INFO - 成功下载 600032 的1分钟线数据，共 1205 条
2026-02-15 22:44:11,227 - database.storage_service - INFO - 成功保存 1205 条分钟线数据
2026-02-15 22:44:11,227 - main - INFO - 600032 1分钟线数据下载并保存成功，共 1205 条
2026-02-15 22:44:12,233 - __main__ - INFO - 处理股票 600032 - 5分钟线
2026-02-15 22:44:12,240 - __main__ - INFO - 数据库中已存在 600032 的5分钟线数据，最新时间: 2026-02-13 15:00:00，执行增量更新
2026-02-15 22:44:12,241 - main - INFO - 开始增量更新 600032 的5分钟线数据...
2026-02-15 22:44:12,245 - main - INFO - 数据库最新时间: 2026-02-13 15:00:00，开始增量更新
2026-02-15 22:44:12,567 - downloaders.data_downloader - INFO - 成功下载 600032 的5分钟线数据，共 1 条
2026-02-15 22:44:12,573 - database.storage_service - INFO - 成功保存 1 条分钟线数据
2026-02-15 22:44:12,573 - main - INFO - 600032 增量更新完成，新增/更新 1 条数据
2026-02-15 22:44:13,578 - __main__ - INFO - 处理股票 600032 - 15分钟线
2026-02-15 22:44:13,584 - __main__ - INFO - 数据库中已存在 600032 的15分钟线数据，最新时间: 2026-02-13 15:00:00，执行增量更新
2026-02-15 22:44:13,585 - main - INFO - 开始增量更新 600032 的15分钟线数据...
2026-02-15 22:44:13,588 - main - INFO - 数据库最新时间: 2026-02-13 15:00:00，开始增量更新
2026-02-15 22:44:13,915 - downloaders.data_downloader - INFO - 成功下载 600032 的15分钟线数据，共 1 条
2026-02-15 22:44:13,920 - database.storage_service - INFO - 成功保存 1 条分钟线数据
2026-02-15 22:44:13,920 - main - INFO - 600032 增量更新完成，新增/更新 1 条数据
2026-02-15 22:44:14,921 - __main__ - INFO - 处理股票 600032 - 30分钟线
2026-02-15 22:44:14,924 - __main__ - INFO - 数据库中已存在 600032 的30分钟线数据，最新时间: 2026-02-13 15:00:00，执行增量更新
2026-02-15 22:44:14,924 - main - INFO - 开始增量更新 600032 的30分钟线数据...
2026-02-15 22:44:14,926 - main - INFO - 数据库最新时间: 2026-02-13 15:00:00，开始增量更新
2026-02-15 22:44:15,165 - downloaders.data_downloader - INFO - 成功下载 600032 的30分钟线数据，共 1 条
2026-02-15 22:44:15,169 - database.storage_service - INFO - 成功保存 1 条分钟线数据
2026-02-15 22:44:15,169 - main - INFO - 600032 增量更新完成，新增/更新 1 条数据
2026-02-15 22:44:16,170 - __main__ - INFO - 处理股票 600032 - 60分钟线
2026-02-15 22:44:16,173 - __main__ - INFO - 数据库中已存在 600032 的60分钟线数据，最新时间: 2026-02-13 15:00:00，执行增量更新
2026-02-15 22:44:16,173 - main - INFO - 开始增量更新 600032 的60分钟线数据...
2026-02-15 22:44:16,175 - main - INFO - 数据库最新时间: 2026-02-13 15:00:00，开始增量更新
2026-02-15 22:44:16,443 - downloaders.data_downloader - INFO - 成功下载 600032 的60分钟线数据，共 1 条
2026-02-15 22:44:16,450 - database.storage_service - INFO - 成功保存 1 条分钟线数据
2026-02-15 22:44:16,451 - main - INFO - 600032 增量更新完成，新增/更新 1 条数据
2026-02-15 22:44:17,456 - __main__ - INFO - 处理股票 600033 - 1分钟线
2026-02-15 22:44:17,460 - __main__ - INFO - 数据库中不存在 600033 的1分钟线数据，执行全量下载
2026-02-15 22:44:17,460 - main - INFO - 开始下载 600033 的1分钟线数据...
2026-02-15 22:44:17,769 - downloaders.data_downloader - INFO - 成功下载 600033 的1分钟线数据，共 1205 条
2026-02-15 22:44:19,554 - database.storage_service - INFO - 成功保存 1205 条分钟线数据
2026-02-15 22:44:19,555 - main - INFO - 600033 1分钟线数据下载并保存成功，共 1205 条
2026-02-15 22:44:20,556 - __main__ - INFO - 处理股票 600033 - 5分钟线
2026-02-15 22:44:20,560 - __main__ - INFO - 数据库中已存在 600033 的5分钟线数据，最新时间: 2026-02-13 15:00:00，执行增量更新
2026-02-15 22:44:20,560 - main - INFO - 开始增量更新 600033 的5分钟线数据...
2026-02-15 22:44:20,563 - main - INFO - 数据库最新时间: 2026-02-13 15:00:00，开始增量更新
2026-02-15 22:44:20,894 - downloaders.data_downloader - INFO - 成功下载 600033 的5分钟线数据，共 1 条
2026-02-15 22:44:20,901 - database.storage_service - INFO - 成功保存 1 条分钟线数据
2026-02-15 22:44:20,901 - main - INFO - 600033 增量更新完成，新增/更新 1 条数据
2026-02-15 22:44:21,906 - __main__ - INFO - 处理股票 600033 - 15分钟线
2026-02-15 22:44:21,912 - __main__ - INFO - 数据库中已存在 600033 的15分钟线数据，最新时间: 2026-02-13 15:00:00，执行增量更新
2026-02-15 22:44:21,912 - main - INFO - 开始增量更新 600033 的15分钟线数据...
2026-02-15 22:44:21,915 - main - INFO - 数据库最新时间: 2026-02-13 15:00:00，开始增量更新
2026-02-15 22:44:22,207 - downloaders.data_downloader - INFO - 成功下载 600033 的15分钟线数据，共 1 条
2026-02-15 22:44:22,214 - database.storage_service - INFO - 成功保存 1 条分钟线数据
2026-02-15 22:44:22,215 - main - INFO - 600033 增量更新完成，新增/更新 1 条数据
2026-02-15 22:44:23,220 - __main__ - INFO - 处理股票 600033 - 30分钟线
2026-02-15 22:44:23,227 - __main__ - INFO - 数据库中已存在 600033 的30分钟线数据，最新时间: 2026-02-13 15:00:00，执行增量更新
2026-02-15 22:44:23,227 - main - INFO - 开始增量更新 600033 的30分钟线数据...
2026-02-15 22:44:23,231 - main - INFO - 数据库最新时间: 2026-02-13 15:00:00，开始增量更新
2026-02-15 22:44:23,464 - downloaders.data_downloader - INFO - 成功下载 600033 的30分钟线数据，共 1 条
2026-02-15 22:44:23,471 - database.storage_service - INFO - 成功保存 1 条分钟线数据
2026-02-15 22:44:23,471 - main - INFO - 600033 增量更新完成，新增/更新 1 条数据
2026-02-15 22:44:24,476 - __main__ - INFO - 处理股票 600033 - 60分钟线
2026-02-15 22:44:24,483 - __main__ - INFO - 数据库中已存在 600033 的60分钟线数据，最新时间: 2026-02-13 15:00:00，执行增量更新
2026-02-15 22:44:24,484 - main - INFO - 开始增量更新 600033 的60分钟线数据...
2026-02-15 22:44:24,488 - main - INFO - 数据库最新时间: 2026-02-13 15:00:00，开始增量更新
2026-02-15 22:44:24,762 - downloaders.data_downloader - INFO - 成功下载 600033 的60分钟线数据，共 1 条
2026-02-15 22:44:24,766 - database.storage_service - INFO - 成功保存 1 条分钟线数据
2026-02-15 22:44:24,766 - main - INFO - 600033 增量更新完成，新增/更新 1 条数据
2026-02-15 22:44:25,768 - __main__ - INFO - 处理股票 600034 - 1分钟线
2026-02-15 22:44:25,771 - __main__ - INFO - 数据库中不存在 600034 的1分钟线数据，执行全量下载
2026-02-15 22:44:25,772 - main - INFO - 开始下载 600034 的1分钟线数据...
2026-02-15 22:44:26,031 - downloaders.data_downloader - ERROR - 下载 600034 分钟线数据失败: 'NoneType' object is not subscriptable
2026-02-15 22:44:26,032 - main - WARNING - 600034 没有分钟数据
2026-02-15 22:44:26,032 - __main__ - ERROR - 股票 600034 - 1分钟线数据全量下载失败
2026-02-15 22:44:27,033 - __main__ - INFO - 处理股票 600034 - 5分钟线
2026-02-15 22:44:27,036 - __main__ - INFO - 数据库中不存在 600034 的5分钟线数据，执行全量下载
2026-02-15 22:44:27,036 - main - INFO - 开始下载 600034 的5分钟线数据...
2026-02-15 22:44:27,258 - downloaders.data_downloader - ERROR - 下载 600034 分钟线数据失败: 'NoneType' object is not subscriptable
2026-02-15 22:44:27,260 - main - WARNING - 600034 没有分钟数据
2026-02-15 22:44:27,260 - __main__ - ERROR - 股票 600034 - 5分钟线数据全量下载失败
2026-02-15 22:44:28,266 - __main__ - INFO - 处理股票 600034 - 15分钟线
2026-02-15 22:44:28,270 - __main__ - INFO - 数据库中不存在 600034 的15分钟线数据，执行全量下载
2026-02-15 22:44:28,270 - main - INFO - 开始下载 600034 的15分钟线数据...
2026-02-15 22:44:28,569 - downloaders.data_downloader - ERROR - 下载 600034 分钟线数据失败: 'NoneType' object is not subscriptable
2026-02-15 22:44:28,571 - main - WARNING - 600034 没有分钟数据
2026-02-15 22:44:28,571 - __main__ - ERROR - 股票 600034 - 15分钟线数据全量下载失败
2026-02-15 22:44:29,576 - __main__ - INFO - 处理股票 600034 - 30分钟线
2026-02-15 22:44:29,580 - __main__ - INFO - 数据库中不存在 600034 的30分钟线数据，执行全量下载
2026-02-15 22:44:29,581 - main - INFO - 开始下载 600034 的30分钟线数据...
2026-02-15 22:44:29,805 - downloaders.data_downloader - ERROR - 下载 600034 分钟线数据失败: 'NoneType' object is not subscriptable
2026-02-15 22:44:29,806 - main - WARNING - 600034 没有分钟数据
2026-02-15 22:44:29,806 - __main__ - ERROR - 股票 600034 - 30分钟线数据全量下载失败
2026-02-15 22:44:30,807 - __main__ - INFO - 处理股票 600034 - 60分钟线
2026-02-15 22:44:30,812 - __main__ - INFO - 数据库中不存在 600034 的60分钟线数据，执行全量下载
2026-02-15 22:44:30,812 - main - INFO - 开始下载 600034 的60分钟线数据...
2026-02-15 22:44:31,084 - downloaders.data_downloader - ERROR - 下载 600034 分钟线数据失败: 'NoneType' object is not subscriptable
2026-02-15 22:44:31,085 - main - WARNING - 600034 没有分钟数据
2026-02-15 22:44:31,085 - __main__ - ERROR - 股票 600034 - 60分钟线数据全量下载失败
2026-02-15 22:44:32,092 - database.db_manager - INFO - 数据库连接已关闭
2026-02-15 22:44:32,093 - main - INFO - 系统已关闭
2026-02-15 22:44:32,093 - __main__ - INFO - 
============================================================
2026-02-15 22:44:32,093 - __main__ - INFO - 下载任务完成统计:
2026-02-15 22:44:32,093 - __main__ - INFO - 耗时: 106.08 秒
2026-02-15 22:44:32,093 - __main__ - INFO - 日线数据: 成功 7 / 失败 1
2026-02-15 22:44:32,093 - __main__ - INFO - 分钟线数据: 成功 35 / 失败 5
2026-02-15 22:44:32,094 - __main__ - INFO - ============================================================
2026-02-15 22:50:09,997 - main - INFO - ============================================================
2026-02-15 22:50:09,997 - main - INFO - 股票分析系统启动中...
2026-02-15 22:50:09,997 - main - INFO - ============================================================
2026-02-15 22:50:10,049 - database.db_manager - INFO - 成功连接到数据库: stock_data_v2602
2026-02-15 22:50:10,065 - database.db_manager - INFO - 数据库表创建成功
2026-02-15 22:50:10,334 - downloaders.data_downloader - INFO - AKShare API初始化成功
2026-02-15 22:50:10,334 - main - INFO - 系统初始化完成
2026-02-15 22:50:10,334 - main - INFO - 开始获取A股股票列表...
2026-02-15 22:51:34,528 - main - INFO - 获取到 5810 只股票，开始保存到数据库...
2026-02-15 22:51:34,539 - database.storage_service - INFO - 成功保存股票信息: 300449
2026-02-15 22:51:34,543 - database.storage_service - INFO - 成功保存股票信息: 300812
2026-02-15 22:51:34,545 - database.storage_service - INFO - 成功保存股票信息: 300719
2026-02-15 22:51:34,548 - database.storage_service - INFO - 成功保存股票信息: 300251
2026-02-15 22:51:34,550 - database.storage_service - INFO - 成功保存股票信息: 688147
2026-02-15 22:51:34,552 - database.storage_service - INFO - 成功保存股票信息: 688702
2026-02-15 22:51:34,554 - database.storage_service - INFO - 成功保存股票信息: 688409
2026-02-15 22:51:34,556 - database.storage_service - INFO - 成功保存股票信息: 300486
2026-02-15 22:51:34,559 - database.storage_service - INFO - 成功保存股票信息: 688280
2026-02-15 22:51:34,562 - database.storage_service - INFO - 成功保存股票信息: 920808
2026-02-15 22:51:34,565 - database.storage_service - INFO - 成功保存股票信息: 002498
2026-02-15 22:51:34,567 - database.storage_service - INFO - 成功保存股票信息: 600984
2026-02-15 22:51:34,569 - database.storage_service - INFO - 成功保存股票信息: 920976
2026-02-15 22:51:34,571 - database.storage_service - INFO - 成功保存股票信息: 000839
2026-02-15 22:51:34,573 - database.storage_service - INFO - 成功保存股票信息: 601777
2026-02-15 22:51:34,575 - database.storage_service - INFO - 成功保存股票信息: 601890
2026-02-15 22:51:34,577 - database.storage_service - INFO - 成功保存股票信息: 000890
2026-02-15 22:51:34,579 - database.storage_service - INFO - 成功保存股票信息: 002843
2026-02-15 22:51:34,581 - database.storage_service - INFO - 成功保存股票信息: 600629
2026-02-15 22:51:34,583 - database.storage_service - INFO - 成功保存股票信息: 000859
2026-02-15 22:51:34,585 - database.storage_service - INFO - 成功保存股票信息: 002703
2026-02-15 22:51:34,587 - database.storage_service - INFO - 成功保存股票信息: 000021
2026-02-15 22:51:34,589 - database.storage_service - INFO - 成功保存股票信息: 605033
2026-02-15 22:51:34,591 - database.storage_service - INFO - 成功保存股票信息: 002355
2026-02-15 22:51:34,592 - database.storage_service - INFO - 成功保存股票信息: 600410
2026-02-15 22:51:34,594 - database.storage_service - INFO - 成功保存股票信息: 001896
2026-02-15 22:51:34,596 - database.storage_service - INFO - 成功保存股票信息: 600893
2026-02-15 22:51:34,597 - database.storage_service - INFO - 成功保存股票信息: 603960
2026-02-15 22:51:34,599 - database.storage_service - INFO - 成功保存股票信息: 002009
2026-02-15 22:51:34,601 - database.storage_service - INFO - 成功保存股票信息: 603331
2026-02-15 22:51:34,603 - database.storage_service - INFO - 成功保存股票信息: 605289
2026-02-15 22:51:34,605 - database.storage_service - INFO - 成功保存股票信息: 603533
2026-02-15 22:51:34,607 - database.storage_service - INFO - 成功保存股票信息: 603163
2026-02-15 22:51:34,609 - database.storage_service - INFO - 成功保存股票信息: 002169
2026-02-15 22:51:34,610 - database.storage_service - INFO - 成功保存股票信息: 002951
2026-02-15 22:51:34,612 - database.storage_service - INFO - 成功保存股票信息: 603466
2026-02-15 22:51:34,613 - database.storage_service - INFO - 成功保存股票信息: 605007
2026-02-15 22:51:34,615 - database.storage_service - INFO - 成功保存股票信息: 000798
2026-02-15 22:51:34,616 - database.storage_service - INFO - 成功保存股票信息: 002510
2026-02-15 22:51:34,619 - database.storage_service - INFO - 成功保存股票信息: 600791
2026-02-15 22:51:34,620 - database.storage_service - INFO - 成功保存股票信息: 300369
2026-02-15 22:51:34,623 - database.storage_service - INFO - 成功保存股票信息: 300132
2026-02-15 22:51:34,624 - database.storage_service - INFO - 成功保存股票信息: 688629
2026-02-15 22:51:34,626 - database.storage_service - INFO - 成功保存股票信息: 688031
2026-02-15 22:51:34,628 - database.storage_service - INFO - 成功保存股票信息: 300935
2026-02-15 22:51:34,629 - database.storage_service - INFO - 成功保存股票信息: 688586
2026-02-15 22:51:34,631 - database.storage_service - INFO - 成功保存股票信息: 600397
2026-02-15 22:51:34,632 - database.storage_service - INFO - 成功保存股票信息: 300589
2026-02-15 22:51:34,634 - database.storage_service - INFO - 成功保存股票信息: 301555
2026-02-15 22:51:34,637 - database.storage_service - INFO - 成功保存股票信息: 688563
2026-02-15 22:51:34,639 - database.storage_service - INFO - 成功保存股票信息: 300100
2026-02-15 22:51:34,642 - database.storage_service - INFO - 成功保存股票信息: 603090
2026-02-15 22:51:34,644 - database.storage_service - INFO - 成功保存股票信息: 001210
2026-02-15 22:51:34,646 - database.storage_service - INFO - 成功保存股票信息: 002988
2026-02-15 22:51:34,648 - database.storage_service - INFO - 成功保存股票信息: 301193
2026-02-15 22:51:34,651 - database.storage_service - INFO - 成功保存股票信息: 000738
2026-02-15 22:51:34,653 - database.storage_service - INFO - 成功保存股票信息: 301356
2026-02-15 22:51:34,656 - database.storage_service - INFO - 成功保存股票信息: 688767
2026-02-15 22:51:34,658 - database.storage_service - INFO - 成功保存股票信息: 688510
2026-02-15 22:51:34,659 - database.storage_service - INFO - 成功保存股票信息: 688533
2026-02-15 22:51:34,660 - database.storage_service - INFO - 成功保存股票信息: 605255
2026-02-15 22:51:34,662 - database.storage_service - INFO - 成功保存股票信息: 920119
2026-02-15 22:51:34,663 - database.storage_service - INFO - 成功保存股票信息: 301052
2026-02-15 22:51:34,664 - database.storage_service - INFO - 成功保存股票信息: 301051
2026-02-15 22:51:34,666 - database.storage_service - INFO - 成功保存股票信息: 300065
2026-02-15 22:51:34,668 - database.storage_service - INFO - 成功保存股票信息: 688646
2026-02-15 22:51:34,670 - database.storage_service - INFO - 成功保存股票信息: 000833
2026-02-15 22:51:34,671 - database.storage_service - INFO - 成功保存股票信息: 603103
2026-02-15 22:51:34,673 - database.storage_service - INFO - 成功保存股票信息: 300424
2026-02-15 22:51:34,675 - database.storage_service - INFO - 成功保存股票信息: 301363
2026-02-15 22:51:34,676 - database.storage_service - INFO - 成功保存股票信息: 688579
2026-02-15 22:51:34,678 - database.storage_service - INFO - 成功保存股票信息: 300567
2026-02-15 22:51:34,679 - database.storage_service - INFO - 成功保存股票信息: 603297
2026-02-15 22:51:34,681 - database.storage_service - INFO - 成功保存股票信息: 301285
2026-02-15 22:51:34,683 - database.storage_service - INFO - 成功保存股票信息: 301217
2026-02-15 22:51:34,685 - database.storage_service - INFO - 成功保存股票信息: 002655
2026-02-15 22:51:34,687 - database.storage_service - INFO - 成功保存股票信息: 301469
2026-02-15 22:51:34,689 - database.storage_service - INFO - 成功保存股票信息: 688292
2026-02-15 22:51:34,691 - database.storage_service - INFO - 成功保存股票信息: 300107
2026-02-15 22:51:34,692 - database.storage_service - INFO - 成功保存股票信息: 300766
2026-02-15 22:51:34,694 - database.storage_service - INFO - 成功保存股票信息: 300779
2026-02-15 22:51:34,696 - database.storage_service - INFO - 成功保存股票信息: 001330
2026-02-15 22:51:34,697 - database.storage_service - INFO - 成功保存股票信息: 600641
2026-02-15 22:51:34,699 - database.storage_service - INFO - 成功保存股票信息: 688001
2026-02-15 22:51:34,701 - database.storage_service - INFO - 成功保存股票信息: 301008
2026-02-15 22:51:34,703 - database.storage_service - INFO - 成功保存股票信息: 688419
2026-02-15 22:51:34,705 - database.storage_service - INFO - 成功保存股票信息: 300258
2026-02-15 22:51:34,707 - database.storage_service - INFO - 成功保存股票信息: 600977
2026-02-15 22:51:34,708 - database.storage_service - INFO - 成功保存股票信息: 000973
2026-02-15 22:51:34,710 - database.storage_service - INFO - 成功保存股票信息: 002467
2026-02-15 22:51:34,712 - database.storage_service - INFO - 成功保存股票信息: 920533
2026-02-15 22:51:34,714 - database.storage_service - INFO - 成功保存股票信息: 300718
2026-02-15 22:51:34,716 - database.storage_service - INFO - 成功保存股票信息: 688343
2026-02-15 22:51:34,719 - database.storage_service - INFO - 成功保存股票信息: 605136
2026-02-15 22:51:34,721 - database.storage_service - INFO - 成功保存股票信息: 688085
2026-02-15 22:51:34,723 - database.storage_service - INFO - 成功保存股票信息: 000638
2026-02-15 22:51:34,725 - database.storage_service - INFO - 成功保存股票信息: 301518
2026-02-15 22:51:34,727 - database.storage_service - INFO - 成功保存股票信息: 603045
2026-02-15 22:51:34,729 - database.storage_service - INFO - 成功保存股票信息: 301013
2026-02-15 22:51:34,731 - database.storage_service - INFO - 成功保存股票信息: 603021
2026-02-15 22:51:34,732 - database.storage_service - INFO - 成功保存股票信息: 000016
2026-02-15 22:51:34,734 - database.storage_service - INFO - 成功保存股票信息: 000488
2026-02-15 22:51:34,737 - database.storage_service - INFO - 成功保存股票信息: 000669
2026-02-15 22:51:34,738 - database.storage_service - INFO - 成功保存股票信息: 000004
2026-02-15 22:51:34,741 - database.storage_service - INFO - 成功保存股票信息: 000711
2026-02-15 22:51:34,743 - database.storage_service - INFO - 成功保存股票信息: 002289
2026-02-15 22:51:34,745 - database.storage_service - INFO - 成功保存股票信息: 000821
2026-02-15 22:51:34,747 - database.storage_service - INFO - 成功保存股票信息: 001270
2026-02-15 22:51:34,748 - database.storage_service - INFO - 成功保存股票信息: 603268
2026-02-15 22:51:34,750 - database.storage_service - INFO - 成功保存股票信息: 000609
2026-02-15 22:51:34,753 - database.storage_service - INFO - 成功保存股票信息: 603667
2026-02-15 22:51:34,756 - database.storage_service - INFO - 成功保存股票信息: 002647
2026-02-15 22:51:34,758 - database.storage_service - INFO - 成功保存股票信息: 300042
2026-02-15 22:51:34,760 - database.storage_service - INFO - 成功保存股票信息: 002713
2026-02-15 22:51:34,762 - database.storage_service - INFO - 成功保存股票信息: 002374
2026-02-15 22:51:34,763 - database.storage_service - INFO - 成功保存股票信息: 002592
2026-02-15 22:51:34,765 - database.storage_service - INFO - 成功保存股票信息: 300667
2026-02-15 22:51:34,767 - database.storage_service - INFO - 成功保存股票信息: 301018
2026-02-15 22:51:34,769 - database.storage_service - INFO - 成功保存股票信息: 300097
2026-02-15 22:51:34,771 - database.storage_service - INFO - 成功保存股票信息: 002812
2026-02-15 22:51:34,773 - database.storage_service - INFO - 成功保存股票信息: 688785
2026-02-15 22:51:34,774 - database.storage_service - INFO - 成功保存股票信息: 600538
2026-02-15 22:51:34,776 - database.storage_service - INFO - 成功保存股票信息: 688239
2026-02-15 22:51:34,777 - database.storage_service - INFO - 成功保存股票信息: 920068
2026-02-15 22:51:34,778 - database.storage_service - INFO - 成功保存股票信息: 300806
2026-02-15 22:51:34,780 - database.storage_service - INFO - 成功保存股票信息: 688308
2026-02-15 22:51:34,781 - database.storage_service - INFO - 成功保存股票信息: 300198
2026-02-15 22:51:34,782 - database.storage_service - INFO - 成功保存股票信息: 688652
2026-02-15 22:51:34,784 - database.storage_service - INFO - 成功保存股票信息: 300887
2026-02-15 22:51:34,786 - database.storage_service - INFO - 成功保存股票信息: 688319
2026-02-15 22:51:34,788 - database.storage_service - INFO - 成功保存股票信息: 002931
2026-02-15 22:51:34,790 - database.storage_service - INFO - 成功保存股票信息: 002196
2026-02-15 22:51:34,792 - database.storage_service - INFO - 成功保存股票信息: 301292
2026-02-15 22:51:34,793 - database.storage_service - INFO - 成功保存股票信息: 301286
2026-02-15 22:51:34,795 - database.storage_service - INFO - 成功保存股票信息: 002357
2026-02-15 22:51:34,796 - database.storage_service - INFO - 成功保存股票信息: 300587
2026-02-15 22:51:34,798 - database.storage_service - INFO - 成功保存股票信息: 688809
2026-02-15 22:51:34,800 - database.storage_service - INFO - 成功保存股票信息: 002581
2026-02-15 22:51:34,802 - database.storage_service - INFO - 成功保存股票信息: 688329
2026-02-15 22:51:34,804 - database.storage_service - INFO - 成功保存股票信息: 688286
2026-02-15 22:51:34,806 - database.storage_service - INFO - 成功保存股票信息: 002297
2026-02-15 22:51:34,808 - database.storage_service - INFO - 成功保存股票信息: 002896
2026-02-15 22:51:34,810 - database.storage_service - INFO - 成功保存股票信息: 688488
2026-02-15 22:51:34,813 - database.storage_service - INFO - 成功保存股票信息: 300749
2026-02-15 22:51:34,815 - database.storage_service - INFO - 成功保存股票信息: 688561
2026-02-15 22:51:34,818 - database.storage_service - INFO - 成功保存股票信息: 920207
2026-02-15 22:51:34,820 - database.storage_service - INFO - 成功保存股票信息: 002519
2026-02-15 22:51:34,822 - database.storage_service - INFO - 成功保存股票信息: 688309
2026-02-15 22:51:34,823 - database.storage_service - INFO - 成功保存股票信息: 300552
2026-02-15 22:51:34,825 - database.storage_service - INFO - 成功保存股票信息: 688627
2026-02-15 22:51:34,827 - database.storage_service - INFO - 成功保存股票信息: 688515
2026-02-15 22:51:34,829 - database.storage_service - INFO - 成功保存股票信息: 300938
2026-02-15 22:51:34,830 - database.storage_service - INFO - 成功保存股票信息: 300895
2026-02-15 22:51:34,831 - database.storage_service - INFO - 成功保存股票信息: 605183
2026-02-15 22:51:34,833 - database.storage_service - INFO - 成功保存股票信息: 603929
2026-02-15 22:51:34,838 - database.storage_service - INFO - 成功保存股票信息: 002933
2026-02-15 22:51:34,840 - database.storage_service - INFO - 成功保存股票信息: 688549
2026-02-15 22:51:34,841 - database.storage_service - INFO - 成功保存股票信息: 688337
2026-02-15 22:51:34,843 - database.storage_service - INFO - 成功保存股票信息: 603000
2026-02-15 22:51:34,844 - database.storage_service - INFO - 成功保存股票信息: 603197
2026-02-15 22:51:34,846 - database.storage_service - INFO - 成功保存股票信息: 301293
2026-02-15 22:51:34,847 - database.storage_service - INFO - 成功保存股票信息: 001203
2026-02-15 22:51:34,848 - database.storage_service - INFO - 成功保存股票信息: 300707
2026-02-15 22:51:34,849 - database.storage_service - INFO - 成功保存股票信息: 688433
2026-02-15 22:51:34,852 - database.storage_service - INFO - 成功保存股票信息: 001309
2026-02-15 22:51:34,854 - database.storage_service - INFO - 成功保存股票信息: 688172
2026-02-15 22:51:34,855 - database.storage_service - INFO - 成功保存股票信息: 300878
2026-02-15 22:51:34,857 - database.storage_service - INFO - 成功保存股票信息: 300659
2026-02-15 22:51:34,858 - database.storage_service - INFO - 成功保存股票信息: 002808
2026-02-15 22:51:34,860 - database.storage_service - INFO - 成功保存股票信息: 688141
2026-02-15 22:51:34,861 - database.storage_service - INFO - 成功保存股票信息: 688229
2026-02-15 22:51:34,863 - database.storage_service - INFO - 成功保存股票信息: 688027
2026-02-15 22:51:34,864 - database.storage_service - INFO - 成功保存股票信息: 000779
2026-02-15 22:51:34,865 - database.storage_service - INFO - 成功保存股票信息: 603306
2026-02-15 22:51:34,867 - database.storage_service - INFO - 成功保存股票信息: 300461
2026-02-15 22:51:34,869 - database.storage_service - INFO - 成功保存股票信息: 300528
2026-02-15 22:51:34,871 - database.storage_service - INFO - 成功保存股票信息: 300831
2026-02-15 22:51:34,873 - database.storage_service - INFO - 成功保存股票信息: 002163
2026-02-15 22:51:34,875 - database.storage_service - INFO - 成功保存股票信息: 301308
2026-02-15 22:51:34,876 - database.storage_service - INFO - 成功保存股票信息: 688458
2026-02-15 22:51:34,877 - database.storage_service - INFO - 成功保存股票信息: 688548
2026-02-15 22:51:34,879 - database.storage_service - INFO - 成功保存股票信息: 688610
2026-02-15 22:51:34,880 - database.storage_service - INFO - 成功保存股票信息: 302132
2026-02-15 22:51:34,881 - database.storage_service - INFO - 成功保存股票信息: 603828
2026-02-15 22:51:34,883 - database.storage_service - INFO - 成功保存股票信息: 300846
2026-02-15 22:51:34,885 - database.storage_service - INFO - 成功保存股票信息: 001331
2026-02-15 22:51:34,887 - database.storage_service - INFO - 成功保存股票信息: 301611
2026-02-15 22:51:34,889 - database.storage_service - INFO - 成功保存股票信息: 002638
2026-02-15 22:51:34,890 - database.storage_service - INFO - 成功保存股票信息: 300079
2026-02-15 22:51:34,892 - database.storage_service - INFO - 成功保存股票信息: 920247
2026-02-15 22:51:34,893 - database.storage_service - INFO - 成功保存股票信息: 300264
2026-02-15 22:51:34,894 - database.storage_service - INFO - 成功保存股票信息: 300131
2026-02-15 22:51:34,896 - database.storage_service - INFO - 成功保存股票信息: 301326
2026-02-15 22:51:34,898 - database.storage_service - INFO - 成功保存股票信息: 301360
2026-02-15 22:51:34,899 - database.storage_service - INFO - 成功保存股票信息: 300311
2026-02-15 22:51:34,902 - database.storage_service - INFO - 成功保存股票信息: 688244
2026-02-15 22:51:34,904 - database.storage_service - INFO - 成功保存股票信息: 301488
2026-02-15 22:51:34,906 - database.storage_service - INFO - 成功保存股票信息: 000559
2026-02-15 22:51:34,908 - database.storage_service - INFO - 成功保存股票信息: 300648
2026-02-15 22:51:34,909 - database.storage_service - INFO - 成功保存股票信息: 920593
2026-02-15 22:51:34,911 - database.storage_service - INFO - 成功保存股票信息: 002134
2026-02-15 22:51:34,912 - database.storage_service - INFO - 成功保存股票信息: 603284
2026-02-15 22:51:34,914 - database.storage_service - INFO - 成功保存股票信息: 300753
2026-02-15 22:51:34,915 - database.storage_service - INFO - 成功保存股票信息: 300739
2026-02-15 22:51:34,916 - database.storage_service - INFO - 成功保存股票信息: 603738
2026-02-15 22:51:34,918 - database.storage_service - INFO - 成功保存股票信息: 300473
2026-02-15 22:51:34,920 - database.storage_service - INFO - 成功保存股票信息: 300260
2026-02-15 22:51:34,923 - database.storage_service - INFO - 成功保存股票信息: 600730
2026-02-15 22:51:34,944 - database.storage_service - INFO - 成功保存股票信息: 601595
2026-02-15 22:51:34,960 - database.storage_service - INFO - 成功保存股票信息: 301192
2026-02-15 22:51:34,964 - database.storage_service - INFO - 成功保存股票信息: 600391
2026-02-15 22:51:34,966 - database.storage_service - INFO - 成功保存股票信息: 603922
2026-02-15 22:51:34,968 - database.storage_service - INFO - 成功保存股票信息: 300868
2026-02-15 22:51:34,970 - database.storage_service - INFO - 成功保存股票信息: 002768
2026-02-15 22:51:34,972 - database.storage_service - INFO - 成功保存股票信息: 002283
2026-02-15 22:51:34,974 - database.storage_service - INFO - 成功保存股票信息: 688282
2026-02-15 22:51:34,975 - database.storage_service - INFO - 成功保存股票信息: 688017
2026-02-15 22:51:34,978 - database.storage_service - INFO - 成功保存股票信息: 002837
2026-02-15 22:51:34,979 - database.storage_service - INFO - 成功保存股票信息: 300830
2026-02-15 22:51:34,981 - database.storage_service - INFO - 成功保存股票信息: 600673
2026-02-15 22:51:34,982 - database.storage_service - INFO - 成功保存股票信息: 300788
2026-02-15 22:51:34,985 - database.storage_service - INFO - 成功保存股票信息: 301595
2026-02-15 22:51:34,987 - database.storage_service - INFO - 成功保存股票信息: 301269
2026-02-15 22:51:34,988 - database.storage_service - INFO - 成功保存股票信息: 688288
2026-02-15 22:51:34,990 - database.storage_service - INFO - 成功保存股票信息: 300008
2026-02-15 22:51:34,992 - database.storage_service - INFO - 成功保存股票信息: 002864
2026-02-15 22:51:34,993 - database.storage_service - INFO - 成功保存股票信息: 002870
2026-02-15 22:51:34,995 - database.storage_service - INFO - 成功保存股票信息: 300645
2026-02-15 22:51:34,996 - database.storage_service - INFO - 成功保存股票信息: 600966
2026-02-15 22:51:34,997 - database.storage_service - INFO - 成功保存股票信息: 300508
2026-02-15 22:51:34,998 - database.storage_service - INFO - 成功保存股票信息: 600960
2026-02-15 22:51:35,000 - database.storage_service - INFO - 成功保存股票信息: 002569
2026-02-15 22:51:35,002 - database.storage_service - INFO - 成功保存股票信息: 300585
2026-02-15 22:51:35,004 - database.storage_service - INFO - 成功保存股票信息: 688261
2026-02-15 22:51:35,005 - database.storage_service - INFO - 成功保存股票信息: 002058
2026-02-15 22:51:35,007 - database.storage_service - INFO - 成功保存股票信息: 603124
2026-02-15 22:51:35,011 - database.storage_service - INFO - 成功保存股票信息: 002912
2026-02-15 22:51:35,012 - database.storage_service - INFO - 成功保存股票信息: 688535
2026-02-15 22:51:35,014 - database.storage_service - INFO - 成功保存股票信息: 301509
2026-02-15 22:51:35,015 - database.storage_service - INFO - 成功保存股票信息: 301259
2026-02-15 22:51:35,016 - database.storage_service - INFO - 成功保存股票信息: 001324
2026-02-15 22:51:35,018 - database.storage_service - INFO - 成功保存股票信息: 688630
2026-02-15 22:51:35,020 - database.storage_service - INFO - 成功保存股票信息: 300254
2026-02-15 22:51:35,021 - database.storage_service - INFO - 成功保存股票信息: 603186
2026-02-15 22:51:35,023 - database.storage_service - INFO - 成功保存股票信息: 002709
2026-02-15 22:51:35,024 - database.storage_service - INFO - 成功保存股票信息: 300029
2026-02-15 22:51:35,026 - database.storage_service - INFO - 成功保存股票信息: 301160
2026-02-15 22:51:35,027 - database.storage_service - INFO - 成功保存股票信息: 688628
2026-02-15 22:51:35,028 - database.storage_service - INFO - 成功保存股票信息: 603685
2026-02-15 22:51:35,030 - database.storage_service - INFO - 成功保存股票信息: 688135
2026-02-15 22:51:35,031 - database.storage_service - INFO - 成功保存股票信息: 002654
2026-02-15 22:51:35,032 - database.storage_service - INFO - 成功保存股票信息: 603311
2026-02-15 22:51:35,035 - database.storage_service - INFO - 成功保存股票信息: 920199
2026-02-15 22:51:35,037 - database.storage_service - INFO - 成功保存股票信息: 688386
2026-02-15 22:51:35,038 - database.storage_service - INFO - 成功保存股票信息: 300517
2026-02-15 22:51:35,040 - database.storage_service - INFO - 成功保存股票信息: 300094
2026-02-15 22:51:35,041 - database.storage_service - INFO - 成功保存股票信息: 688512
2026-02-15 22:51:35,043 - database.storage_service - INFO - 成功保存股票信息: 603607
2026-02-15 22:51:35,044 - database.storage_service - INFO - 成功保存股票信息: 600939
2026-02-15 22:51:35,045 - database.storage_service - INFO - 成功保存股票信息: 603079
2026-02-15 22:51:35,047 - database.storage_service - INFO - 成功保存股票信息: 001225
2026-02-15 22:51:35,048 - database.storage_service - INFO - 成功保存股票信息: 002199
2026-02-15 22:51:35,050 - database.storage_service - INFO - 成功保存股票信息: 688249
2026-02-15 22:51:35,052 - database.storage_service - INFO - 成功保存股票信息: 000688
2026-02-15 22:51:35,054 - database.storage_service - INFO - 成功保存股票信息: 600862
2026-02-15 22:51:35,056 - database.storage_service - INFO - 成功保存股票信息: 603800
2026-02-15 22:51:35,057 - database.storage_service - INFO - 成功保存股票信息: 002766
2026-02-15 22:51:35,059 - database.storage_service - INFO - 成功保存股票信息: 688023
2026-02-15 22:51:35,060 - database.storage_service - INFO - 成功保存股票信息: 600110
2026-02-15 22:51:35,061 - database.storage_service - INFO - 成功保存股票信息: 920662
2026-02-15 22:51:35,063 - database.storage_service - INFO - 成功保存股票信息: 603138
2026-02-15 22:51:35,064 - database.storage_service - INFO - 成功保存股票信息: 688353
2026-02-15 22:51:35,065 - database.storage_service - INFO - 成功保存股票信息: 002800
2026-02-15 22:51:35,067 - database.storage_service - INFO - 成功保存股票信息: 603398
2026-02-15 22:51:35,069 - database.storage_service - INFO - 成功保存股票信息: 920092
2026-02-15 22:51:35,070 - database.storage_service - INFO - 成功保存股票信息: 688201
2026-02-15 22:51:35,072 - database.storage_service - INFO - 成功保存股票信息: 603373
2026-02-15 22:51:35,075 - database.storage_service - INFO - 成功保存股票信息: 603917
2026-02-15 22:51:35,077 - database.storage_service - INFO - 成功保存股票信息: 301357
2026-02-15 22:51:35,079 - database.storage_service - INFO - 成功保存股票信息: 301316
2026-02-15 22:51:35,080 - database.storage_service - INFO - 成功保存股票信息: 688521
2026-02-15 22:51:35,081 - database.storage_service - INFO - 成功保存股票信息: 002008
2026-02-15 22:51:35,082 - database.storage_service - INFO - 成功保存股票信息: 301628
2026-02-15 22:51:35,085 - database.storage_service - INFO - 成功保存股票信息: 688818
2026-02-15 22:51:35,087 - database.storage_service - INFO - 成功保存股票信息: 688603
2026-02-15 22:51:35,088 - database.storage_service - INFO - 成功保存股票信息: 600748
2026-02-15 22:51:35,090 - database.storage_service - INFO - 成功保存股票信息: 600768
2026-02-15 22:51:35,091 - database.storage_service - INFO - 成功保存股票信息: 600869
2026-02-15 22:51:35,093 - database.storage_service - INFO - 成功保存股票信息: 300581
2026-02-15 22:51:35,094 - database.storage_service - INFO - 成功保存股票信息: 001368
2026-02-15 22:51:35,096 - database.storage_service - INFO - 成功保存股票信息: 688653
2026-02-15 22:51:35,097 - database.storage_service - INFO - 成功保存股票信息: 603069
2026-02-15 22:51:35,098 - database.storage_service - INFO - 成功保存股票信息: 920152
2026-02-15 22:51:35,100 - database.storage_service - INFO - 成功保存股票信息: 688656
2026-02-15 22:51:35,102 - database.storage_service - INFO - 成功保存股票信息: 688072
2026-02-15 22:51:35,104 - database.storage_service - INFO - 成功保存股票信息: 600372
2026-02-15 22:51:35,106 - database.storage_service - INFO - 成功保存股票信息: 920100
2026-02-15 22:51:35,108 - database.storage_service - INFO - 成功保存股票信息: 688066
2026-02-15 22:51:35,109 - database.storage_service - INFO - 成功保存股票信息: 001259
2026-02-15 22:51:35,111 - database.storage_service - INFO - 成功保存股票信息: 688556
2026-02-15 22:51:35,112 - database.storage_service - INFO - 成功保存股票信息: 300549
2026-02-15 22:51:35,113 - database.storage_service - INFO - 成功保存股票信息: 603843
2026-02-15 22:51:35,115 - database.storage_service - INFO - 成功保存股票信息: 000006
2026-02-15 22:51:35,116 - database.storage_service - INFO - 成功保存股票信息: 688708
2026-02-15 22:51:35,118 - database.storage_service - INFO - 成功保存股票信息: 300440
2026-02-15 22:51:35,120 - database.storage_service - INFO - 成功保存股票信息: 601007
2026-02-15 22:51:35,121 - database.storage_service - INFO - 成功保存股票信息: 688037
2026-02-15 22:51:35,123 - database.storage_service - INFO - 成功保存股票信息: 002787
2026-02-15 22:51:35,124 - database.storage_service - INFO - 成功保存股票信息: 688306
2026-02-15 22:51:35,126 - database.storage_service - INFO - 成功保存股票信息: 600476
2026-02-15 22:51:35,127 - database.storage_service - INFO - 成功保存股票信息: 603078
2026-02-15 22:51:35,128 - database.storage_service - INFO - 成功保存股票信息: 688171
2026-02-15 22:51:35,130 - database.storage_service - INFO - 成功保存股票信息: 300889
2026-02-15 22:51:35,131 - database.storage_service - INFO - 成功保存股票信息: 688350
2026-02-15 22:51:35,132 - database.storage_service - INFO - 成功保存股票信息: 920642
2026-02-15 22:51:35,134 - database.storage_service - INFO - 成功保存股票信息: 688107
2026-02-15 22:51:35,136 - database.storage_service - INFO - 成功保存股票信息: 688004
2026-02-15 22:51:35,138 - database.storage_service - INFO - 成功保存股票信息: 920002
2026-02-15 22:51:35,140 - database.storage_service - INFO - 成功保存股票信息: 002739
2026-02-15 22:51:35,141 - database.storage_service - INFO - 成功保存股票信息: 688322
2026-02-15 22:51:35,142 - database.storage_service - INFO - 成功保存股票信息: 300853
2026-02-15 22:51:35,144 - database.storage_service - INFO - 成功保存股票信息: 603156
2026-02-15 22:51:35,145 - database.storage_service - INFO - 成功保存股票信息: 301148
2026-02-15 22:51:35,147 - database.storage_service - INFO - 成功保存股票信息: 688620
2026-02-15 22:51:35,148 - database.storage_service - INFO - 成功保存股票信息: 002371
2026-02-15 22:51:35,150 - database.storage_service - INFO - 成功保存股票信息: 300579
2026-02-15 22:51:35,152 - database.storage_service - INFO - 成功保存股票信息: 688448
2026-02-15 22:51:35,154 - database.storage_service - INFO - 成功保存股票信息: 301311
2026-02-15 22:51:35,156 - database.storage_service - INFO - 成功保存股票信息: 688328
2026-02-15 22:51:35,157 - database.storage_service - INFO - 成功保存股票信息: 002214
2026-02-15 22:51:35,158 - database.storage_service - INFO - 成功保存股票信息: 920006
2026-02-15 22:51:35,160 - database.storage_service - INFO - 成功保存股票信息: 603683
2026-02-15 22:51:35,161 - database.storage_service - INFO - 成功保存股票信息: 603334
2026-02-15 22:51:35,162 - database.storage_service - INFO - 成功保存股票信息: 603316
2026-02-15 22:51:35,163 - database.storage_service - INFO - 成功保存股票信息: 688626
2026-02-15 22:51:35,165 - database.storage_service - INFO - 成功保存股票信息: 600097
2026-02-15 22:51:35,166 - database.storage_service - INFO - 成功保存股票信息: 688011
2026-02-15 22:51:35,168 - database.storage_service - INFO - 成功保存股票信息: 600288
2026-02-15 22:51:35,170 - database.storage_service - INFO - 成功保存股票信息: 002268
2026-02-15 22:51:35,172 - database.storage_service - INFO - 成功保存股票信息: 300545
2026-02-15 22:51:35,173 - database.storage_service - INFO - 成功保存股票信息: 688398
2026-02-15 22:51:35,175 - database.storage_service - INFO - 成功保存股票信息: 603155
2026-02-15 22:51:35,176 - database.storage_service - INFO - 成功保存股票信息: 920418
2026-02-15 22:51:35,177 - database.storage_service - INFO - 成功保存股票信息: 688361
2026-02-15 22:51:35,178 - database.storage_service - INFO - 成功保存股票信息: 300169
2026-02-15 22:51:35,180 - database.storage_service - INFO - 成功保存股票信息: 920729
2026-02-15 22:51:35,181 - database.storage_service - INFO - 成功保存股票信息: 001230
2026-02-15 22:51:35,182 - database.storage_service - INFO - 成功保存股票信息: 688225
2026-02-15 22:51:35,184 - database.storage_service - INFO - 成功保存股票信息: 002405
2026-02-15 22:51:35,186 - database.storage_service - INFO - 成功保存股票信息: 300302
2026-02-15 22:51:35,188 - database.storage_service - INFO - 成功保存股票信息: 603038
2026-02-15 22:51:35,190 - database.storage_service - INFO - 成功保存股票信息: 300417
2026-02-15 22:51:35,191 - database.storage_service - INFO - 成功保存股票信息: 300368
2026-02-15 22:51:35,192 - database.storage_service - INFO - 成功保存股票信息: 603638
2026-02-15 22:51:35,193 - database.storage_service - INFO - 成功保存股票信息: 600376
2026-02-15 22:51:35,195 - database.storage_service - INFO - 成功保存股票信息: 300668
2026-02-15 22:51:35,196 - database.storage_service - INFO - 成功保存股票信息: 920876
2026-02-15 22:51:35,198 - database.storage_service - INFO - 成功保存股票信息: 002235
2026-02-15 22:51:35,199 - database.storage_service - INFO - 成功保存股票信息: 688392
2026-02-15 22:51:35,201 - database.storage_service - INFO - 成功保存股票信息: 603776
2026-02-15 22:51:35,203 - database.storage_service - INFO - 成功保存股票信息: 001260
2026-02-15 22:51:35,204 - database.storage_service - INFO - 成功保存股票信息: 603165
2026-02-15 22:51:35,206 - database.storage_service - INFO - 成功保存股票信息: 688175
2026-02-15 22:51:35,207 - database.storage_service - INFO - 成功保存股票信息: 300655
2026-02-15 22:51:35,209 - database.storage_service - INFO - 成功保存股票信息: 688157
2026-02-15 22:51:35,210 - database.storage_service - INFO - 成功保存股票信息: 300499
2026-02-15 22:51:35,212 - database.storage_service - INFO - 成功保存股票信息: 920026
2026-02-15 22:51:35,213 - database.storage_service - INFO - 成功保存股票信息: 001306
2026-02-15 22:51:35,215 - database.storage_service - INFO - 成功保存股票信息: 300300
2026-02-15 22:51:35,217 - database.storage_service - INFO - 成功保存股票信息: 603007
2026-02-15 22:51:35,219 - database.storage_service - INFO - 成功保存股票信息: 603650
2026-02-15 22:51:35,221 - database.storage_service - INFO - 成功保存股票信息: 003018
2026-02-15 22:51:35,223 - database.storage_service - INFO - 成功保存股票信息: 300137
2026-02-15 22:51:35,225 - database.storage_service - INFO - 成功保存股票信息: 920159
2026-02-15 22:51:35,226 - database.storage_service - INFO - 成功保存股票信息: 688038
2026-02-15 22:51:35,228 - database.storage_service - INFO - 成功保存股票信息: 688207
2026-02-15 22:51:35,230 - database.storage_service - INFO - 成功保存股票信息: 688259
2026-02-15 22:51:35,231 - database.storage_service - INFO - 成功保存股票信息: 688251
2026-02-15 22:51:35,233 - database.storage_service - INFO - 成功保存股票信息: 300301
2026-02-15 22:51:35,236 - database.storage_service - INFO - 成功保存股票信息: 002307
2026-02-15 22:51:35,237 - database.storage_service - INFO - 成功保存股票信息: 301002
2026-02-15 22:51:35,240 - database.storage_service - INFO - 成功保存股票信息: 301235
2026-02-15 22:51:35,241 - database.storage_service - INFO - 成功保存股票信息: 002198
2026-02-15 22:51:35,243 - database.storage_service - INFO - 成功保存股票信息: 301203
2026-02-15 22:51:35,245 - database.storage_service - INFO - 成功保存股票信息: 000599
2026-02-15 22:51:35,246 - database.storage_service - INFO - 成功保存股票信息: 920522
2026-02-15 22:51:35,248 - database.storage_service - INFO - 成功保存股票信息: 001278
2026-02-15 22:51:35,249 - database.storage_service - INFO - 成功保存股票信息: 300469
2026-02-15 22:51:35,251 - database.storage_service - INFO - 成功保存股票信息: 688511
2026-02-15 22:51:35,254 - database.storage_service - INFO - 成功保存股票信息: 002135
2026-02-15 22:51:35,256 - database.storage_service - INFO - 成功保存股票信息: 000752
2026-02-15 22:51:35,258 - database.storage_service - INFO - 成功保存股票信息: 600015
2026-02-15 22:51:35,259 - database.storage_service - INFO - 成功保存股票信息: 603088
2026-02-15 22:51:35,260 - database.storage_service - INFO - 成功保存股票信息: 688625
2026-02-15 22:51:35,262 - database.storage_service - INFO - 成功保存股票信息: 300600
2026-02-15 22:51:35,263 - database.storage_service - INFO - 成功保存股票信息: 600889
2026-02-15 22:51:35,264 - database.storage_service - INFO - 成功保存股票信息: 920510
2026-02-15 22:51:35,266 - database.storage_service - INFO - 成功保存股票信息: 920906
2026-02-15 22:51:35,268 - database.storage_service - INFO - 成功保存股票信息: 000796
2026-02-15 22:51:35,270 - database.storage_service - INFO - 成功保存股票信息: 002769
2026-02-15 22:51:35,271 - database.storage_service - INFO - 成功保存股票信息: 300371
2026-02-15 22:51:35,273 - database.storage_service - INFO - 成功保存股票信息: 002177
2026-02-15 22:51:35,274 - database.storage_service - INFO - 成功保存股票信息: 688552
2026-02-15 22:51:35,275 - database.storage_service - INFO - 成功保存股票信息: 002105
2026-02-15 22:51:35,276 - database.storage_service - INFO - 成功保存股票信息: 300375
2026-02-15 22:51:35,278 - database.storage_service - INFO - 成功保存股票信息: 688519
2026-02-15 22:51:35,279 - database.storage_service - INFO - 成功保存股票信息: 002407
2026-02-15 22:51:35,281 - database.storage_service - INFO - 成功保存股票信息: 600292
2026-02-15 22:51:35,282 - database.storage_service - INFO - 成功保存股票信息: 688279
2026-02-15 22:51:35,284 - database.storage_service - INFO - 成功保存股票信息: 603272
2026-02-15 22:51:35,286 - database.storage_service - INFO - 成功保存股票信息: 600725
2026-02-15 22:51:35,287 - database.storage_service - INFO - 成功保存股票信息: 002831
2026-02-15 22:51:35,289 - database.storage_service - INFO - 成功保存股票信息: 603258
2026-02-15 22:51:35,290 - database.storage_service - INFO - 成功保存股票信息: 603081
2026-02-15 22:51:35,292 - database.storage_service - INFO - 成功保存股票信息: 301227
2026-02-15 22:51:35,293 - database.storage_service - INFO - 成功保存股票信息: 002840
2026-02-15 22:51:35,295 - database.storage_service - INFO - 成功保存股票信息: 301281
2026-02-15 22:51:35,296 - database.storage_service - INFO - 成功保存股票信息: 600593
2026-02-15 22:51:35,297 - database.storage_service - INFO - 成功保存股票信息: 002261
2026-02-15 22:51:35,299 - database.storage_service - INFO - 成功保存股票信息: 000985
2026-02-15 22:51:35,300 - database.storage_service - INFO - 成功保存股票信息: 688758
2026-02-15 22:51:35,302 - database.storage_service - INFO - 成功保存股票信息: 688755
2026-02-15 22:51:35,304 - database.storage_service - INFO - 成功保存股票信息: 605056
2026-02-15 22:51:35,306 - database.storage_service - INFO - 成功保存股票信息: 688070
2026-02-15 22:51:35,307 - database.storage_service - INFO - 成功保存股票信息: 600148
2026-02-15 22:51:35,308 - database.storage_service - INFO - 成功保存股票信息: 920627
2026-02-15 22:51:35,310 - database.storage_service - INFO - 成功保存股票信息: 300475
2026-02-15 22:51:35,311 - database.storage_service - INFO - 成功保存股票信息: 002835
2026-02-15 22:51:35,312 - database.storage_service - INFO - 成功保存股票信息: 300020
2026-02-15 22:51:35,314 - database.storage_service - INFO - 成功保存股票信息: 603048
2026-02-15 22:51:35,315 - database.storage_service - INFO - 成功保存股票信息: 300017
2026-02-15 22:51:35,316 - database.storage_service - INFO - 成功保存股票信息: 688479
2026-02-15 22:51:35,318 - database.storage_service - INFO - 成功保存股票信息: 688297
2026-02-15 22:51:35,320 - database.storage_service - INFO - 成功保存股票信息: 920169
2026-02-15 22:51:35,321 - database.storage_service - INFO - 成功保存股票信息: 688607
2026-02-15 22:51:35,324 - database.storage_service - INFO - 成功保存股票信息: 603986
2026-02-15 22:51:35,325 - database.storage_service - INFO - 成功保存股票信息: 301045
2026-02-15 22:51:35,326 - database.storage_service - INFO - 成功保存股票信息: 688252
2026-02-15 22:51:35,328 - database.storage_service - INFO - 成功保存股票信息: 603096
2026-02-15 22:51:35,329 - database.storage_service - INFO - 成功保存股票信息: 688347
2026-02-15 22:51:35,331 - database.storage_service - INFO - 成功保存股票信息: 603161
2026-02-15 22:51:35,332 - database.storage_service - INFO - 成功保存股票信息: 002246
2026-02-15 22:51:35,334 - database.storage_service - INFO - 成功保存股票信息: 300516
2026-02-15 22:51:35,336 - database.storage_service - INFO - 成功保存股票信息: 603626
2026-02-15 22:51:35,337 - database.storage_service - INFO - 成功保存股票信息: 688721
2026-02-15 22:51:35,339 - database.storage_service - INFO - 成功保存股票信息: 600721
2026-02-15 22:51:35,341 - database.storage_service - INFO - 成功保存股票信息: 605081
2026-02-15 22:51:35,342 - database.storage_service - INFO - 成功保存股票信息: 688669
2026-02-15 22:51:35,344 - database.storage_service - INFO - 成功保存股票信息: 603819
2026-02-15 22:51:35,345 - database.storage_service - INFO - 成功保存股票信息: 601599
2026-02-15 22:51:35,346 - database.storage_service - INFO - 成功保存股票信息: 300352
2026-02-15 22:51:35,348 - database.storage_service - INFO - 成功保存股票信息: 002971
2026-02-15 22:51:35,349 - database.storage_service - INFO - 成功保存股票信息: 003017
2026-02-15 22:51:35,350 - database.storage_service - INFO - 成功保存股票信息: 688592
2026-02-15 22:51:35,352 - database.storage_service - INFO - 成功保存股票信息: 000929
2026-02-15 22:51:35,354 - database.storage_service - INFO - 成功保存股票信息: 000972
2026-02-15 22:51:35,356 - database.storage_service - INFO - 成功保存股票信息: 002868
2026-02-15 22:51:35,358 - database.storage_service - INFO - 成功保存股票信息: 001211
2026-02-15 22:51:35,359 - database.storage_service - INFO - 成功保存股票信息: 000695
2026-02-15 22:51:35,360 - database.storage_service - INFO - 成功保存股票信息: 920706
2026-02-15 22:51:35,361 - database.storage_service - INFO - 成功保存股票信息: 600184
2026-02-15 22:51:35,363 - database.storage_service - INFO - 成功保存股票信息: 300551
2026-02-15 22:51:35,364 - database.storage_service - INFO - 成功保存股票信息: 002989
2026-02-15 22:51:35,365 - database.storage_service - INFO - 成功保存股票信息: 300983
2026-02-15 22:51:35,367 - database.storage_service - INFO - 成功保存股票信息: 600708
2026-02-15 22:51:35,369 - database.storage_service - INFO - 成功保存股票信息: 300635
2026-02-15 22:51:35,371 - database.storage_service - INFO - 成功保存股票信息: 920436
2026-02-15 22:51:35,373 - database.storage_service - INFO - 成功保存股票信息: 001267
2026-02-15 22:51:35,375 - database.storage_service - INFO - 成功保存股票信息: 603341
2026-02-15 22:51:35,377 - database.storage_service - INFO - 成功保存股票信息: 300736
2026-02-15 22:51:35,378 - database.storage_service - INFO - 成功保存股票信息: 300626
2026-02-15 22:51:35,379 - database.storage_service - INFO - 成功保存股票信息: 002173
2026-02-15 22:51:35,380 - database.storage_service - INFO - 成功保存股票信息: 603421
2026-02-15 22:51:35,382 - database.storage_service - INFO - 成功保存股票信息: 920751
2026-02-15 22:51:35,383 - database.storage_service - INFO - 成功保存股票信息: 003021
2026-02-15 22:51:35,385 - database.storage_service - INFO - 成功保存股票信息: 301305
2026-02-15 22:51:35,387 - database.storage_service - INFO - 成功保存股票信息: 600493
2026-02-15 22:51:35,389 - database.storage_service - INFO - 成功保存股票信息: 300607
2026-02-15 22:51:35,391 - database.storage_service - INFO - 成功保存股票信息: 603813
2026-02-15 22:51:35,392 - database.storage_service - INFO - 成功保存股票信息: 300147
2026-02-15 22:51:35,393 - database.storage_service - INFO - 成功保存股票信息: 301197
2026-02-15 22:51:35,395 - database.storage_service - INFO - 成功保存股票信息: 300580
2026-02-15 22:51:35,396 - database.storage_service - INFO - 成功保存股票信息: 002756
2026-02-15 22:51:35,397 - database.storage_service - INFO - 成功保存股票信息: 300006
2026-02-15 22:51:35,398 - database.storage_service - INFO - 成功保存股票信息: 600615
2026-02-15 22:51:35,400 - database.storage_service - INFO - 成功保存股票信息: 002741
2026-02-15 22:51:35,402 - database.storage_service - INFO - 成功保存股票信息: 688455
2026-02-15 22:51:35,404 - database.storage_service - INFO - 成功保存股票信息: 000014
2026-02-15 22:51:35,406 - database.storage_service - INFO - 成功保存股票信息: 688528
2026-02-15 22:51:35,408 - database.storage_service - INFO - 成功保存股票信息: 300219
2026-02-15 22:51:35,409 - database.storage_service - INFO - 成功保存股票信息: 603955
2026-02-15 22:51:35,410 - database.storage_service - INFO - 成功保存股票信息: 688585
2026-02-15 22:51:35,412 - database.storage_service - INFO - 成功保存股票信息: 300268
2026-02-15 22:51:35,413 - database.storage_service - INFO - 成功保存股票信息: 002920
2026-02-15 22:51:35,414 - database.storage_service - INFO - 成功保存股票信息: 688583
2026-02-15 22:51:35,416 - database.storage_service - INFO - 成功保存股票信息: 300099
2026-02-15 22:51:35,418 - database.storage_service - INFO - 成功保存股票信息: 603903
2026-02-15 22:51:35,420 - database.storage_service - INFO - 成功保存股票信息: 300466
2026-02-15 22:51:35,421 - database.storage_service - INFO - 成功保存股票信息: 002628
2026-02-15 22:51:35,424 - database.storage_service - INFO - 成功保存股票信息: 300970
2026-02-15 22:51:35,425 - database.storage_service - INFO - 成功保存股票信息: 300497
2026-02-15 22:51:35,427 - database.storage_service - INFO - 成功保存股票信息: 000007
2026-02-15 22:51:35,428 - database.storage_service - INFO - 成功保存股票信息: 301276
2026-02-15 22:51:35,429 - database.storage_service - INFO - 成功保存股票信息: 600671
2026-02-15 22:51:35,431 - database.storage_service - INFO - 成功保存股票信息: 002050
2026-02-15 22:51:35,432 - database.storage_service - INFO - 成功保存股票信息: 301055
2026-02-15 22:51:35,435 - database.storage_service - INFO - 成功保存股票信息: 601026
2026-02-15 22:51:35,437 - database.storage_service - INFO - 成功保存股票信息: 688112
2026-02-15 22:51:35,438 - database.storage_service - INFO - 成功保存股票信息: 000908
2026-02-15 22:51:35,440 - database.storage_service - INFO - 成功保存股票信息: 688155
2026-02-15 22:51:35,442 - database.storage_service - INFO - 成功保存股票信息: 688600
2026-02-15 22:51:35,443 - database.storage_service - INFO - 成功保存股票信息: 600807
2026-02-15 22:51:35,444 - database.storage_service - INFO - 成功保存股票信息: 300605
2026-02-15 22:51:35,446 - database.storage_service - INFO - 成功保存股票信息: 000793
2026-02-15 22:51:35,447 - database.storage_service - INFO - 成功保存股票信息: 688691
2026-02-15 22:51:35,448 - database.storage_service - INFO - 成功保存股票信息: 301626
2026-02-15 22:51:35,449 - database.storage_service - INFO - 成功保存股票信息: 605303
2026-02-15 22:51:35,453 - database.storage_service - INFO - 成功保存股票信息: 600733
2026-02-15 22:51:35,454 - database.storage_service - INFO - 成功保存股票信息: 002650
2026-02-15 22:51:35,456 - database.storage_service - INFO - 成功保存股票信息: 920670
2026-02-15 22:51:35,457 - database.storage_service - INFO - 成功保存股票信息: 600303
2026-02-15 22:51:35,458 - database.storage_service - INFO - 成功保存股票信息: 300691
2026-02-15 22:51:35,460 - database.storage_service - INFO - 成功保存股票信息: 920198
2026-02-15 22:51:35,461 - database.storage_service - INFO - 成功保存股票信息: 600985
2026-02-15 22:51:35,462 - database.storage_service - INFO - 成功保存股票信息: 002387
2026-02-15 22:51:35,463 - database.storage_service - INFO - 成功保存股票信息: 600756
2026-02-15 22:51:35,465 - database.storage_service - INFO - 成功保存股票信息: 002634
2026-02-15 22:51:35,466 - database.storage_service - INFO - 成功保存股票信息: 300813
2026-02-15 22:51:35,469 - database.storage_service - INFO - 成功保存股票信息: 688383
2026-02-15 22:51:35,470 - database.storage_service - INFO - 成功保存股票信息: 600760
2026-02-15 22:51:35,472 - database.storage_service - INFO - 成功保存股票信息: 300030
2026-02-15 22:51:35,473 - database.storage_service - INFO - 成功保存股票信息: 605318
2026-02-15 22:51:35,474 - database.storage_service - INFO - 成功保存股票信息: 300698
2026-02-15 22:51:35,475 - database.storage_service - INFO - 成功保存股票信息: 300790
2026-02-15 22:51:35,477 - database.storage_service - INFO - 成功保存股票信息: 300588
2026-02-15 22:51:35,478 - database.storage_service - INFO - 成功保存股票信息: 600079
2026-02-15 22:51:35,479 - database.storage_service - INFO - 成功保存股票信息: 301198
2026-02-15 22:51:35,481 - database.storage_service - INFO - 成功保存股票信息: 688173
2026-02-15 22:51:35,482 - database.storage_service - INFO - 成功保存股票信息: 300650
2026-02-15 22:51:35,484 - database.storage_service - INFO - 成功保存股票信息: 301505
2026-02-15 22:51:35,486 - database.storage_service - INFO - 成功保存股票信息: 300167
2026-02-15 22:51:35,488 - database.storage_service - INFO - 成功保存股票信息: 301228
2026-02-15 22:51:35,491 - database.storage_service - INFO - 成功保存股票信息: 300660
2026-02-15 22:51:35,493 - database.storage_service - INFO - 成功保存股票信息: 300081
2026-02-15 22:51:35,494 - database.storage_service - INFO - 成功保存股票信息: 000672
2026-02-15 22:51:35,496 - database.storage_service - INFO - 成功保存股票信息: 002813
2026-02-15 22:51:35,497 - database.storage_service - INFO - 成功保存股票信息: 001333
2026-02-15 22:51:35,499 - database.storage_service - INFO - 成功保存股票信息: 300421
2026-02-15 22:51:35,501 - database.storage_service - INFO - 成功保存股票信息: 600130
2026-02-15 22:51:35,503 - database.storage_service - INFO - 成功保存股票信息: 603559
2026-02-15 22:51:35,504 - database.storage_service - INFO - 成功保存股票信息: 920578
2026-02-15 22:51:35,505 - database.storage_service - INFO - 成功保存股票信息: 301024
2026-02-15 22:51:35,507 - database.storage_service - INFO - 成功保存股票信息: 603596
2026-02-15 22:51:35,508 - database.storage_service - INFO - 成功保存股票信息: 603023
2026-02-15 22:51:35,509 - database.storage_service - INFO - 成功保存股票信息: 002360
2026-02-15 22:51:35,511 - database.storage_service - INFO - 成功保存股票信息: 000886
2026-02-15 22:51:35,512 - database.storage_service - INFO - 成功保存股票信息: 300695
2026-02-15 22:51:35,513 - database.storage_service - INFO - 成功保存股票信息: 688120
2026-02-15 22:51:35,514 - database.storage_service - INFO - 成功保存股票信息: 000858
2026-02-15 22:51:35,515 - database.storage_service - INFO - 成功保存股票信息: 301568
2026-02-15 22:51:35,517 - database.storage_service - INFO - 成功保存股票信息: 000681
2026-02-15 22:51:35,519 - database.storage_service - INFO - 成功保存股票信息: 688775
2026-02-15 22:51:35,521 - database.storage_service - INFO - 成功保存股票信息: 301358
2026-02-15 22:51:35,522 - database.storage_service - INFO - 成功保存股票信息: 600685
2026-02-15 22:51:35,523 - database.storage_service - INFO - 成功保存股票信息: 600562
2026-02-15 22:51:35,525 - database.storage_service - INFO - 成功保存股票信息: 300672
2026-02-15 22:51:35,526 - database.storage_service - INFO - 成功保存股票信息: 300426
2026-02-15 22:51:35,527 - database.storage_service - INFO - 成功保存股票信息: 603377
2026-02-15 22:51:35,529 - database.storage_service - INFO - 成功保存股票信息: 000592
2026-02-15 22:51:35,531 - database.storage_service - INFO - 成功保存股票信息: 605178
2026-02-15 22:51:35,535 - database.storage_service - INFO - 成功保存股票信息: 688661
2026-02-15 22:51:35,537 - database.storage_service - INFO - 成功保存股票信息: 688030
2026-02-15 22:51:35,538 - database.storage_service - INFO - 成功保存股票信息: 002320
2026-02-15 22:51:35,540 - database.storage_service - INFO - 成功保存股票信息: 688580
2026-02-15 22:51:35,541 - database.storage_service - INFO - 成功保存股票信息: 000066
2026-02-15 22:51:35,542 - database.storage_service - INFO - 成功保存股票信息: 002679
2026-02-15 22:51:35,544 - database.storage_service - INFO - 成功保存股票信息: 688061
2026-02-15 22:51:35,545 - database.storage_service - INFO - 成功保存股票信息: 300810
2026-02-15 22:51:35,547 - database.storage_service - INFO - 成功保存股票信息: 300162
2026-02-15 22:51:35,552 - database.storage_service - INFO - 成功保存股票信息: 688320
2026-02-15 22:51:35,554 - database.storage_service - INFO - 成功保存股票信息: 002599
2026-02-15 22:51:35,555 - database.storage_service - INFO - 成功保存股票信息: 688469
2026-02-15 22:51:35,556 - database.storage_service - INFO - 成功保存股票信息: 300095
2026-02-15 22:51:35,558 - database.storage_service - INFO - 成功保存股票信息: 600165
2026-02-15 22:51:35,559 - database.storage_service - INFO - 成功保存股票信息: 300527
2026-02-15 22:51:35,561 - database.storage_service - INFO - 成功保存股票信息: 603400
2026-02-15 22:51:35,562 - database.storage_service - INFO - 成功保存股票信息: 300091
2026-02-15 22:51:35,564 - database.storage_service - INFO - 成功保存股票信息: 301348
2026-02-15 22:51:35,565 - database.storage_service - INFO - 成功保存股票信息: 301113
2026-02-15 22:51:35,568 - database.storage_service - INFO - 成功保存股票信息: 603389
2026-02-15 22:51:35,570 - database.storage_service - INFO - 成功保存股票信息: 003009
2026-02-15 22:51:35,572 - database.storage_service - INFO - 成功保存股票信息: 300173
2026-02-15 22:51:35,573 - database.storage_service - INFO - 成功保存股票信息: 301418
2026-02-15 22:51:35,576 - database.storage_service - INFO - 成功保存股票信息: 600126
2026-02-15 22:51:35,577 - database.storage_service - INFO - 成功保存股票信息: 002069
2026-02-15 22:51:35,578 - database.storage_service - INFO - 成功保存股票信息: 002210
2026-02-15 22:51:35,580 - database.storage_service - INFO - 成功保存股票信息: 600703
2026-02-15 22:51:35,581 - database.storage_service - INFO - 成功保存股票信息: 603214
2026-02-15 22:51:35,582 - database.storage_service - INFO - 成功保存股票信息: 002443
2026-02-15 22:51:35,584 - database.storage_service - INFO - 成功保存股票信息: 603520
2026-02-15 22:51:35,586 - database.storage_service - INFO - 成功保存股票信息: 300189
2026-02-15 22:51:35,588 - database.storage_service - INFO - 成功保存股票信息: 920145
2026-02-15 22:51:35,590 - database.storage_service - INFO - 成功保存股票信息: 002168
2026-02-15 22:51:35,591 - database.storage_service - INFO - 成功保存股票信息: 920509
2026-02-15 22:51:35,592 - database.storage_service - INFO - 成功保存股票信息: 300386
2026-02-15 22:51:35,593 - database.storage_service - INFO - 成功保存股票信息: 000663
2026-02-15 22:51:35,595 - database.storage_service - INFO - 成功保存股票信息: 920489
2026-02-15 22:51:35,596 - database.storage_service - INFO - 成功保存股票信息: 301012
2026-02-15 22:51:35,598 - database.storage_service - INFO - 成功保存股票信息: 600667
2026-02-15 22:51:35,599 - database.storage_service - INFO - 成功保存股票信息: 605151
2026-02-15 22:51:35,601 - database.storage_service - INFO - 成功保存股票信息: 300722
2026-02-15 22:51:35,603 - database.storage_service - INFO - 成功保存股票信息: 920931
2026-02-15 22:51:35,604 - database.storage_service - INFO - 成功保存股票信息: 000045
2026-02-15 22:51:35,605 - database.storage_service - INFO - 成功保存股票信息: 603767
2026-02-15 22:51:35,607 - database.storage_service - INFO - 成功保存股票信息: 688372
2026-02-15 22:51:35,608 - database.storage_service - INFO - 成功保存股票信息: 605055
2026-02-15 22:51:35,609 - database.storage_service - INFO - 成功保存股票信息: 600619
2026-02-15 22:51:35,610 - database.storage_service - INFO - 成功保存股票信息: 000524
2026-02-15 22:51:35,612 - database.storage_service - INFO - 成功保存股票信息: 688720
2026-02-15 22:51:35,613 - database.storage_service - INFO - 成功保存股票信息: 300052
2026-02-15 22:51:35,614 - database.storage_service - INFO - 成功保存股票信息: 002724
2026-02-15 22:51:35,615 - database.storage_service - INFO - 成功保存股票信息: 603006
2026-02-15 22:51:35,617 - database.storage_service - INFO - 成功保存股票信息: 600193
2026-02-15 22:51:35,619 - database.storage_service - INFO - 成功保存股票信息: 002382
2026-02-15 22:51:35,621 - database.storage_service - INFO - 成功保存股票信息: 601965
2026-02-15 22:51:35,622 - database.storage_service - INFO - 成功保存股票信息: 003029
2026-02-15 22:51:35,623 - database.storage_service - INFO - 成功保存股票信息: 600580
2026-02-15 22:51:35,624 - database.storage_service - INFO - 成功保存股票信息: 688325
2026-02-15 22:51:35,626 - database.storage_service - INFO - 成功保存股票信息: 688260
2026-02-15 22:51:35,628 - database.storage_service - INFO - 成功保存股票信息: 301318
2026-02-15 22:51:35,629 - database.storage_service - INFO - 成功保存股票信息: 301221
2026-02-15 22:51:35,630 - database.storage_service - INFO - 成功保存股票信息: 002047
2026-02-15 22:51:35,631 - database.storage_service - INFO - 成功保存股票信息: 002990
2026-02-15 22:51:35,632 - database.storage_service - INFO - 成功保存股票信息: 688605
2026-02-15 22:51:35,635 - database.storage_service - INFO - 成功保存股票信息: 600080
2026-02-15 22:51:35,636 - database.storage_service - INFO - 成功保存股票信息: 688566
2026-02-15 22:51:35,638 - database.storage_service - INFO - 成功保存股票信息: 603950
2026-02-15 22:51:35,639 - database.storage_service - INFO - 成功保存股票信息: 300201
2026-02-15 22:51:35,640 - database.storage_service - INFO - 成功保存股票信息: 300826
2026-02-15 22:51:35,641 - database.storage_service - INFO - 成功保存股票信息: 603717
2026-02-15 22:51:35,642 - database.storage_service - INFO - 成功保存股票信息: 300512
2026-02-15 22:51:35,644 - database.storage_service - INFO - 成功保存股票信息: 300546
2026-02-15 22:51:35,645 - database.storage_service - INFO - 成功保存股票信息: 002587
2026-02-15 22:51:35,647 - database.storage_service - INFO - 成功保存股票信息: 605005
2026-02-15 22:51:35,649 - database.storage_service - INFO - 成功保存股票信息: 688137
2026-02-15 22:51:35,650 - database.storage_service - INFO - 成功保存股票信息: 600119
2026-02-15 22:51:35,652 - database.storage_service - INFO - 成功保存股票信息: 002767
2026-02-15 22:51:35,654 - database.storage_service - INFO - 成功保存股票信息: 002528
2026-02-15 22:51:35,655 - database.storage_service - INFO - 成功保存股票信息: 002265
2026-02-15 22:51:35,656 - database.storage_service - INFO - 成功保存股票信息: 000903
2026-02-15 22:51:35,658 - database.storage_service - INFO - 成功保存股票信息: 688152
2026-02-15 22:51:35,659 - database.storage_service - INFO - 成功保存股票信息: 002629
2026-02-15 22:51:35,660 - database.storage_service - INFO - 成功保存股票信息: 301596
2026-02-15 22:51:35,662 - database.storage_service - INFO - 成功保存股票信息: 920719
2026-02-15 22:51:35,665 - database.storage_service - INFO - 成功保存股票信息: 603679
2026-02-15 22:51:35,667 - database.storage_service - INFO - 成功保存股票信息: 600136
2026-02-15 22:51:35,670 - database.storage_service - INFO - 成功保存股票信息: 000576
2026-02-15 22:51:35,671 - database.storage_service - INFO - 成功保存股票信息: 301049
2026-02-15 22:51:35,673 - database.storage_service - INFO - 成功保存股票信息: 920346
2026-02-15 22:51:35,674 - database.storage_service - INFO - 成功保存股票信息: 603303
2026-02-15 22:51:35,676 - database.storage_service - INFO - 成功保存股票信息: 603876
2026-02-15 22:51:35,678 - database.storage_service - INFO - 成功保存股票信息: 002979
2026-02-15 22:51:35,680 - database.storage_service - INFO - 成功保存股票信息: 002899
2026-02-15 22:51:35,681 - database.storage_service - INFO - 成功保存股票信息: 300397
2026-02-15 22:51:35,684 - database.storage_service - INFO - 成功保存股票信息: 300175
2026-02-15 22:51:35,687 - database.storage_service - INFO - 成功保存股票信息: 000889
2026-02-15 22:51:35,688 - database.storage_service - INFO - 成功保存股票信息: 603085
2026-02-15 22:51:35,690 - database.storage_service - INFO - 成功保存股票信息: 300847
2026-02-15 22:51:35,692 - database.storage_service - INFO - 成功保存股票信息: 688273
2026-02-15 22:51:35,695 - database.storage_service - INFO - 成功保存股票信息: 603390
2026-02-15 22:51:35,697 - database.storage_service - INFO - 成功保存股票信息: 603915
2026-02-15 22:51:35,698 - database.storage_service - INFO - 成功保存股票信息: 301042
2026-02-15 22:51:35,702 - database.storage_service - INFO - 成功保存股票信息: 600539
2026-02-15 22:51:35,704 - database.storage_service - INFO - 成功保存股票信息: 300024
2026-02-15 22:51:35,706 - database.storage_service - INFO - 成功保存股票信息: 300604
2026-02-15 22:51:35,708 - database.storage_service - INFO - 成功保存股票信息: 605599
2026-02-15 22:51:35,710 - database.storage_service - INFO - 成功保存股票信息: 002348
2026-02-15 22:51:35,713 - database.storage_service - INFO - 成功保存股票信息: 300854
2026-02-15 22:51:35,715 - database.storage_service - INFO - 成功保存股票信息: 603728
2026-02-15 22:51:35,717 - database.storage_service - INFO - 成功保存股票信息: 002905
2026-02-15 22:51:35,718 - database.storage_service - INFO - 成功保存股票信息: 688378
2026-02-15 22:51:35,720 - database.storage_service - INFO - 成功保存股票信息: 603356
2026-02-15 22:51:35,722 - database.storage_service - INFO - 成功保存股票信息: 000955
2026-02-15 22:51:35,724 - database.storage_service - INFO - 成功保存股票信息: 000768
2026-02-15 22:51:35,726 - database.storage_service - INFO - 成功保存股票信息: 920527
2026-02-15 22:51:35,728 - database.storage_service - INFO - 成功保存股票信息: 002975
2026-02-15 22:51:35,729 - database.storage_service - INFO - 成功保存股票信息: 002591
2026-02-15 22:51:35,730 - database.storage_service - INFO - 成功保存股票信息: 300338
2026-02-15 22:51:35,732 - database.storage_service - INFO - 成功保存股票信息: 002848
2026-02-15 22:51:35,734 - database.storage_service - INFO - 成功保存股票信息: 301202
2026-02-15 22:51:35,736 - database.storage_service - INFO - 成功保存股票信息: 600520
2026-02-15 22:51:35,738 - database.storage_service - INFO - 成功保存股票信息: 600764
2026-02-15 22:51:35,740 - database.storage_service - INFO - 成功保存股票信息: 301059
2026-02-15 22:51:35,742 - database.storage_service - INFO - 成功保存股票信息: 300037
2026-02-15 22:51:35,744 - database.storage_service - INFO - 成功保存股票信息: 600128
2026-02-15 22:51:35,746 - database.storage_service - INFO - 成功保存股票信息: 603106
2026-02-15 22:51:35,749 - database.storage_service - INFO - 成功保存股票信息: 603196
2026-02-15 22:51:35,751 - database.storage_service - INFO - 成功保存股票信息: 688432
2026-02-15 22:51:35,754 - database.storage_service - INFO - 成功保存股票信息: 300457
2026-02-15 22:51:35,756 - database.storage_service - INFO - 成功保存股票信息: 600038
2026-02-15 22:51:35,760 - database.storage_service - INFO - 成功保存股票信息: 000678
2026-02-15 22:51:35,767 - database.storage_service - INFO - 成功保存股票信息: 600684
2026-02-15 22:51:35,770 - database.storage_service - INFO - 成功保存股票信息: 002892
2026-02-15 22:51:35,773 - database.storage_service - INFO - 成功保存股票信息: 301130
2026-02-15 22:51:35,775 - database.storage_service - INFO - 成功保存股票信息: 688489
2026-02-15 22:51:35,777 - database.storage_service - INFO - 成功保存股票信息: 000002
2026-02-15 22:51:35,779 - database.storage_service - INFO - 成功保存股票信息: 920579
2026-02-15 22:51:35,780 - database.storage_service - INFO - 成功保存股票信息: 002797
2026-02-15 22:51:35,784 - database.storage_service - INFO - 成功保存股票信息: 688045
2026-02-15 22:51:35,789 - database.storage_service - INFO - 成功保存股票信息: 301515
2026-02-15 22:51:35,794 - database.storage_service - INFO - 成功保存股票信息: 688092
2026-02-15 22:51:35,796 - database.storage_service - INFO - 成功保存股票信息: 301302
2026-02-15 22:51:35,799 - database.storage_service - INFO - 成功保存股票信息: 300437
2026-02-15 22:51:35,802 - database.storage_service - INFO - 成功保存股票信息: 300800
2026-02-15 22:51:35,805 - database.storage_service - INFO - 成功保存股票信息: 300249
2026-02-15 22:51:35,807 - database.storage_service - INFO - 成功保存股票信息: 300756
2026-02-15 22:51:35,810 - database.storage_service - INFO - 成功保存股票信息: 002976
2026-02-15 22:51:35,812 - database.storage_service - INFO - 成功保存股票信息: 603309
2026-02-15 22:51:35,813 - database.storage_service - INFO - 成功保存股票信息: 601606
2026-02-15 22:51:35,815 - database.storage_service - INFO - 成功保存股票信息: 300614
2026-02-15 22:51:35,819 - database.storage_service - INFO - 成功保存股票信息: 600971
2026-02-15 22:51:35,822 - database.storage_service - INFO - 成功保存股票信息: 920839
2026-02-15 22:51:35,824 - database.storage_service - INFO - 成功保存股票信息: 603350
2026-02-15 22:51:35,826 - database.storage_service - INFO - 成功保存股票信息: 688484
2026-02-15 22:51:35,829 - database.storage_service - INFO - 成功保存股票信息: 000863
2026-02-15 22:51:35,831 - database.storage_service - INFO - 成功保存股票信息: 603633
2026-02-15 22:51:35,835 - database.storage_service - INFO - 成功保存股票信息: 003015
2026-02-15 22:51:35,838 - database.storage_service - INFO - 成功保存股票信息: 920088
2026-02-15 22:51:35,840 - database.storage_service - INFO - 成功保存股票信息: 300768
2026-02-15 22:51:35,843 - database.storage_service - INFO - 成功保存股票信息: 603159
2026-02-15 22:51:35,846 - database.storage_service - INFO - 成功保存股票信息: 002190
2026-02-15 22:51:35,853 - database.storage_service - INFO - 成功保存股票信息: 300192
2026-02-15 22:51:35,864 - database.storage_service - INFO - 成功保存股票信息: 603335
2026-02-15 22:51:35,873 - database.storage_service - INFO - 成功保存股票信息: 603139
2026-02-15 22:51:35,875 - database.storage_service - INFO - 成功保存股票信息: 001335
2026-02-15 22:51:35,877 - database.storage_service - INFO - 成功保存股票信息: 600592
2026-02-15 22:51:35,880 - database.storage_service - INFO - 成功保存股票信息: 600436
2026-02-15 22:51:35,882 - database.storage_service - INFO - 成功保存股票信息: 603588
2026-02-15 22:51:35,886 - database.storage_service - INFO - 成功保存股票信息: 300411
2026-02-15 22:51:35,889 - database.storage_service - INFO - 成功保存股票信息: 300220
2026-02-15 22:51:35,890 - database.storage_service - INFO - 成功保存股票信息: 002633
2026-02-15 22:51:35,892 - database.storage_service - INFO - 成功保存股票信息: 000670
2026-02-15 22:51:35,894 - database.storage_service - INFO - 成功保存股票信息: 300055
2026-02-15 22:51:35,895 - database.storage_service - INFO - 成功保存股票信息: 300731
2026-02-15 22:51:35,897 - database.storage_service - INFO - 成功保存股票信息: 002999
2026-02-15 22:51:35,899 - database.storage_service - INFO - 成功保存股票信息: 605588
2026-02-15 22:51:35,901 - database.storage_service - INFO - 成功保存股票信息: 002076
2026-02-15 22:51:35,904 - database.storage_service - INFO - 成功保存股票信息: 001313
2026-02-15 22:51:35,907 - database.storage_service - INFO - 成功保存股票信息: 002992
2026-02-15 22:51:35,910 - database.storage_service - INFO - 成功保存股票信息: 603026
2026-02-15 22:51:35,912 - database.storage_service - INFO - 成功保存股票信息: 300227
2026-02-15 22:51:35,914 - database.storage_service - INFO - 成功保存股票信息: 300849
2026-02-15 22:51:35,916 - database.storage_service - INFO - 成功保存股票信息: 688623
2026-02-15 22:51:35,918 - database.storage_service - INFO - 成功保存股票信息: 002347
2026-02-15 22:51:35,920 - database.storage_service - INFO - 成功保存股票信息: 300876
2026-02-15 22:51:35,922 - database.storage_service - INFO - 成功保存股票信息: 000532
2026-02-15 22:51:35,925 - database.storage_service - INFO - 成功保存股票信息: 300988
2026-02-15 22:51:35,927 - database.storage_service - INFO - 成功保存股票信息: 300342
2026-02-15 22:51:35,928 - database.storage_service - INFO - 成功保存股票信息: 688033
2026-02-15 22:51:35,930 - database.storage_service - INFO - 成功保存股票信息: 300852
2026-02-15 22:51:35,931 - database.storage_service - INFO - 成功保存股票信息: 920029
2026-02-15 22:51:35,934 - database.storage_service - INFO - 成功保存股票信息: 002042
2026-02-15 22:51:35,936 - database.storage_service - INFO - 成功保存股票信息: 301108
2026-02-15 22:51:35,937 - database.storage_service - INFO - 成功保存股票信息: 300786
2026-02-15 22:51:35,939 - database.storage_service - INFO - 成功保存股票信息: 603239
2026-02-15 22:51:35,940 - database.storage_service - INFO - 成功保存股票信息: 300460
2026-02-15 22:51:35,942 - database.storage_service - INFO - 成功保存股票信息: 002858
2026-02-15 22:51:35,944 - database.storage_service - INFO - 成功保存股票信息: 603326
2026-02-15 22:51:35,945 - database.storage_service - INFO - 成功保存股票信息: 301399
2026-02-15 22:51:35,947 - database.storage_service - INFO - 成功保存股票信息: 920873
2026-02-15 22:51:35,949 - database.storage_service - INFO - 成功保存股票信息: 600099
2026-02-15 22:51:35,951 - database.storage_service - INFO - 成功保存股票信息: 301629
2026-02-15 22:51:35,953 - database.storage_service - INFO - 成功保存股票信息: 002885
2026-02-15 22:51:35,955 - database.storage_service - INFO - 成功保存股票信息: 300845
2026-02-15 22:51:35,956 - database.storage_service - INFO - 成功保存股票信息: 603017
2026-02-15 22:51:35,959 - database.storage_service - INFO - 成功保存股票信息: 688686
2026-02-15 22:51:35,962 - database.storage_service - INFO - 成功保存股票信息: 002869
2026-02-15 22:51:35,966 - database.storage_service - INFO - 成功保存股票信息: 920570
2026-02-15 22:51:35,970 - database.storage_service - INFO - 成功保存股票信息: 300972
2026-02-15 22:51:35,973 - database.storage_service - INFO - 成功保存股票信息: 605177
2026-02-15 22:51:35,977 - database.storage_service - INFO - 成功保存股票信息: 688151
2026-02-15 22:51:35,981 - database.storage_service - INFO - 成功保存股票信息: 300745
2026-02-15 22:51:35,984 - database.storage_service - INFO - 成功保存股票信息: 300883
2026-02-15 22:51:35,989 - database.storage_service - INFO - 成功保存股票信息: 688057
2026-02-15 22:51:35,992 - database.storage_service - INFO - 成功保存股票信息: 603949
2026-02-15 22:51:35,998 - database.storage_service - INFO - 成功保存股票信息: 688660
2026-02-15 22:51:36,002 - database.storage_service - INFO - 成功保存股票信息: 002083
2026-02-15 22:51:36,007 - database.storage_service - INFO - 成功保存股票信息: 000977
2026-02-15 22:51:36,012 - database.storage_service - INFO - 成功保存股票信息: 688197
2026-02-15 22:51:36,017 - database.storage_service - INFO - 成功保存股票信息: 301129
2026-02-15 22:51:36,022 - database.storage_service - INFO - 成功保存股票信息: 003023
2026-02-15 22:51:36,026 - database.storage_service - INFO - 成功保存股票信息: 300200
2026-02-15 22:51:36,030 - database.storage_service - INFO - 成功保存股票信息: 000978
2026-02-15 22:51:36,034 - database.storage_service - INFO - 成功保存股票信息: 301173
2026-02-15 22:51:36,040 - database.storage_service - INFO - 成功保存股票信息: 002403
2026-02-15 22:51:36,044 - database.storage_service - INFO - 成功保存股票信息: 301176
2026-02-15 22:51:36,047 - database.storage_service - INFO - 成功保存股票信息: 001256
2026-02-15 22:51:36,048 - database.storage_service - INFO - 成功保存股票信息: 600706
2026-02-15 22:51:36,050 - database.storage_service - INFO - 成功保存股票信息: 300123
2026-02-15 22:51:36,054 - database.storage_service - INFO - 成功保存股票信息: 003028
2026-02-15 22:51:36,056 - database.storage_service - INFO - 成功保存股票信息: 300184
2026-02-15 22:51:36,058 - database.storage_service - INFO - 成功保存股票信息: 300084
2026-02-15 22:51:36,060 - database.storage_service - INFO - 成功保存股票信息: 600158
2026-02-15 22:51:36,062 - database.storage_service - INFO - 成功保存股票信息: 000608
2026-02-15 22:51:36,065 - database.storage_service - INFO - 成功保存股票信息: 300886
2026-02-15 22:51:36,070 - database.storage_service - INFO - 成功保存股票信息: 600208
2026-02-15 22:51:36,075 - database.storage_service - INFO - 成功保存股票信息: 301588
2026-02-15 22:51:36,080 - database.storage_service - INFO - 成功保存股票信息: 600356
2026-02-15 22:51:36,086 - database.storage_service - INFO - 成功保存股票信息: 603091
2026-02-15 22:51:36,091 - database.storage_service - INFO - 成功保存股票信息: 300893
2026-02-15 22:51:36,094 - database.storage_service - INFO - 成功保存股票信息: 688262
2026-02-15 22:51:36,097 - database.storage_service - INFO - 成功保存股票信息: 300234
2026-02-15 22:51:36,099 - database.storage_service - INFO - 成功保存股票信息: 603677
2026-02-15 22:51:36,104 - database.storage_service - INFO - 成功保存股票信息: 300430
2026-02-15 22:51:36,106 - database.storage_service - INFO - 成功保存股票信息: 688716
2026-02-15 22:51:36,108 - database.storage_service - INFO - 成功保存股票信息: 600138
2026-02-15 22:51:36,110 - database.storage_service - INFO - 成功保存股票信息: 300599
2026-02-15 22:51:36,112 - database.storage_service - INFO - 成功保存股票信息: 600178
2026-02-15 22:51:36,113 - database.storage_service - INFO - 成功保存股票信息: 600203
2026-02-15 22:51:36,115 - database.storage_service - INFO - 成功保存股票信息: 600150
2026-02-15 22:51:36,116 - database.storage_service - INFO - 成功保存股票信息: 301248
2026-02-15 22:51:36,120 - database.storage_service - INFO - 成功保存股票信息: 001288
2026-02-15 22:51:36,122 - database.storage_service - INFO - 成功保存股票信息: 002240
2026-02-15 22:51:36,124 - database.storage_service - INFO - 成功保存股票信息: 300429
2026-02-15 22:51:36,126 - database.storage_service - INFO - 成功保存股票信息: 300652
2026-02-15 22:51:36,128 - database.storage_service - INFO - 成功保存股票信息: 688097
2026-02-15 22:51:36,130 - database.storage_service - INFO - 成功保存股票信息: 600892
2026-02-15 22:51:36,132 - database.storage_service - INFO - 成功保存股票信息: 002363
2026-02-15 22:51:36,135 - database.storage_service - INFO - 成功保存股票信息: 002942
2026-02-15 22:51:36,138 - database.storage_service - INFO - 成功保存股票信息: 301201
2026-02-15 22:51:36,140 - database.storage_service - INFO - 成功保存股票信息: 688099
2026-02-15 22:51:36,142 - database.storage_service - INFO - 成功保存股票信息: 000518
2026-02-15 22:51:36,144 - database.storage_service - INFO - 成功保存股票信息: 920833
2026-02-15 22:51:36,145 - database.storage_service - INFO - 成功保存股票信息: 002384
2026-02-15 22:51:36,147 - database.storage_service - INFO - 成功保存股票信息: 000766
2026-02-15 22:51:36,148 - database.storage_service - INFO - 成功保存股票信息: 688013
2026-02-15 22:51:36,149 - database.storage_service - INFO - 成功保存股票信息: 688215
2026-02-15 22:51:36,153 - database.storage_service - INFO - 成功保存股票信息: 688485
2026-02-15 22:51:36,154 - database.storage_service - INFO - 成功保存股票信息: 920651
2026-02-15 22:51:36,156 - database.storage_service - INFO - 成功保存股票信息: 301368
2026-02-15 22:51:36,158 - database.storage_service - INFO - 成功保存股票信息: 688757
2026-02-15 22:51:36,159 - database.storage_service - INFO - 成功保存股票信息: 605099
2026-02-15 22:51:36,160 - database.storage_service - INFO - 成功保存股票信息: 002059
2026-02-15 22:51:36,162 - database.storage_service - INFO - 成功保存股票信息: 001287
2026-02-15 22:51:36,165 - database.storage_service - INFO - 成功保存股票信息: 600568
2026-02-15 22:51:36,168 - database.storage_service - INFO - 成功保存股票信息: 300151
2026-02-15 22:51:36,171 - database.storage_service - INFO - 成功保存股票信息: 603029
2026-02-15 22:51:36,172 - database.storage_service - INFO - 成功保存股票信息: 301369
2026-02-15 22:51:36,174 - database.storage_service - INFO - 成功保存股票信息: 301353
2026-02-15 22:51:36,176 - database.storage_service - INFO - 成功保存股票信息: 002888
2026-02-15 22:51:36,178 - database.storage_service - INFO - 成功保存股票信息: 002590
2026-02-15 22:51:36,180 - database.storage_service - INFO - 成功保存股票信息: 301322
2026-02-15 22:51:36,182 - database.storage_service - INFO - 成功保存股票信息: 688256
2026-02-15 22:51:36,184 - database.storage_service - INFO - 成功保存股票信息: 300022
2026-02-15 22:51:36,186 - database.storage_service - INFO - 成功保存股票信息: 003019
2026-02-15 22:51:36,189 - database.storage_service - INFO - 成功保存股票信息: 301186
2026-02-15 22:51:36,191 - database.storage_service - INFO - 成功保存股票信息: 688551
2026-02-15 22:51:36,193 - database.storage_service - INFO - 成功保存股票信息: 300519
2026-02-15 22:51:36,195 - database.storage_service - INFO - 成功保存股票信息: 002911
2026-02-15 22:51:36,196 - database.storage_service - INFO - 成功保存股票信息: 002101
2026-02-15 22:51:36,198 - database.storage_service - INFO - 成功保存股票信息: 002475
2026-02-15 22:51:36,199 - database.storage_service - INFO - 成功保存股票信息: 000922
2026-02-15 22:51:36,203 - database.storage_service - INFO - 成功保存股票信息: 603002
2026-02-15 22:51:36,205 - database.storage_service - INFO - 成功保存股票信息: 002420
2026-02-15 22:51:36,206 - database.storage_service - INFO - 成功保存股票信息: 300838
2026-02-15 22:51:36,207 - database.storage_service - INFO - 成功保存股票信息: 300802
2026-02-15 22:51:36,209 - database.storage_service - INFO - 成功保存股票信息: 002389
2026-02-15 22:51:36,210 - database.storage_service - INFO - 成功保存股票信息: 603888
2026-02-15 22:51:36,212 - database.storage_service - INFO - 成功保存股票信息: 301491
2026-02-15 22:51:36,213 - database.storage_service - INFO - 成功保存股票信息: 002527
2026-02-15 22:51:36,214 - database.storage_service - INFO - 成功保存股票信息: 600697
2026-02-15 22:51:36,216 - database.storage_service - INFO - 成功保存股票信息: 920035
2026-02-15 22:51:36,218 - database.storage_service - INFO - 成功保存股票信息: 688218
2026-02-15 22:51:36,222 - database.storage_service - INFO - 成功保存股票信息: 603956
2026-02-15 22:51:36,225 - database.storage_service - INFO - 成功保存股票信息: 603324
2026-02-15 22:51:36,226 - database.storage_service - INFO - 成功保存股票信息: 002906
2026-02-15 22:51:36,228 - database.storage_service - INFO - 成功保存股票信息: 002414
2026-02-15 22:51:36,230 - database.storage_service - INFO - 成功保存股票信息: 920086
2026-02-15 22:51:36,231 - database.storage_service - INFO - 成功保存股票信息: 000572
2026-02-15 22:51:36,233 - database.storage_service - INFO - 成功保存股票信息: 920974
2026-02-15 22:51:36,236 - database.storage_service - INFO - 成功保存股票信息: 688290
2026-02-15 22:51:36,238 - database.storage_service - INFO - 成功保存股票信息: 300946
2026-02-15 22:51:36,240 - database.storage_service - INFO - 成功保存股票信息: 920270
2026-02-15 22:51:36,242 - database.storage_service - INFO - 成功保存股票信息: 920957
2026-02-15 22:51:36,244 - database.storage_service - INFO - 成功保存股票信息: 003043
2026-02-15 22:51:36,246 - database.storage_service - INFO - 成功保存股票信息: 002968
2026-02-15 22:51:36,248 - database.storage_service - INFO - 成功保存股票信息: 688130
2026-02-15 22:51:36,250 - database.storage_service - INFO - 成功保存股票信息: 301592
2026-02-15 22:51:36,254 - database.storage_service - INFO - 成功保存股票信息: 001314
2026-02-15 22:51:36,255 - database.storage_service - INFO - 成功保存股票信息: 300992
2026-02-15 22:51:36,258 - database.storage_service - INFO - 成功保存股票信息: 920000
2026-02-15 22:51:36,259 - database.storage_service - INFO - 成功保存股票信息: 600716
2026-02-15 22:51:36,261 - database.storage_service - INFO - 成功保存股票信息: 002596
2026-02-15 22:51:36,263 - database.storage_service - INFO - 成功保存股票信息: 605118
2026-02-15 22:51:36,264 - database.storage_service - INFO - 成功保存股票信息: 003004
2026-02-15 22:51:36,266 - database.storage_service - INFO - 成功保存股票信息: 002564
2026-02-15 22:51:36,268 - database.storage_service - INFO - 成功保存股票信息: 301199
2026-02-15 22:51:36,270 - database.storage_service - INFO - 成功保存股票信息: 301037
2026-02-15 22:51:36,272 - database.storage_service - INFO - 成功保存股票信息: 688125
2026-02-15 22:51:36,274 - database.storage_service - INFO - 成功保存股票信息: 001228
2026-02-15 22:51:36,275 - database.storage_service - INFO - 成功保存股票信息: 002696
2026-02-15 22:51:36,278 - database.storage_service - INFO - 成功保存股票信息: 688236
2026-02-15 22:51:36,280 - database.storage_service - INFO - 成功保存股票信息: 003027
2026-02-15 22:51:36,282 - database.storage_service - INFO - 成功保存股票信息: 601096
2026-02-15 22:51:36,285 - database.storage_service - INFO - 成功保存股票信息: 605299
2026-02-15 22:51:36,287 - database.storage_service - INFO - 成功保存股票信息: 688326
2026-02-15 22:51:36,289 - database.storage_service - INFO - 成功保存股票信息: 600515
2026-02-15 22:51:36,290 - database.storage_service - INFO - 成功保存股票信息: 001202
2026-02-15 22:51:36,292 - database.storage_service - INFO - 成功保存股票信息: 920871
2026-02-15 22:51:36,294 - database.storage_service - INFO - 成功保存股票信息: 300308
2026-02-15 22:51:36,295 - database.storage_service - INFO - 成功保存股票信息: 001216
2026-02-15 22:51:36,297 - database.storage_service - INFO - 成功保存股票信息: 002677
2026-02-15 22:51:36,298 - database.storage_service - INFO - 成功保存股票信息: 688162
2026-02-15 22:51:36,300 - database.storage_service - INFO - 成功保存股票信息: 300489
2026-02-15 22:51:36,303 - database.storage_service - INFO - 成功保存股票信息: 603190
2026-02-15 22:51:36,304 - database.storage_service - INFO - 成功保存股票信息: 603859
2026-02-15 22:51:36,306 - database.storage_service - INFO - 成功保存股票信息: 002845
2026-02-15 22:51:36,307 - database.storage_service - INFO - 成功保存股票信息: 920021
2026-02-15 22:51:36,309 - database.storage_service - INFO - 成功保存股票信息: 000980
2026-02-15 22:51:36,311 - database.storage_service - INFO - 成功保存股票信息: 000981
2026-02-15 22:51:36,312 - database.storage_service - INFO - 成功保存股票信息: 000596
2026-02-15 22:51:36,315 - database.storage_service - INFO - 成功保存股票信息: 600802
2026-02-15 22:51:36,316 - database.storage_service - INFO - 成功保存股票信息: 688071
2026-02-15 22:51:36,318 - database.storage_service - INFO - 成功保存股票信息: 002586
2026-02-15 22:51:36,320 - database.storage_service - INFO - 成功保存股票信息: 300333
2026-02-15 22:51:36,322 - database.storage_service - INFO - 成功保存股票信息: 300717
2026-02-15 22:51:36,325 - database.storage_service - INFO - 成功保存股票信息: 001207
2026-02-15 22:51:36,327 - database.storage_service - INFO - 成功保存股票信息: 300710
2026-02-15 22:51:36,329 - database.storage_service - INFO - 成功保存股票信息: 601212
2026-02-15 22:51:36,330 - database.storage_service - INFO - 成功保存股票信息: 300842
2026-02-15 22:51:36,331 - database.storage_service - INFO - 成功保存股票信息: 603709
2026-02-15 22:51:36,333 - database.storage_service - INFO - 成功保存股票信息: 603517
2026-02-15 22:51:36,335 - database.storage_service - INFO - 成功保存股票信息: 688098
2026-02-15 22:51:36,337 - database.storage_service - INFO - 成功保存股票信息: 603700
2026-02-15 22:51:36,338 - database.storage_service - INFO - 成功保存股票信息: 301337
2026-02-15 22:51:36,340 - database.storage_service - INFO - 成功保存股票信息: 688084
2026-02-15 22:51:36,341 - database.storage_service - INFO - 成功保存股票信息: 600540
2026-02-15 22:51:36,343 - database.storage_service - INFO - 成功保存股票信息: 002111
2026-02-15 22:51:36,345 - database.storage_service - INFO - 成功保存股票信息: 600712
2026-02-15 22:51:36,346 - database.storage_service - INFO - 成功保存股票信息: 688170
2026-02-15 22:51:36,347 - database.storage_service - INFO - 成功保存股票信息: 600250
2026-02-15 22:51:36,349 - database.storage_service - INFO - 成功保存股票信息: 601001
2026-02-15 22:51:36,351 - database.storage_service - INFO - 成功保存股票信息: 600340
2026-02-15 22:51:36,354 - database.storage_service - INFO - 成功保存股票信息: 600846
2026-02-15 22:51:36,356 - database.storage_service - INFO - 成功保存股票信息: 920475
2026-02-15 22:51:36,357 - database.storage_service - INFO - 成功保存股票信息: 603270
2026-02-15 22:51:36,359 - database.storage_service - INFO - 成功保存股票信息: 300696
2026-02-15 22:51:36,360 - database.storage_service - INFO - 成功保存股票信息: 002985
2026-02-15 22:51:36,362 - database.storage_service - INFO - 成功保存股票信息: 603022
2026-02-15 22:51:36,363 - database.storage_service - INFO - 成功保存股票信息: 600419
2026-02-15 22:51:36,365 - database.storage_service - INFO - 成功保存股票信息: 002855
2026-02-15 22:51:36,366 - database.storage_service - INFO - 成功保存股票信息: 002717
2026-02-15 22:51:36,369 - database.storage_service - INFO - 成功保存股票信息: 605180
2026-02-15 22:51:36,370 - database.storage_service - INFO - 成功保存股票信息: 600415
2026-02-15 22:51:36,372 - database.storage_service - INFO - 成功保存股票信息: 301167
2026-02-15 22:51:36,373 - database.storage_service - INFO - 成功保存股票信息: 300304
2026-02-15 22:51:36,375 - database.storage_service - INFO - 成功保存股票信息: 002542
2026-02-15 22:51:36,376 - database.storage_service - INFO - 成功保存股票信息: 688181
2026-02-15 22:51:36,377 - database.storage_service - INFO - 成功保存股票信息: 688198
2026-02-15 22:51:36,379 - database.storage_service - INFO - 成功保存股票信息: 603810
2026-02-15 22:51:36,380 - database.storage_service - INFO - 成功保存股票信息: 600927
2026-02-15 22:51:36,381 - database.storage_service - INFO - 成功保存股票信息: 600650
2026-02-15 22:51:36,383 - database.storage_service - INFO - 成功保存股票信息: 600523
2026-02-15 22:51:36,384 - database.storage_service - INFO - 成功保存股票信息: 605122
2026-02-15 22:51:36,386 - database.storage_service - INFO - 成功保存股票信息: 300687
2026-02-15 22:51:36,389 - database.storage_service - INFO - 成功保存股票信息: 002708
2026-02-15 22:51:36,391 - database.storage_service - INFO - 成功保存股票信息: 301076
2026-02-15 22:51:36,392 - database.storage_service - INFO - 成功保存股票信息: 002962
2026-02-15 22:51:36,393 - database.storage_service - INFO - 成功保存股票信息: 605577
2026-02-15 22:51:36,395 - database.storage_service - INFO - 成功保存股票信息: 600854
2026-02-15 22:51:36,396 - database.storage_service - INFO - 成功保存股票信息: 603189
2026-02-15 22:51:36,397 - database.storage_service - INFO - 成功保存股票信息: 002200
2026-02-15 22:51:36,399 - database.storage_service - INFO - 成功保存股票信息: 920491
2026-02-15 22:51:36,400 - database.storage_service - INFO - 成功保存股票信息: 600012
2026-02-15 22:51:36,403 - database.storage_service - INFO - 成功保存股票信息: 300354
2026-02-15 22:51:36,405 - database.storage_service - INFO - 成功保存股票信息: 600382
2026-02-15 22:51:36,407 - database.storage_service - INFO - 成功保存股票信息: 600775
2026-02-15 22:51:36,408 - database.storage_service - INFO - 成功保存股票信息: 002185
2026-02-15 22:51:36,410 - database.storage_service - INFO - 成功保存股票信息: 605378
2026-02-15 22:51:36,411 - database.storage_service - INFO - 成功保存股票信息: 002107
2026-02-15 22:51:36,412 - database.storage_service - INFO - 成功保存股票信息: 688335
2026-02-15 22:51:36,414 - database.storage_service - INFO - 成功保存股票信息: 300841
2026-02-15 22:51:36,415 - database.storage_service - INFO - 成功保存股票信息: 300484
2026-02-15 22:51:36,417 - database.storage_service - INFO - 成功保存股票信息: 301365
2026-02-15 22:51:36,421 - database.storage_service - INFO - 成功保存股票信息: 300126
2026-02-15 22:51:36,423 - database.storage_service - INFO - 成功保存股票信息: 301195
2026-02-15 22:51:36,425 - database.storage_service - INFO - 成功保存股票信息: 002378
2026-02-15 22:51:36,426 - database.storage_service - INFO - 成功保存股票信息: 600665
2026-02-15 22:51:36,427 - database.storage_service - INFO - 成功保存股票信息: 301559
2026-02-15 22:51:36,429 - database.storage_service - INFO - 成功保存股票信息: 300086
2026-02-15 22:51:36,431 - database.storage_service - INFO - 成功保存股票信息: 300550
2026-02-15 22:51:36,432 - database.storage_service - INFO - 成功保存股票信息: 002162
2026-02-15 22:51:36,433 - database.storage_service - INFO - 成功保存股票信息: 300032
2026-02-15 22:51:36,436 - database.storage_service - INFO - 成功保存股票信息: 600313
2026-02-15 22:51:36,438 - database.storage_service - INFO - 成功保存股票信息: 300307
2026-02-15 22:51:36,439 - database.storage_service - INFO - 成功保存股票信息: 603289
2026-02-15 22:51:36,440 - database.storage_service - INFO - 成功保存股票信息: 300680
2026-02-15 22:51:36,442 - database.storage_service - INFO - 成功保存股票信息: 000568
2026-02-15 22:51:36,443 - database.storage_service - INFO - 成功保存股票信息: 002362
2026-02-15 22:51:36,445 - database.storage_service - INFO - 成功保存股票信息: 300994
2026-02-15 22:51:36,446 - database.storage_service - INFO - 成功保存股票信息: 301210
2026-02-15 22:51:36,448 - database.storage_service - INFO - 成功保存股票信息: 600560
2026-02-15 22:51:36,449 - database.storage_service - INFO - 成功保存股票信息: 603386
2026-02-15 22:51:36,452 - database.storage_service - INFO - 成功保存股票信息: 000856
2026-02-15 22:51:36,454 - database.storage_service - INFO - 成功保存股票信息: 301087
2026-02-15 22:51:36,455 - database.storage_service - INFO - 成功保存股票信息: 002436
2026-02-15 22:51:36,457 - database.storage_service - INFO - 成功保存股票信息: 000735
2026-02-15 22:51:36,458 - database.storage_service - INFO - 成功保存股票信息: 300771
2026-02-15 22:51:36,459 - database.storage_service - INFO - 成功保存股票信息: 002829
2026-02-15 22:51:36,461 - database.storage_service - INFO - 成功保存股票信息: 002033
2026-02-15 22:51:36,462 - database.storage_service - INFO - 成功保存股票信息: 920175
2026-02-15 22:51:36,464 - database.storage_service - INFO - 成功保存股票信息: 300998
2026-02-15 22:51:36,465 - database.storage_service - INFO - 成功保存股票信息: 601588
2026-02-15 22:51:36,467 - database.storage_service - INFO - 成功保存股票信息: 600143
2026-02-15 22:51:36,469 - database.storage_service - INFO - 成功保存股票信息: 301112
2026-02-15 22:51:36,471 - database.storage_service - INFO - 成功保存股票信息: 002067
2026-02-15 22:51:36,473 - database.storage_service - INFO - 成功保存股票信息: 603890
2026-02-15 22:51:36,474 - database.storage_service - INFO - 成功保存股票信息: 603366
2026-02-15 22:51:36,476 - database.storage_service - INFO - 成功保存股票信息: 002846
2026-02-15 22:51:36,477 - database.storage_service - INFO - 成功保存股票信息: 300666
2026-02-15 22:51:36,479 - database.storage_service - INFO - 成功保存股票信息: 300816
2026-02-15 22:51:36,481 - database.storage_service - INFO - 成功保存股票信息: 301103
2026-02-15 22:51:36,482 - database.storage_service - INFO - 成功保存股票信息: 300629
2026-02-15 22:51:36,483 - database.storage_service - INFO - 成功保存股票信息: 300747
2026-02-15 22:51:36,486 - database.storage_service - INFO - 成功保存股票信息: 301169
2026-02-15 22:51:36,488 - database.storage_service - INFO - 成功保存股票信息: 603615
2026-02-15 22:51:36,490 - database.storage_service - INFO - 成功保存股票信息: 600081
2026-02-15 22:51:36,491 - database.storage_service - INFO - 成功保存股票信息: 600774
2026-02-15 22:51:36,493 - database.storage_service - INFO - 成功保存股票信息: 300501
2026-02-15 22:51:36,494 - database.storage_service - INFO - 成功保存股票信息: 002553
2026-02-15 22:51:36,496 - database.storage_service - INFO - 成功保存股票信息: 601888
2026-02-15 22:51:36,498 - database.storage_service - INFO - 成功保存股票信息: 688543
2026-02-15 22:51:36,499 - database.storage_service - INFO - 成功保存股票信息: 000952
2026-02-15 22:51:36,502 - database.storage_service - INFO - 成功保存股票信息: 002981
2026-02-15 22:51:36,504 - database.storage_service - INFO - 成功保存股票信息: 002735
2026-02-15 22:51:36,506 - database.storage_service - INFO - 成功保存股票信息: 920855
2026-02-15 22:51:36,507 - database.storage_service - INFO - 成功保存股票信息: 600051
2026-02-15 22:51:36,508 - database.storage_service - INFO - 成功保存股票信息: 300013
2026-02-15 22:51:36,510 - database.storage_service - INFO - 成功保存股票信息: 688486
2026-02-15 22:51:36,511 - database.storage_service - INFO - 成功保存股票信息: 002213
2026-02-15 22:51:36,513 - database.storage_service - INFO - 成功保存股票信息: 300951
2026-02-15 22:51:36,514 - database.storage_service - INFO - 成功保存股票信息: 600698
2026-02-15 22:51:36,515 - database.storage_service - INFO - 成功保存股票信息: 300793
2026-02-15 22:51:36,518 - database.storage_service - INFO - 成功保存股票信息: 002849
2026-02-15 22:51:36,520 - database.storage_service - INFO - 成功保存股票信息: 600777
2026-02-15 22:51:36,521 - database.storage_service - INFO - 成功保存股票信息: 600463
2026-02-15 22:51:36,523 - database.storage_service - INFO - 成功保存股票信息: 603226
2026-02-15 22:51:36,524 - database.storage_service - INFO - 成功保存股票信息: 603936
2026-02-15 22:51:36,526 - database.storage_service - INFO - 成功保存股票信息: 300326
2026-02-15 22:51:36,528 - database.storage_service - INFO - 成功保存股票信息: 600509
2026-02-15 22:51:36,529 - database.storage_service - INFO - 成功保存股票信息: 603137
2026-02-15 22:51:36,530 - database.storage_service - INFO - 成功保存股票信息: 300965
2026-02-15 22:51:36,532 - database.storage_service - INFO - 成功保存股票信息: 920091
2026-02-15 22:51:36,534 - database.storage_service - INFO - 成功保存股票信息: 300637
2026-02-15 22:51:36,536 - database.storage_service - INFO - 成功保存股票信息: 603895
2026-02-15 22:51:36,537 - database.storage_service - INFO - 成功保存股票信息: 002873
2026-02-15 22:51:36,539 - database.storage_service - INFO - 成功保存股票信息: 002559
2026-02-15 22:51:36,540 - database.storage_service - INFO - 成功保存股票信息: 600107
2026-02-15 22:51:36,541 - database.storage_service - INFO - 成功保存股票信息: 001366
2026-02-15 22:51:36,542 - database.storage_service - INFO - 成功保存股票信息: 301539
2026-02-15 22:51:36,544 - database.storage_service - INFO - 成功保存股票信息: 002806
2026-02-15 22:51:36,545 - database.storage_service - INFO - 成功保存股票信息: 688307
2026-02-15 22:51:36,546 - database.storage_service - INFO - 成功保存股票信息: 300665
2026-02-15 22:51:36,547 - database.storage_service - INFO - 成功保存股票信息: 002472
2026-02-15 22:51:36,549 - database.storage_service - INFO - 成功保存股票信息: 002627
2026-02-15 22:51:36,550 - database.storage_service - INFO - 成功保存股票信息: 920792
2026-02-15 22:51:36,553 - database.storage_service - INFO - 成功保存股票信息: 688729
2026-02-15 22:51:36,554 - database.storage_service - INFO - 成功保存股票信息: 688148
2026-02-15 22:51:36,556 - database.storage_service - INFO - 成功保存股票信息: 300661
2026-02-15 22:51:36,557 - database.storage_service - INFO - 成功保存股票信息: 301246
2026-02-15 22:51:36,558 - database.storage_service - INFO - 成功保存股票信息: 000911
2026-02-15 22:51:36,559 - database.storage_service - INFO - 成功保存股票信息: 002395
2026-02-15 22:51:36,561 - database.storage_service - INFO - 成功保存股票信息: 301072
2026-02-15 22:51:36,562 - database.storage_service - INFO - 成功保存股票信息: 002921
2026-02-15 22:51:36,563 - database.storage_service - INFO - 成功保存股票信息: 002775
2026-02-15 22:51:36,564 - database.storage_service - INFO - 成功保存股票信息: 000573
2026-02-15 22:51:36,566 - database.storage_service - INFO - 成功保存股票信息: 002600
2026-02-15 22:51:36,568 - database.storage_service - INFO - 成功保存股票信息: 920640
2026-02-15 22:51:36,570 - database.storage_service - INFO - 成功保存股票信息: 000697
2026-02-15 22:51:36,571 - database.storage_service - INFO - 成功保存股票信息: 301448
2026-02-15 22:51:36,573 - database.storage_service - INFO - 成功保存股票信息: 001234
2026-02-15 22:51:36,574 - database.storage_service - INFO - 成功保存股票信息: 688557
2026-02-15 22:51:36,575 - database.storage_service - INFO - 成功保存股票信息: 600371
2026-02-15 22:51:36,576 - database.storage_service - INFO - 成功保存股票信息: 300011
2026-02-15 22:51:36,578 - database.storage_service - INFO - 成功保存股票信息: 603880
2026-02-15 22:51:36,579 - database.storage_service - INFO - 成功保存股票信息: 002228
2026-02-15 22:51:36,580 - database.storage_service - INFO - 成功保存股票信息: 688053
2026-02-15 22:51:36,581 - database.storage_service - INFO - 成功保存股票信息: 000628
2026-02-15 22:51:36,583 - database.storage_service - INFO - 成功保存股票信息: 920030
2026-02-15 22:51:36,586 - database.storage_service - INFO - 成功保存股票信息: 300922
2026-02-15 22:51:36,587 - database.storage_service - INFO - 成功保存股票信息: 688633
2026-02-15 22:51:36,589 - database.storage_service - INFO - 成功保存股票信息: 301127
2026-02-15 22:51:36,590 - database.storage_service - INFO - 成功保存股票信息: 920363
2026-02-15 22:51:36,591 - database.storage_service - INFO - 成功保存股票信息: 603203
2026-02-15 22:51:36,592 - database.storage_service - INFO - 成功保存股票信息: 688449
2026-02-15 22:51:36,594 - database.storage_service - INFO - 成功保存股票信息: 301303
2026-02-15 22:51:36,595 - database.storage_service - INFO - 成功保存股票信息: 605500
2026-02-15 22:51:36,596 - database.storage_service - INFO - 成功保存股票信息: 688370
2026-02-15 22:51:36,597 - database.storage_service - INFO - 成功保存股票信息: 603662
2026-02-15 22:51:36,599 - database.storage_service - INFO - 成功保存股票信息: 600609
2026-02-15 22:51:36,600 - database.storage_service - INFO - 成功保存股票信息: 605567
2026-02-15 22:51:36,602 - database.storage_service - INFO - 成功保存股票信息: 300675
2026-02-15 22:51:36,603 - database.storage_service - INFO - 成功保存股票信息: 002682
2026-02-15 22:51:36,605 - database.storage_service - INFO - 成功保存股票信息: 300822
2026-02-15 22:51:36,606 - database.storage_service - INFO - 成功保存股票信息: 920879
2026-02-15 22:51:36,607 - database.storage_service - INFO - 成功保存股票信息: 002576
2026-02-15 22:51:36,608 - database.storage_service - INFO - 成功保存股票信息: 000702
2026-02-15 22:51:36,609 - database.storage_service - INFO - 成功保存股票信息: 603008
2026-02-15 22:51:36,611 - database.storage_service - INFO - 成功保存股票信息: 300405
2026-02-15 22:51:36,612 - database.storage_service - INFO - 成功保存股票信息: 300007
2026-02-15 22:51:36,613 - database.storage_service - INFO - 成功保存股票信息: 300741
2026-02-15 22:51:36,614 - database.storage_service - INFO - 成功保存股票信息: 688039
2026-02-15 22:51:36,616 - database.storage_service - INFO - 成功保存股票信息: 603909
2026-02-15 22:51:36,618 - database.storage_service - INFO - 成功保存股票信息: 301586
2026-02-15 22:51:36,619 - database.storage_service - INFO - 成功保存股票信息: 301260
2026-02-15 22:51:36,620 - database.storage_service - INFO - 成功保存股票信息: 301065
2026-02-15 22:51:36,622 - database.storage_service - INFO - 成功保存股票信息: 600235
2026-02-15 22:51:36,623 - database.storage_service - INFO - 成功保存股票信息: 920564
2026-02-15 22:51:36,624 - database.storage_service - INFO - 成功保存股票信息: 600257
2026-02-15 22:51:36,625 - database.storage_service - INFO - 成功保存股票信息: 300082
2026-02-15 22:51:36,626 - database.storage_service - INFO - 成功保存股票信息: 605058
2026-02-15 22:51:36,628 - database.storage_service - INFO - 成功保存股票信息: 300340
2026-02-15 22:51:36,629 - database.storage_service - INFO - 成功保存股票信息: 000430
2026-02-15 22:51:36,631 - database.storage_service - INFO - 成功保存股票信息: 002685
2026-02-15 22:51:36,632 - database.storage_service - INFO - 成功保存股票信息: 688268
2026-02-15 22:51:36,633 - database.storage_service - INFO - 成功保存股票信息: 301512
2026-02-15 22:51:36,636 - database.storage_service - INFO - 成功保存股票信息: 300275
2026-02-15 22:51:36,637 - database.storage_service - INFO - 成功保存股票信息: 002632
2026-02-15 22:51:36,639 - database.storage_service - INFO - 成功保存股票信息: 300503
2026-02-15 22:51:36,640 - database.storage_service - INFO - 成功保存股票信息: 603217
2026-02-15 22:51:36,641 - database.storage_service - INFO - 成功保存股票信息: 920403
2026-02-15 22:51:36,642 - database.storage_service - INFO - 成功保存股票信息: 300669
2026-02-15 22:51:36,644 - database.storage_service - INFO - 成功保存股票信息: 688500
2026-02-15 22:51:36,645 - database.storage_service - INFO - 成功保存股票信息: 920204
2026-02-15 22:51:36,646 - database.storage_service - INFO - 成功保存股票信息: 002748
2026-02-15 22:51:36,647 - database.storage_service - INFO - 成功保存股票信息: 603797
2026-02-15 22:51:36,648 - database.storage_service - INFO - 成功保存股票信息: 000029
2026-02-15 22:51:36,650 - database.storage_service - INFO - 成功保存股票信息: 001358
2026-02-15 22:51:36,652 - database.storage_service - INFO - 成功保存股票信息: 300500
2026-02-15 22:51:36,654 - database.storage_service - INFO - 成功保存股票信息: 000838
2026-02-15 22:51:36,656 - database.storage_service - INFO - 成功保存股票信息: 300789
2026-02-15 22:51:36,657 - database.storage_service - INFO - 成功保存股票信息: 920599
2026-02-15 22:51:36,658 - database.storage_service - INFO - 成功保存股票信息: 300247
2026-02-15 22:51:36,659 - database.storage_service - INFO - 成功保存股票信息: 300964
2026-02-15 22:51:36,661 - database.storage_service - INFO - 成功保存股票信息: 002789
2026-02-15 22:51:36,662 - database.storage_service - INFO - 成功保存股票信息: 002725
2026-02-15 22:51:36,663 - database.storage_service - INFO - 成功保存股票信息: 688129
2026-02-15 22:51:36,664 - database.storage_service - INFO - 成功保存股票信息: 002687
2026-02-15 22:51:36,666 - database.storage_service - INFO - 成功保存股票信息: 300187
2026-02-15 22:51:36,668 - database.storage_service - INFO - 成功保存股票信息: 600933
2026-02-15 22:51:36,669 - database.storage_service - INFO - 成功保存股票信息: 301025
2026-02-15 22:51:36,671 - database.storage_service - INFO - 成功保存股票信息: 301185
2026-02-15 22:51:36,672 - database.storage_service - INFO - 成功保存股票信息: 002036
2026-02-15 22:51:36,673 - database.storage_service - INFO - 成功保存股票信息: 002530
2026-02-15 22:51:36,674 - database.storage_service - INFO - 成功保存股票信息: 300176
2026-02-15 22:51:36,676 - database.storage_service - INFO - 成功保存股票信息: 600543
2026-02-15 22:51:36,677 - database.storage_service - INFO - 成功保存股票信息: 000519
2026-02-15 22:51:36,678 - database.storage_service - INFO - 成功保存股票信息: 300817
2026-02-15 22:51:36,680 - database.storage_service - INFO - 成功保存股票信息: 603611
2026-02-15 22:51:36,681 - database.storage_service - INFO - 成功保存股票信息: 301053
2026-02-15 22:51:36,682 - database.storage_service - INFO - 成功保存股票信息: 688618
2026-02-15 22:51:36,684 - database.storage_service - INFO - 成功保存股票信息: 300129
2026-02-15 22:51:36,686 - database.storage_service - INFO - 成功保存股票信息: 920110
2026-02-15 22:51:36,687 - database.storage_service - INFO - 成功保存股票信息: 002284
2026-02-15 22:51:36,689 - database.storage_service - INFO - 成功保存股票信息: 688168
2026-02-15 22:51:36,690 - database.storage_service - INFO - 成功保存股票信息: 600113
2026-02-15 22:51:36,691 - database.storage_service - INFO - 成功保存股票信息: 003003
2026-02-15 22:51:36,692 - database.storage_service - INFO - 成功保存股票信息: 603978
2026-02-15 22:51:36,694 - database.storage_service - INFO - 成功保存股票信息: 300928
2026-02-15 22:51:36,695 - database.storage_service - INFO - 成功保存股票信息: 300278
2026-02-15 22:51:36,697 - database.storage_service - INFO - 成功保存股票信息: 002779
2026-02-15 22:51:36,698 - database.storage_service - INFO - 成功保存股票信息: 002316
2026-02-15 22:51:36,699 - database.storage_service - INFO - 成功保存股票信息: 300537
2026-02-15 22:51:36,701 - database.storage_service - INFO - 成功保存股票信息: 300049
2026-02-15 22:51:36,703 - database.storage_service - INFO - 成功保存股票信息: 603499
2026-02-15 22:51:36,704 - database.storage_service - INFO - 成功保存股票信息: 300115
2026-02-15 22:51:36,705 - database.storage_service - INFO - 成功保存股票信息: 002494
2026-02-15 22:51:36,706 - database.storage_service - INFO - 成功保存股票信息: 688450
2026-02-15 22:51:36,708 - database.storage_service - INFO - 成功保存股票信息: 300899
2026-02-15 22:51:36,709 - database.storage_service - INFO - 成功保存股票信息: 002786
2026-02-15 22:51:36,710 - database.storage_service - INFO - 成功保存股票信息: 603360
2026-02-15 22:51:36,711 - database.storage_service - INFO - 成功保存股票信息: 688233
2026-02-15 22:51:36,713 - database.storage_service - INFO - 成功保存股票信息: 301383
2026-02-15 22:51:36,714 - database.storage_service - INFO - 成功保存股票信息: 300568
2026-02-15 22:51:36,715 - database.storage_service - INFO - 成功保存股票信息: 603997
2026-02-15 22:51:36,718 - database.storage_service - INFO - 成功保存股票信息: 300165
2026-02-15 22:51:36,719 - database.storage_service - INFO - 成功保存股票信息: 300412
2026-02-15 22:51:36,721 - database.storage_service - INFO - 成功保存股票信息: 920885
2026-02-15 22:51:36,722 - database.storage_service - INFO - 成功保存股票信息: 300539
2026-02-15 22:51:36,723 - database.storage_service - INFO - 成功保存股票信息: 920781
2026-02-15 22:51:36,724 - database.storage_service - INFO - 成功保存股票信息: 002212
2026-02-15 22:51:36,725 - database.storage_service - INFO - 成功保存股票信息: 688638
2026-02-15 22:51:36,727 - database.storage_service - INFO - 成功保存股票信息: 600182
2026-02-15 22:51:36,728 - database.storage_service - INFO - 成功保存股票信息: 601136
2026-02-15 22:51:36,729 - database.storage_service - INFO - 成功保存股票信息: 002106
2026-02-15 22:51:36,730 - database.storage_service - INFO - 成功保存股票信息: 002023
2026-02-15 22:51:36,732 - database.storage_service - INFO - 成功保存股票信息: 688298
2026-02-15 22:51:36,733 - database.storage_service - INFO - 成功保存股票信息: 300389
2026-02-15 22:51:36,735 - database.storage_service - INFO - 成功保存股票信息: 300520
2026-02-15 22:51:36,737 - database.storage_service - INFO - 成功保存股票信息: 688049
2026-02-15 22:51:36,738 - database.storage_service - INFO - 成功保存股票信息: 300536
2026-02-15 22:51:36,739 - database.storage_service - INFO - 成功保存股票信息: 002691
2026-02-15 22:51:36,741 - database.storage_service - INFO - 成功保存股票信息: 000042
2026-02-15 22:51:36,742 - database.storage_service - INFO - 成功保存股票信息: 301571
2026-02-15 22:51:36,743 - database.storage_service - INFO - 成功保存股票信息: 920008
2026-02-15 22:51:36,745 - database.storage_service - INFO - 成功保存股票信息: 600579
2026-02-15 22:51:36,746 - database.storage_service - INFO - 成功保存股票信息: 000701
2026-02-15 22:51:36,747 - database.storage_service - INFO - 成功保存股票信息: 301115
2026-02-15 22:51:36,748 - database.storage_service - INFO - 成功保存股票信息: 300735
2026-02-15 22:51:36,751 - database.storage_service - INFO - 成功保存股票信息: 002486
2026-02-15 22:51:36,753 - database.storage_service - INFO - 成功保存股票信息: 002175
2026-02-15 22:51:36,754 - database.storage_service - INFO - 成功保存股票信息: 002021
2026-02-15 22:51:36,756 - database.storage_service - INFO - 成功保存股票信息: 603557
2026-02-15 22:51:36,758 - database.storage_service - INFO - 成功保存股票信息: 002122
2026-02-15 22:51:36,759 - database.storage_service - INFO - 成功保存股票信息: 002463
2026-02-15 22:51:36,760 - database.storage_service - INFO - 成功保存股票信息: 920014
2026-02-15 22:51:36,761 - database.storage_service - INFO - 成功保存股票信息: 301075
2026-02-15 22:51:36,763 - database.storage_service - INFO - 成功保存股票信息: 688496
2026-02-15 22:51:36,764 - database.storage_service - INFO - 成功保存股票信息: 603182
2026-02-15 22:51:36,765 - database.storage_service - INFO - 成功保存股票信息: 300203
2026-02-15 22:51:36,767 - database.storage_service - INFO - 成功保存股票信息: 300608
2026-02-15 22:51:36,769 - database.storage_service - INFO - 成功保存股票信息: 600054
2026-02-15 22:51:36,771 - database.storage_service - INFO - 成功保存股票信息: 920575
2026-02-15 22:51:36,772 - database.storage_service - INFO - 成功保存股票信息: 300931
2026-02-15 22:51:36,773 - database.storage_service - INFO - 成功保存股票信息: 920454
2026-02-15 22:51:36,775 - database.storage_service - INFO - 成功保存股票信息: 601127
2026-02-15 22:51:36,776 - database.storage_service - INFO - 成功保存股票信息: 002602
2026-02-15 22:51:36,777 - database.storage_service - INFO - 成功保存股票信息: 301290
2026-02-15 22:51:36,778 - database.storage_service - INFO - 成功保存股票信息: 300730
2026-02-15 22:51:36,780 - database.storage_service - INFO - 成功保存股票信息: 920926
2026-02-15 22:51:36,781 - database.storage_service - INFO - 成功保存股票信息: 603099
2026-02-15 22:51:36,782 - database.storage_service - INFO - 成功保存股票信息: 603595
2026-02-15 22:51:36,784 - database.storage_service - INFO - 成功保存股票信息: 603037
2026-02-15 22:51:36,786 - database.storage_service - INFO - 成功保存股票信息: 600127
2026-02-15 22:51:36,787 - database.storage_service - INFO - 成功保存股票信息: 000713
2026-02-15 22:51:36,789 - database.storage_service - INFO - 成功保存股票信息: 002529
2026-02-15 22:51:36,790 - database.storage_service - INFO - 成功保存股票信息: 603808
2026-02-15 22:51:36,791 - database.storage_service - INFO - 成功保存股票信息: 603788
2026-02-15 22:51:36,792 - database.storage_service - INFO - 成功保存股票信息: 920087
2026-02-15 22:51:36,794 - database.storage_service - INFO - 成功保存股票信息: 688981
2026-02-15 22:51:36,795 - database.storage_service - INFO - 成功保存股票信息: 301330
2026-02-15 22:51:36,796 - database.storage_service - INFO - 成功保存股票信息: 688255
2026-02-15 22:51:36,797 - database.storage_service - INFO - 成功保存股票信息: 600620
2026-02-15 22:51:36,799 - database.storage_service - INFO - 成功保存股票信息: 301298
2026-02-15 22:51:36,801 - database.storage_service - INFO - 成功保存股票信息: 600785
2026-02-15 22:51:36,803 - database.storage_service - INFO - 成功保存股票信息: 600006
2026-02-15 22:51:36,804 - database.storage_service - INFO - 成功保存股票信息: 300805
2026-02-15 22:51:36,806 - database.storage_service - INFO - 成功保存股票信息: 688693
2026-02-15 22:51:36,807 - database.storage_service - INFO - 成功保存股票信息: 688200
2026-02-15 22:51:36,808 - database.storage_service - INFO - 成功保存股票信息: 920720
2026-02-15 22:51:36,809 - database.storage_service - INFO - 成功保存股票信息: 603111
2026-02-15 22:51:36,811 - database.storage_service - INFO - 成功保存股票信息: 600506
2026-02-15 22:51:36,812 - database.storage_service - INFO - 成功保存股票信息: 688665
2026-02-15 22:51:36,813 - database.storage_service - INFO - 成功保存股票信息: 002822
2026-02-15 22:51:36,814 - database.storage_service - INFO - 成功保存股票信息: 002778
2026-02-15 22:51:36,815 - database.storage_service - INFO - 成功保存股票信息: 300296
2026-02-15 22:51:36,818 - database.storage_service - INFO - 成功保存股票信息: 300616
2026-02-15 22:51:36,820 - database.storage_service - INFO - 成功保存股票信息: 601038
2026-02-15 22:51:36,822 - database.storage_service - INFO - 成功保存股票信息: 920523
2026-02-15 22:51:36,823 - database.storage_service - INFO - 成功保存股票信息: 603395
2026-02-15 22:51:36,824 - database.storage_service - INFO - 成功保存股票信息: 603168
2026-02-15 22:51:36,825 - database.storage_service - INFO - 成功保存股票信息: 001218
2026-02-15 22:51:36,827 - database.storage_service - INFO - 成功保存股票信息: 688108
2026-02-15 22:51:36,828 - database.storage_service - INFO - 成功保存股票信息: 600180
2026-02-15 22:51:36,829 - database.storage_service - INFO - 成功保存股票信息: 603586
2026-02-15 22:51:36,831 - database.storage_service - INFO - 成功保存股票信息: 002439
2026-02-15 22:51:36,832 - database.storage_service - INFO - 成功保存股票信息: 301617
2026-02-15 22:51:36,833 - database.storage_service - INFO - 成功保存股票信息: 688055
2026-02-15 22:51:36,836 - database.storage_service - INFO - 成功保存股票信息: 000692
2026-02-15 22:51:36,837 - database.storage_service - INFO - 成功保存股票信息: 002031
2026-02-15 22:51:36,839 - database.storage_service - INFO - 成功保存股票信息: 001298
2026-02-15 22:51:36,841 - database.storage_service - INFO - 成功保存股票信息: 920344
2026-02-15 22:51:36,843 - database.storage_service - INFO - 成功保存股票信息: 301349
2026-02-15 22:51:36,844 - database.storage_service - INFO - 成功保存股票信息: 300256
2026-02-15 22:51:36,846 - database.storage_service - INFO - 成功保存股票信息: 300884
2026-02-15 22:51:36,847 - database.storage_service - INFO - 成功保存股票信息: 300238
2026-02-15 22:51:36,848 - database.storage_service - INFO - 成功保存股票信息: 688697
2026-02-15 22:51:36,850 - database.storage_service - INFO - 成功保存股票信息: 000428
2026-02-15 22:51:36,852 - database.storage_service - INFO - 成功保存股票信息: 920896
2026-02-15 22:51:36,854 - database.storage_service - INFO - 成功保存股票信息: 002406
2026-02-15 22:51:36,856 - database.storage_service - INFO - 成功保存股票信息: 300240
2026-02-15 22:51:36,857 - database.storage_service - INFO - 成功保存股票信息: 300447
2026-02-15 22:51:36,859 - database.storage_service - INFO - 成功保存股票信息: 688278
2026-02-15 22:51:36,860 - database.storage_service - INFO - 成功保存股票信息: 002640
2026-02-15 22:51:36,861 - database.storage_service - INFO - 成功保存股票信息: 603136
2026-02-15 22:51:36,863 - database.storage_service - INFO - 成功保存股票信息: 002191
2026-02-15 22:51:36,864 - database.storage_service - INFO - 成功保存股票信息: 301372
2026-02-15 22:51:36,865 - database.storage_service - INFO - 成功保存股票信息: 300328
2026-02-15 22:51:36,866 - database.storage_service - INFO - 成功保存股票信息: 603968
2026-02-15 22:51:36,869 - database.storage_service - INFO - 成功保存股票信息: 600284
2026-02-15 22:51:36,870 - database.storage_service - INFO - 成功保存股票信息: 301387
2026-02-15 22:51:36,872 - database.storage_service - INFO - 成功保存股票信息: 920221
2026-02-15 22:51:36,874 - database.storage_service - INFO - 成功保存股票信息: 300560
2026-02-15 22:51:36,875 - database.storage_service - INFO - 成功保存股票信息: 920146
2026-02-15 22:51:36,877 - database.storage_service - INFO - 成功保存股票信息: 603708
2026-02-15 22:51:36,879 - database.storage_service - INFO - 成功保存股票信息: 300929
2026-02-15 22:51:36,881 - database.storage_service - INFO - 成功保存股票信息: 001300
2026-02-15 22:51:36,882 - database.storage_service - INFO - 成功保存股票信息: 688391
2026-02-15 22:51:36,884 - database.storage_service - INFO - 成功保存股票信息: 605286
2026-02-15 22:51:36,887 - database.storage_service - INFO - 成功保存股票信息: 000652
2026-02-15 22:51:36,889 - database.storage_service - INFO - 成功保存股票信息: 002714
2026-02-15 22:51:36,890 - database.storage_service - INFO - 成功保存股票信息: 601858
2026-02-15 22:51:36,891 - database.storage_service - INFO - 成功保存股票信息: 002139
2026-02-15 22:51:36,893 - database.storage_service - INFO - 成功保存股票信息: 000691
2026-02-15 22:51:36,894 - database.storage_service - INFO - 成功保存股票信息: 300276
2026-02-15 22:51:36,896 - database.storage_service - INFO - 成功保存股票信息: 688231
2026-02-15 22:51:36,898 - database.storage_service - INFO - 成功保存股票信息: 603065
2026-02-15 22:51:36,900 - database.storage_service - INFO - 成功保存股票信息: 603787
2026-02-15 22:51:36,903 - database.storage_service - INFO - 成功保存股票信息: 920249
2026-02-15 22:51:36,904 - database.storage_service - INFO - 成功保存股票信息: 300387
2026-02-15 22:51:36,906 - database.storage_service - INFO - 成功保存股票信息: 603711
2026-02-15 22:51:36,907 - database.storage_service - INFO - 成功保存股票信息: 600505
2026-02-15 22:51:36,909 - database.storage_service - INFO - 成功保存股票信息: 000888
2026-02-15 22:51:36,910 - database.storage_service - INFO - 成功保存股票信息: 603205
2026-02-15 22:51:36,912 - database.storage_service - INFO - 成功保存股票信息: 603500
2026-02-15 22:51:36,914 - database.storage_service - INFO - 成功保存股票信息: 603506
2026-02-15 22:51:36,915 - database.storage_service - INFO - 成功保存股票信息: 002402
2026-02-15 22:51:36,918 - database.storage_service - INFO - 成功保存股票信息: 603336
2026-02-15 22:51:36,920 - database.storage_service - INFO - 成功保存股票信息: 301098
2026-02-15 22:51:36,922 - database.storage_service - INFO - 成功保存股票信息: 002635
2026-02-15 22:51:36,923 - database.storage_service - INFO - 成功保存股票信息: 600135
2026-02-15 22:51:36,925 - database.storage_service - INFO - 成功保存股票信息: 300961
2026-02-15 22:51:36,926 - database.storage_service - INFO - 成功保存股票信息: 603528
2026-02-15 22:51:36,927 - database.storage_service - INFO - 成功保存股票信息: 002877
2026-02-15 22:51:36,929 - database.storage_service - INFO - 成功保存股票信息: 603402
2026-02-15 22:51:36,930 - database.storage_service - INFO - 成功保存股票信息: 301395
2026-02-15 22:51:36,932 - database.storage_service - INFO - 成功保存股票信息: 603068
2026-02-15 22:51:36,933 - database.storage_service - INFO - 成功保存股票信息: 300177
2026-02-15 22:51:36,936 - database.storage_service - INFO - 成功保存股票信息: 001238
2026-02-15 22:51:36,937 - database.storage_service - INFO - 成功保存股票信息: 002164
2026-02-15 22:51:36,938 - database.storage_service - INFO - 成功保存股票信息: 603075
2026-02-15 22:51:36,940 - database.storage_service - INFO - 成功保存股票信息: 301528
2026-02-15 22:51:36,941 - database.storage_service - INFO - 成功保存股票信息: 605016
2026-02-15 22:51:36,943 - database.storage_service - INFO - 成功保存股票信息: 920943
2026-02-15 22:51:36,944 - database.storage_service - INFO - 成功保存股票信息: 603015
2026-02-15 22:51:36,945 - database.storage_service - INFO - 成功保存股票信息: 000823
2026-02-15 22:51:36,946 - database.storage_service - INFO - 成功保存股票信息: 300834
2026-02-15 22:51:36,948 - database.storage_service - INFO - 成功保存股票信息: 300422
2026-02-15 22:51:36,949 - database.storage_service - INFO - 成功保存股票信息: 003025
2026-02-15 22:51:36,951 - database.storage_service - INFO - 成功保存股票信息: 002963
2026-02-15 22:51:36,953 - database.storage_service - INFO - 成功保存股票信息: 688816
2026-02-15 22:51:36,954 - database.storage_service - INFO - 成功保存股票信息: 000610
2026-02-15 22:51:36,955 - database.storage_service - INFO - 成功保存股票信息: 920419
2026-02-15 22:51:36,957 - database.storage_service - INFO - 成功保存股票信息: 603798
2026-02-15 22:51:36,958 - database.storage_service - INFO - 成功保存股票信息: 000632
2026-02-15 22:51:36,959 - database.storage_service - INFO - 成功保存股票信息: 603585
2026-02-15 22:51:36,961 - database.storage_service - INFO - 成功保存股票信息: 300909
2026-02-15 22:51:36,962 - database.storage_service - INFO - 成功保存股票信息: 300902
2026-02-15 22:51:36,963 - database.storage_service - INFO - 成功保存股票信息: 002883
2026-02-15 22:51:36,965 - database.storage_service - INFO - 成功保存股票信息: 001323
2026-02-15 22:51:36,966 - database.storage_service - INFO - 成功保存股票信息: 000415
2026-02-15 22:51:36,969 - database.storage_service - INFO - 成功保存股票信息: 603355
2026-02-15 22:51:36,970 - database.storage_service - INFO - 成功保存股票信息: 300564
2026-02-15 22:51:36,972 - database.storage_service - INFO - 成功保存股票信息: 002189
2026-02-15 22:51:36,973 - database.storage_service - INFO - 成功保存股票信息: 600479
2026-02-15 22:51:36,974 - database.storage_service - INFO - 成功保存股票信息: 600967
2026-02-15 22:51:36,976 - database.storage_service - INFO - 成功保存股票信息: 002730
2026-02-15 22:51:36,977 - database.storage_service - INFO - 成功保存股票信息: 002743
2026-02-15 22:51:36,978 - database.storage_service - INFO - 成功保存股票信息: 603066
2026-02-15 22:51:36,979 - database.storage_service - INFO - 成功保存股票信息: 000548
2026-02-15 22:51:36,980 - database.storage_service - INFO - 成功保存股票信息: 301106
2026-02-15 22:51:36,982 - database.storage_service - INFO - 成功保存股票信息: 920663
2026-02-15 22:51:36,984 - database.storage_service - INFO - 成功保存股票信息: 301060
2026-02-15 22:51:36,986 - database.storage_service - INFO - 成功保存股票信息: 603690
2026-02-15 22:51:36,988 - database.storage_service - INFO - 成功保存股票信息: 301297
2026-02-15 22:51:36,990 - database.storage_service - INFO - 成功保存股票信息: 002765
2026-02-15 22:51:36,991 - database.storage_service - INFO - 成功保存股票信息: 300380
2026-02-15 22:51:36,992 - database.storage_service - INFO - 成功保存股票信息: 000025
2026-02-15 22:51:36,993 - database.storage_service - INFO - 成功保存股票信息: 603655
2026-02-15 22:51:36,995 - database.storage_service - INFO - 成功保存股票信息: 605155
2026-02-15 22:51:36,996 - database.storage_service - INFO - 成功保存股票信息: 300521
2026-02-15 22:51:36,997 - database.storage_service - INFO - 成功保存股票信息: 603119
2026-02-15 22:51:36,998 - database.storage_service - INFO - 成功保存股票信息: 300365
2026-02-15 22:51:37,000 - database.storage_service - INFO - 成功保存股票信息: 688403
2026-02-15 22:51:37,002 - database.storage_service - INFO - 成功保存股票信息: 002930
2026-02-15 22:51:37,003 - database.storage_service - INFO - 成功保存股票信息: 920392
2026-02-15 22:51:37,005 - database.storage_service - INFO - 成功保存股票信息: 300890
2026-02-15 22:51:37,007 - database.storage_service - INFO - 成功保存股票信息: 688270
2026-02-15 22:51:37,008 - database.storage_service - INFO - 成功保存股票信息: 600635
2026-02-15 22:51:37,009 - database.storage_service - INFO - 成功保存股票信息: 600872
2026-02-15 22:51:37,010 - database.storage_service - INFO - 成功保存股票信息: 300851
2026-02-15 22:51:37,011 - database.storage_service - INFO - 成功保存股票信息: 603375
2026-02-15 22:51:37,013 - database.storage_service - INFO - 成功保存股票信息: 000595
2026-02-15 22:51:37,014 - database.storage_service - INFO - 成功保存股票信息: 002476
2026-02-15 22:51:37,015 - database.storage_service - INFO - 成功保存股票信息: 603779
2026-02-15 22:51:37,016 - database.storage_service - INFO - 成功保存股票信息: 301223
2026-02-15 22:51:37,019 - database.storage_service - INFO - 成功保存股票信息: 301121
2026-02-15 22:51:37,020 - database.storage_service - INFO - 成功保存股票信息: 002066
2026-02-15 22:51:37,022 - database.storage_service - INFO - 成功保存股票信息: 600793
2026-02-15 22:51:37,023 - database.storage_service - INFO - 成功保存股票信息: 000419
2026-02-15 22:51:37,024 - database.storage_service - INFO - 成功保存股票信息: 000423
2026-02-15 22:51:37,025 - database.storage_service - INFO - 成功保存股票信息: 002322
2026-02-15 22:51:37,026 - database.storage_service - INFO - 成功保存股票信息: 001279
2026-02-15 22:51:37,028 - database.storage_service - INFO - 成功保存股票信息: 600072
2026-02-15 22:51:37,029 - database.storage_service - INFO - 成功保存股票信息: 600084
2026-02-15 22:51:37,030 - database.storage_service - INFO - 成功保存股票信息: 600222
2026-02-15 22:51:37,031 - database.storage_service - INFO - 成功保存股票信息: 603855
2026-02-15 22:51:37,033 - database.storage_service - INFO - 成功保存股票信息: 300814
2026-02-15 22:51:37,035 - database.storage_service - INFO - 成功保存股票信息: 600354
2026-02-15 22:51:37,037 - database.storage_service - INFO - 成功保存股票信息: 000712
2026-02-15 22:51:37,038 - database.storage_service - INFO - 成功保存股票信息: 002520
2026-02-15 22:51:37,040 - database.storage_service - INFO - 成功保存股票信息: 920694
2026-02-15 22:51:37,041 - database.storage_service - INFO - 成功保存股票信息: 301366
2026-02-15 22:51:37,042 - database.storage_service - INFO - 成功保存股票信息: 688696
2026-02-15 22:51:37,043 - database.storage_service - INFO - 成功保存股票信息: 603180
2026-02-15 22:51:37,045 - database.storage_service - INFO - 成功保存股票信息: 688103
2026-02-15 22:51:37,046 - database.storage_service - INFO - 成功保存股票信息: 603385
2026-02-15 22:51:37,047 - database.storage_service - INFO - 成功保存股票信息: 301120
2026-02-15 22:51:37,048 - database.storage_service - INFO - 成功保存股票信息: 600847
2026-02-15 22:51:37,050 - database.storage_service - INFO - 成功保存股票信息: 601949
2026-02-15 22:51:37,052 - database.storage_service - INFO - 成功保存股票信息: 300289
2026-02-15 22:51:37,054 - database.storage_service - INFO - 成功保存股票信息: 300535
2026-02-15 22:51:37,055 - database.storage_service - INFO - 成功保存股票信息: 920427
2026-02-15 22:51:37,056 - database.storage_service - INFO - 成功保存股票信息: 603359
2026-02-15 22:51:37,057 - database.storage_service - INFO - 成功保存股票信息: 000679
2026-02-15 22:51:37,059 - database.storage_service - INFO - 成功保存股票信息: 300414
2026-02-15 22:51:37,060 - database.storage_service - INFO - 成功保存股票信息: 603160
2026-02-15 22:51:37,061 - database.storage_service - INFO - 成功保存股票信息: 301107
2026-02-15 22:51:37,062 - database.storage_service - INFO - 成功保存股票信息: 688685
2026-02-15 22:51:37,064 - database.storage_service - INFO - 成功保存股票信息: 001229
2026-02-15 22:51:37,065 - database.storage_service - INFO - 成功保存股票信息: 002707
2026-02-15 22:51:37,066 - database.storage_service - INFO - 成功保存股票信息: 920802
2026-02-15 22:51:37,069 - database.storage_service - INFO - 成功保存股票信息: 301256
2026-02-15 22:51:37,071 - database.storage_service - INFO - 成功保存股票信息: 301338
2026-02-15 22:51:37,072 - database.storage_service - INFO - 成功保存股票信息: 603602
2026-02-15 22:51:37,073 - database.storage_service - INFO - 成功保存股票信息: 603656
2026-02-15 22:51:37,074 - database.storage_service - INFO - 成功保存股票信息: 603321
2026-02-15 22:51:37,076 - database.storage_service - INFO - 成功保存股票信息: 301565
2026-02-15 22:51:37,077 - database.storage_service - INFO - 成功保存股票信息: 605001
2026-02-15 22:51:37,078 - database.storage_service - INFO - 成功保存股票信息: 600753
2026-02-15 22:51:37,080 - database.storage_service - INFO - 成功保存股票信息: 002805
2026-02-15 22:51:37,081 - database.storage_service - INFO - 成功保存股票信息: 603567
2026-02-15 22:51:37,082 - database.storage_service - INFO - 成功保存股票信息: 002875
2026-02-15 22:51:37,084 - database.storage_service - INFO - 成功保存股票信息: 300538
2026-02-15 22:51:37,086 - database.storage_service - INFO - 成功保存股票信息: 600241
2026-02-15 22:51:37,087 - database.storage_service - INFO - 成功保存股票信息: 300936
2026-02-15 22:51:37,089 - database.storage_service - INFO - 成功保存股票信息: 301063
2026-02-15 22:51:37,090 - database.storage_service - INFO - 成功保存股票信息: 603276
2026-02-15 22:51:37,091 - database.storage_service - INFO - 成功保存股票信息: 301379
2026-02-15 22:51:37,092 - database.storage_service - INFO - 成功保存股票信息: 000721
2026-02-15 22:51:37,094 - database.storage_service - INFO - 成功保存股票信息: 001212
2026-02-15 22:51:37,095 - database.storage_service - INFO - 成功保存股票信息: 300154
2026-02-15 22:51:37,097 - database.storage_service - INFO - 成功保存股票信息: 603848
2026-02-15 22:51:37,098 - database.storage_service - INFO - 成功保存股票信息: 603201
2026-02-15 22:51:37,099 - database.storage_service - INFO - 成功保存股票信息: 300410
2026-02-15 22:51:37,102 - database.storage_service - INFO - 成功保存股票信息: 300112
2026-02-15 22:51:37,103 - database.storage_service - INFO - 成功保存股票信息: 300960
2026-02-15 22:51:37,105 - database.storage_service - INFO - 成功保存股票信息: 688160
2026-02-15 22:51:37,106 - database.storage_service - INFO - 成功保存股票信息: 688569
2026-02-15 22:51:37,107 - database.storage_service - INFO - 成功保存股票信息: 601086
2026-02-15 22:51:37,108 - database.storage_service - INFO - 成功保存股票信息: 002549
2026-02-15 22:51:37,109 - database.storage_service - INFO - 成功保存股票信息: 000635
2026-02-15 22:51:37,110 - database.storage_service - INFO - 成功保存股票信息: 688355
2026-02-15 22:51:37,112 - database.storage_service - INFO - 成功保存股票信息: 301229
2026-02-15 22:51:37,113 - database.storage_service - INFO - 成功保存股票信息: 301567
2026-02-15 22:51:37,114 - database.storage_service - INFO - 成功保存股票信息: 920139
2026-02-15 22:51:37,115 - database.storage_service - INFO - 成功保存股票信息: 603488
2026-02-15 22:51:37,116 - database.storage_service - INFO - 成功保存股票信息: 300576
2026-02-15 22:51:37,119 - database.storage_service - INFO - 成功保存股票信息: 688701
2026-02-15 22:51:37,120 - database.storage_service - INFO - 成功保存股票信息: 300502
2026-02-15 22:51:37,122 - database.storage_service - INFO - 成功保存股票信息: 000998
2026-02-15 22:51:37,123 - database.storage_service - INFO - 成功保存股票信息: 301421
2026-02-15 22:51:37,124 - database.storage_service - INFO - 成功保存股票信息: 300139
2026-02-15 22:51:37,125 - database.storage_service - INFO - 成功保存股票信息: 605298
2026-02-15 22:51:37,127 - database.storage_service - INFO - 成功保存股票信息: 920469
2026-02-15 22:51:37,128 - database.storage_service - INFO - 成功保存股票信息: 920717
2026-02-15 22:51:37,129 - database.storage_service - INFO - 成功保存股票信息: 920395
2026-02-15 22:51:37,130 - database.storage_service - INFO - 成功保存股票信息: 688573
2026-02-15 22:51:37,131 - database.storage_service - INFO - 成功保存股票信息: 301603
2026-02-15 22:51:37,133 - database.storage_service - INFO - 成功保存股票信息: 600843
2026-02-15 22:51:37,135 - database.storage_service - INFO - 成功保存股票信息: 002651
2026-02-15 22:51:37,137 - database.storage_service - INFO - 成功保存股票信息: 300598
2026-02-15 22:51:37,138 - database.storage_service - INFO - 成功保存股票信息: 688321
2026-02-15 22:51:37,139 - database.storage_service - INFO - 成功保存股票信息: 603538
2026-02-15 22:51:37,140 - database.storage_service - INFO - 成功保存股票信息: 920260
2026-02-15 22:51:37,142 - database.storage_service - INFO - 成功保存股票信息: 300554
2026-02-15 22:51:37,143 - database.storage_service - INFO - 成功保存股票信息: 920230
2026-02-15 22:51:37,144 - database.storage_service - INFO - 成功保存股票信息: 920076
2026-02-15 22:51:37,145 - database.storage_service - INFO - 成功保存股票信息: 920547
2026-02-15 22:51:37,147 - database.storage_service - INFO - 成功保存股票信息: 002816
2026-02-15 22:51:37,148 - database.storage_service - INFO - 成功保存股票信息: 002972
2026-02-15 22:51:37,149 - database.storage_service - INFO - 成功保存股票信息: 300590
2026-02-15 22:51:37,151 - database.storage_service - INFO - 成功保存股票信息: 603173
2026-02-15 22:51:37,153 - database.storage_service - INFO - 成功保存股票信息: 603768
2026-02-15 22:51:37,154 - database.storage_service - INFO - 成功保存股票信息: 300681
2026-02-15 22:51:37,155 - database.storage_service - INFO - 成功保存股票信息: 688121
2026-02-15 22:51:37,156 - database.storage_service - INFO - 成功保存股票信息: 920111
2026-02-15 22:51:37,158 - database.storage_service - INFO - 成功保存股票信息: 301280
2026-02-15 22:51:37,159 - database.storage_service - INFO - 成功保存股票信息: 300610
2026-02-15 22:51:37,160 - database.storage_service - INFO - 成功保存股票信息: 002802
2026-02-15 22:51:37,161 - database.storage_service - INFO - 成功保存股票信息: 002365
2026-02-15 22:51:37,163 - database.storage_service - INFO - 成功保存股票信息: 002248
2026-02-15 22:51:37,164 - database.storage_service - INFO - 成功保存股票信息: 301282
2026-02-15 22:51:37,165 - database.storage_service - INFO - 成功保存股票信息: 920541
2026-02-15 22:51:37,166 - database.storage_service - INFO - 成功保存股票信息: 603901
2026-02-15 22:51:37,168 - database.storage_service - INFO - 成功保存股票信息: 301119
2026-02-15 22:51:37,170 - database.storage_service - INFO - 成功保存股票信息: 001387
2026-02-15 22:51:37,171 - database.storage_service - INFO - 成功保存股票信息: 920245
2026-02-15 22:51:37,173 - database.storage_service - INFO - 成功保存股票信息: 002819
2026-02-15 22:51:37,174 - database.storage_service - INFO - 成功保存股票信息: 688113
2026-02-15 22:51:37,175 - database.storage_service - INFO - 成功保存股票信息: 300622
2026-02-15 22:51:37,176 - database.storage_service - INFO - 成功保存股票信息: 301631
2026-02-15 22:51:37,177 - database.storage_service - INFO - 成功保存股票信息: 920856
2026-02-15 22:51:37,179 - database.storage_service - INFO - 成功保存股票信息: 603739
2026-02-15 22:51:37,180 - database.storage_service - INFO - 成功保存股票信息: 603906
2026-02-15 22:51:37,181 - database.storage_service - INFO - 成功保存股票信息: 300571
2026-02-15 22:51:37,182 - database.storage_service - INFO - 成功保存股票信息: 001205
2026-02-15 22:51:37,184 - database.storage_service - INFO - 成功保存股票信息: 603665
2026-02-15 22:51:37,186 - database.storage_service - INFO - 成功保存股票信息: 920576
2026-02-15 22:51:37,188 - database.storage_service - INFO - 成功保存股票信息: 603666
2026-02-15 22:51:37,189 - database.storage_service - INFO - 成功保存股票信息: 688179
2026-02-15 22:51:37,190 - database.storage_service - INFO - 成功保存股票信息: 003040
2026-02-15 22:51:37,191 - database.storage_service - INFO - 成功保存股票信息: 300416
2026-02-15 22:51:37,192 - database.storage_service - INFO - 成功保存股票信息: 603786
2026-02-15 22:51:37,194 - database.storage_service - INFO - 成功保存股票信息: 301083
2026-02-15 22:51:37,195 - database.storage_service - INFO - 成功保存股票信息: 605555
2026-02-15 22:51:37,196 - database.storage_service - INFO - 成功保存股票信息: 603701
2026-02-15 22:51:37,198 - database.storage_service - INFO - 成功保存股票信息: 920608
2026-02-15 22:51:37,199 - database.storage_service - INFO - 成功保存股票信息: 603282
2026-02-15 22:51:37,201 - database.storage_service - INFO - 成功保存股票信息: 920932
2026-02-15 22:51:37,203 - database.storage_service - INFO - 成功保存股票信息: 920748
2026-02-15 22:51:37,204 - database.storage_service - INFO - 成功保存股票信息: 605100
2026-02-15 22:51:37,206 - database.storage_service - INFO - 成功保存股票信息: 301209
2026-02-15 22:51:37,207 - database.storage_service - INFO - 成功保存股票信息: 603231
2026-02-15 22:51:37,209 - database.storage_service - INFO - 成功保存股票信息: 603418
2026-02-15 22:51:37,211 - database.storage_service - INFO - 成功保存股票信息: 688381
2026-02-15 22:51:37,213 - database.storage_service - INFO - 成功保存股票信息: 300991
2026-02-15 22:51:37,214 - database.storage_service - INFO - 成功保存股票信息: 688636
2026-02-15 22:51:37,216 - database.storage_service - INFO - 成功保存股票信息: 603726
2026-02-15 22:51:37,218 - database.storage_service - INFO - 成功保存股票信息: 002747
2026-02-15 22:51:37,220 - database.storage_service - INFO - 成功保存股票信息: 300651
2026-02-15 22:51:37,222 - database.storage_service - INFO - 成功保存股票信息: 301226
2026-02-15 22:51:37,223 - database.storage_service - INFO - 成功保存股票信息: 301313
2026-02-15 22:51:37,225 - database.storage_service - INFO - 成功保存股票信息: 920050
2026-02-15 22:51:37,226 - database.storage_service - INFO - 成功保存股票信息: 301022
2026-02-15 22:51:37,227 - database.storage_service - INFO - 成功保存股票信息: 920005
2026-02-15 22:51:37,228 - database.storage_service - INFO - 成功保存股票信息: 600895
2026-02-15 22:51:37,230 - database.storage_service - INFO - 成功保存股票信息: 688237
2026-02-15 22:51:37,231 - database.storage_service - INFO - 成功保存股票信息: 300390
2026-02-15 22:51:37,232 - database.storage_service - INFO - 成功保存股票信息: 603040
2026-02-15 22:51:37,235 - database.storage_service - INFO - 成功保存股票信息: 688570
2026-02-15 22:51:37,236 - database.storage_service - INFO - 成功保存股票信息: 603535
2026-02-15 22:51:37,238 - database.storage_service - INFO - 成功保存股票信息: 002377
2026-02-15 22:51:37,239 - database.storage_service - INFO - 成功保存股票信息: 000776
2026-02-15 22:51:37,240 - database.storage_service - INFO - 成功保存股票信息: 301009
2026-02-15 22:51:37,242 - database.storage_service - INFO - 成功保存股票信息: 600789
2026-02-15 22:51:37,244 - database.storage_service - INFO - 成功保存股票信息: 002337
2026-02-15 22:51:37,245 - database.storage_service - INFO - 成功保存股票信息: 002413
2026-02-15 22:51:37,246 - database.storage_service - INFO - 成功保存股票信息: 000826
2026-02-15 22:51:37,247 - database.storage_service - INFO - 成功保存股票信息: 300237
2026-02-15 22:51:37,248 - database.storage_service - INFO - 成功保存股票信息: 920832
2026-02-15 22:51:37,250 - database.storage_service - INFO - 成功保存股票信息: 002656
2026-02-15 22:51:37,252 - database.storage_service - INFO - 成功保存股票信息: 688022
2026-02-15 22:51:37,253 - database.storage_service - INFO - 成功保存股票信息: 600530
2026-02-15 22:51:37,255 - database.storage_service - INFO - 成功保存股票信息: 002394
2026-02-15 22:51:37,257 - database.storage_service - INFO - 成功保存股票信息: 002431
2026-02-15 22:51:37,258 - database.storage_service - INFO - 成功保存股票信息: 600626
2026-02-15 22:51:37,259 - database.storage_service - INFO - 成功保存股票信息: 600624
2026-02-15 22:51:37,261 - database.storage_service - INFO - 成功保存股票信息: 920212
2026-02-15 22:51:37,262 - database.storage_service - INFO - 成功保存股票信息: 300243
2026-02-15 22:51:37,263 - database.storage_service - INFO - 成功保存股票信息: 920866
2026-02-15 22:51:37,264 - database.storage_service - INFO - 成功保存股票信息: 002446
2026-02-15 22:51:37,268 - database.storage_service - INFO - 成功保存股票信息: 688191
2026-02-15 22:51:37,270 - database.storage_service - INFO - 成功保存股票信息: 601456
2026-02-15 22:51:37,272 - database.storage_service - INFO - 成功保存股票信息: 002548
2026-02-15 22:51:37,273 - database.storage_service - INFO - 成功保存股票信息: 603439
2026-02-15 22:51:37,275 - database.storage_service - INFO - 成功保存股票信息: 300062
2026-02-15 22:51:37,277 - database.storage_service - INFO - 成功保存股票信息: 001336
2026-02-15 22:51:37,279 - database.storage_service - INFO - 成功保存股票信息: 601828
2026-02-15 22:51:37,281 - database.storage_service - INFO - 成功保存股票信息: 600735
2026-02-15 22:51:37,283 - database.storage_service - INFO - 成功保存股票信息: 002017
2026-02-15 22:51:37,285 - database.storage_service - INFO - 成功保存股票信息: 300221
2026-02-15 22:51:37,288 - database.storage_service - INFO - 成功保存股票信息: 002571
2026-02-15 22:51:37,291 - database.storage_service - INFO - 成功保存股票信息: 000151
2026-02-15 22:51:37,295 - database.storage_service - INFO - 成功保存股票信息: 000809
2026-02-15 22:51:37,298 - database.storage_service - INFO - 成功保存股票信息: 603703
2026-02-15 22:51:37,300 - database.storage_service - INFO - 成功保存股票信息: 002310
2026-02-15 22:51:37,301 - database.storage_service - INFO - 成功保存股票信息: 688611
2026-02-15 22:51:37,304 - database.storage_service - INFO - 成功保存股票信息: 000816
2026-02-15 22:51:37,306 - database.storage_service - INFO - 成功保存股票信息: 920090
2026-02-15 22:51:37,307 - database.storage_service - INFO - 成功保存股票信息: 002306
2026-02-15 22:51:37,309 - database.storage_service - INFO - 成功保存股票信息: 603344
2026-02-15 22:51:37,312 - database.storage_service - INFO - 成功保存股票信息: 601916
2026-02-15 22:51:37,314 - database.storage_service - INFO - 成功保存股票信息: 920656
2026-02-15 22:51:37,316 - database.storage_service - INFO - 成功保存股票信息: 000011
2026-02-15 22:51:37,319 - database.storage_service - INFO - 成功保存股票信息: 002453
2026-02-15 22:51:37,321 - database.storage_service - INFO - 成功保存股票信息: 600149
2026-02-15 22:51:37,322 - database.storage_service - INFO - 成功保存股票信息: 002305
2026-02-15 22:51:37,323 - database.storage_service - INFO - 成功保存股票信息: 301300
2026-02-15 22:51:37,325 - database.storage_service - INFO - 成功保存股票信息: 301279
2026-02-15 22:51:37,326 - database.storage_service - INFO - 成功保存股票信息: 300050
2026-02-15 22:51:37,328 - database.storage_service - INFO - 成功保存股票信息: 002630
2026-02-15 22:51:37,330 - database.storage_service - INFO - 成功保存股票信息: 300103
2026-02-15 22:51:37,331 - database.storage_service - INFO - 成功保存股票信息: 300174
2026-02-15 22:51:37,333 - database.storage_service - INFO - 成功保存股票信息: 601169
2026-02-15 22:51:37,336 - database.storage_service - INFO - 成功保存股票信息: 603028
2026-02-15 22:51:37,338 - database.storage_service - INFO - 成功保存股票信息: 603116
2026-02-15 22:51:37,339 - database.storage_service - INFO - 成功保存股票信息: 603261
2026-02-15 22:51:37,341 - database.storage_service - INFO - 成功保存股票信息: 688682
2026-02-15 22:51:37,342 - database.storage_service - INFO - 成功保存股票信息: 603669
2026-02-15 22:51:37,344 - database.storage_service - INFO - 成功保存股票信息: 600676
2026-02-15 22:51:37,346 - database.storage_service - INFO - 成功保存股票信息: 600881
2026-02-15 22:51:37,347 - database.storage_service - INFO - 成功保存股票信息: 301638
2026-02-15 22:51:37,349 - database.storage_service - INFO - 成功保存股票信息: 605179
2026-02-15 22:51:37,350 - database.storage_service - INFO - 成功保存股票信息: 603369
2026-02-15 22:51:37,352 - database.storage_service - INFO - 成功保存股票信息: 301163
2026-02-15 22:51:37,354 - database.storage_service - INFO - 成功保存股票信息: 600011
2026-02-15 22:51:37,356 - database.storage_service - INFO - 成功保存股票信息: 300135
2026-02-15 22:51:37,357 - database.storage_service - INFO - 成功保存股票信息: 000639
2026-02-15 22:51:37,358 - database.storage_service - INFO - 成功保存股票信息: 920519
2026-02-15 22:51:37,359 - database.storage_service - INFO - 成功保存股票信息: 000925
2026-02-15 22:51:37,361 - database.storage_service - INFO - 成功保存股票信息: 600289
2026-02-15 22:51:37,362 - database.storage_service - INFO - 成功保存股票信息: 300514
2026-02-15 22:51:37,363 - database.storage_service - INFO - 成功保存股票信息: 000558
2026-02-15 22:51:37,365 - database.storage_service - INFO - 成功保存股票信息: 002172
2026-02-15 22:51:37,366 - database.storage_service - INFO - 成功保存股票信息: 002204
2026-02-15 22:51:37,368 - database.storage_service - INFO - 成功保存股票信息: 301525
2026-02-15 22:51:37,370 - database.storage_service - INFO - 成功保存股票信息: 600386
2026-02-15 22:51:37,371 - database.storage_service - INFO - 成功保存股票信息: 000989
2026-02-15 22:51:37,372 - database.storage_service - INFO - 成功保存股票信息: 002133
2026-02-15 22:51:37,373 - database.storage_service - INFO - 成功保存股票信息: 920357
2026-02-15 22:51:37,375 - database.storage_service - INFO - 成功保存股票信息: 300370
2026-02-15 22:51:37,376 - database.storage_service - INFO - 成功保存股票信息: 603933
2026-02-15 22:51:37,377 - database.storage_service - INFO - 成功保存股票信息: 600830
2026-02-15 22:51:37,379 - database.storage_service - INFO - 成功保存股票信息: 000753
2026-02-15 22:51:37,380 - database.storage_service - INFO - 成功保存股票信息: 600658
2026-02-15 22:51:37,381 - database.storage_service - INFO - 成功保存股票信息: 603206
2026-02-15 22:51:37,382 - database.storage_service - INFO - 成功保存股票信息: 300334
2026-02-15 22:51:37,385 - database.storage_service - INFO - 成功保存股票信息: 000757
2026-02-15 22:51:37,417 - database.storage_service - INFO - 成功保存股票信息: 301618
2026-02-15 22:51:37,432 - database.storage_service - INFO - 成功保存股票信息: 600405
2026-02-15 22:51:37,434 - database.storage_service - INFO - 成功保存股票信息: 603725
2026-02-15 22:51:37,436 - database.storage_service - INFO - 成功保存股票信息: 002823
2026-02-15 22:51:37,439 - database.storage_service - INFO - 成功保存股票信息: 600287
2026-02-15 22:51:37,443 - database.storage_service - INFO - 成功保存股票信息: 300310
2026-02-15 22:51:37,453 - database.storage_service - INFO - 成功保存股票信息: 605368
2026-02-15 22:51:37,455 - database.storage_service - INFO - 成功保存股票信息: 002224
2026-02-15 22:51:37,457 - database.storage_service - INFO - 成功保存股票信息: 603041
2026-02-15 22:51:37,458 - database.storage_service - INFO - 成功保存股票信息: 600271
2026-02-15 22:51:37,459 - database.storage_service - INFO - 成功保存股票信息: 688359
2026-02-15 22:51:37,461 - database.storage_service - INFO - 成功保存股票信息: 600279
2026-02-15 22:51:37,462 - database.storage_service - INFO - 成功保存股票信息: 600265
2026-02-15 22:51:37,463 - database.storage_service - INFO - 成功保存股票信息: 000564
2026-02-15 22:51:37,464 - database.storage_service - INFO - 成功保存股票信息: 002242
2026-02-15 22:51:37,466 - database.storage_service - INFO - 成功保存股票信息: 920378
2026-02-15 22:51:37,467 - database.storage_service - INFO - 成功保存股票信息: 605388
2026-02-15 22:51:37,469 - database.storage_service - INFO - 成功保存股票信息: 920037
2026-02-15 22:51:37,471 - database.storage_service - INFO - 成功保存股票信息: 301557
2026-02-15 22:51:37,472 - database.storage_service - INFO - 成功保存股票信息: 688300
2026-02-15 22:51:37,473 - database.storage_service - INFO - 成功保存股票信息: 688408
2026-02-15 22:51:37,474 - database.storage_service - INFO - 成功保存股票信息: 301287
2026-02-15 22:51:37,476 - database.storage_service - INFO - 成功保存股票信息: 600132
2026-02-15 22:51:37,477 - database.storage_service - INFO - 成功保存股票信息: 688591
2026-02-15 22:51:37,478 - database.storage_service - INFO - 成功保存股票信息: 300973
2026-02-15 22:51:37,480 - database.storage_service - INFO - 成功保存股票信息: 688116
2026-02-15 22:51:37,481 - database.storage_service - INFO - 成功保存股票信息: 002880
2026-02-15 22:51:37,482 - database.storage_service - INFO - 成功保存股票信息: 603496
2026-02-15 22:51:37,485 - database.storage_service - INFO - 成功保存股票信息: 605338
2026-02-15 22:51:37,486 - database.storage_service - INFO - 成功保存股票信息: 300980
2026-02-15 22:51:37,487 - database.storage_service - INFO - 成功保存股票信息: 001268
2026-02-15 22:51:37,488 - database.storage_service - INFO - 成功保存股票信息: 603262
2026-02-15 22:51:37,490 - database.storage_service - INFO - 成功保存股票信息: 300903
2026-02-15 22:51:37,491 - database.storage_service - INFO - 成功保存股票信息: 000818
2026-02-15 22:51:37,492 - database.storage_service - INFO - 成功保存股票信息: 688015
2026-02-15 22:51:37,494 - database.storage_service - INFO - 成功保存股票信息: 688178
2026-02-15 22:51:37,495 - database.storage_service - INFO - 成功保存股票信息: 688395
2026-02-15 22:51:37,496 - database.storage_service - INFO - 成功保存股票信息: 300761
2026-02-15 22:51:37,498 - database.storage_service - INFO - 成功保存股票信息: 301233
2026-02-15 22:51:37,499 - database.storage_service - INFO - 成功保存股票信息: 301376
2026-02-15 22:51:37,500 - database.storage_service - INFO - 成功保存股票信息: 300901
2026-02-15 22:51:37,502 - database.storage_service - INFO - 成功保存股票信息: 603712
2026-02-15 22:51:37,504 - database.storage_service - INFO - 成功保存股票信息: 301151
2026-02-15 22:51:37,505 - database.storage_service - INFO - 成功保存股票信息: 600962
2026-02-15 22:51:37,506 - database.storage_service - INFO - 成功保存股票信息: 688478
2026-02-15 22:51:37,507 - database.storage_service - INFO - 成功保存股票信息: 603073
2026-02-15 22:51:37,508 - database.storage_service - INFO - 成功保存股票信息: 600765
2026-02-15 22:51:37,510 - database.storage_service - INFO - 成功保存股票信息: 301533
2026-02-15 22:51:37,511 - database.storage_service - INFO - 成功保存股票信息: 300733
2026-02-15 22:51:37,512 - database.storage_service - INFO - 成功保存股票信息: 300857
2026-02-15 22:51:37,513 - database.storage_service - INFO - 成功保存股票信息: 000158
2026-02-15 22:51:37,515 - database.storage_service - INFO - 成功保存股票信息: 688051
2026-02-15 22:51:37,517 - database.storage_service - INFO - 成功保存股票信息: 000026
2026-02-15 22:51:37,519 - database.storage_service - INFO - 成功保存股票信息: 002732
2026-02-15 22:51:37,521 - database.storage_service - INFO - 成功保存股票信息: 002715
2026-02-15 22:51:37,522 - database.storage_service - INFO - 成功保存股票信息: 301122
2026-02-15 22:51:37,525 - database.storage_service - INFO - 成功保存股票信息: 601133
2026-02-15 22:51:37,526 - database.storage_service - INFO - 成功保存股票信息: 920003
2026-02-15 22:51:37,528 - database.storage_service - INFO - 成功保存股票信息: 688115
2026-02-15 22:51:37,530 - database.storage_service - INFO - 成功保存股票信息: 301295
2026-02-15 22:51:37,533 - database.storage_service - INFO - 成功保存股票信息: 300468
2026-02-15 22:51:37,536 - database.storage_service - INFO - 成功保存股票信息: 600749
2026-02-15 22:51:37,538 - database.storage_service - INFO - 成功保存股票信息: 603928
2026-02-15 22:51:37,540 - database.storage_service - INFO - 成功保存股票信息: 605258
2026-02-15 22:51:37,541 - database.storage_service - INFO - 成功保存股票信息: 601177
2026-02-15 22:51:37,542 - database.storage_service - INFO - 成功保存股票信息: 300403
2026-02-15 22:51:37,544 - database.storage_service - INFO - 成功保存股票信息: 001328
2026-02-15 22:51:37,545 - database.storage_service - INFO - 成功保存股票信息: 600660
2026-02-15 22:51:37,546 - database.storage_service - INFO - 成功保存股票信息: 603014
2026-02-15 22:51:37,547 - database.storage_service - INFO - 成功保存股票信息: 603836
2026-02-15 22:51:37,549 - database.storage_service - INFO - 成功保存股票信息: 600689
2026-02-15 22:51:37,550 - database.storage_service - INFO - 成功保存股票信息: 300865
2026-02-15 22:51:37,552 - database.storage_service - INFO - 成功保存股票信息: 001318
2026-02-15 22:51:37,553 - database.storage_service - INFO - 成功保存股票信息: 002982
2026-02-15 22:51:37,554 - database.storage_service - INFO - 成功保存股票信息: 300306
2026-02-15 22:51:37,556 - database.storage_service - INFO - 成功保存股票信息: 300504
2026-02-15 22:51:37,557 - database.storage_service - INFO - 成功保存股票信息: 603967
2026-02-15 22:51:37,558 - database.storage_service - INFO - 成功保存股票信息: 300245
2026-02-15 22:51:37,559 - database.storage_service - INFO - 成功保存股票信息: 688163
2026-02-15 22:51:37,561 - database.storage_service - INFO - 成功保存股票信息: 000905
2026-02-15 22:51:37,562 - database.storage_service - INFO - 成功保存股票信息: 000590
2026-02-15 22:51:37,563 - database.storage_service - INFO - 成功保存股票信息: 300941
2026-02-15 22:51:37,564 - database.storage_service - INFO - 成功保存股票信息: 300625
2026-02-15 22:51:37,566 - database.storage_service - INFO - 成功保存股票信息: 300134
2026-02-15 22:51:37,568 - database.storage_service - INFO - 成功保存股票信息: 603579
2026-02-15 22:51:37,569 - database.storage_service - INFO - 成功保存股票信息: 300716
2026-02-15 22:51:37,570 - database.storage_service - INFO - 成功保存股票信息: 002809
2026-02-15 22:51:37,572 - database.storage_service - INFO - 成功保存股票信息: 002818
2026-02-15 22:51:37,573 - database.storage_service - INFO - 成功保存股票信息: 688687
2026-02-15 22:51:37,574 - database.storage_service - INFO - 成功保存股票信息: 300543
2026-02-15 22:51:37,576 - database.storage_service - INFO - 成功保存股票信息: 002950
2026-02-15 22:51:37,577 - database.storage_service - INFO - 成功保存股票信息: 688793
2026-02-15 22:51:37,579 - database.storage_service - INFO - 成功保存股票信息: 605580
2026-02-15 22:51:37,580 - database.storage_service - INFO - 成功保存股票信息: 600137
2026-02-15 22:51:37,581 - database.storage_service - INFO - 成功保存股票信息: 600519
2026-02-15 22:51:37,583 - database.storage_service - INFO - 成功保存股票信息: 600326
2026-02-15 22:51:37,585 - database.storage_service - INFO - 成功保存股票信息: 605300
2026-02-15 22:51:37,586 - database.storage_service - INFO - 成功保存股票信息: 300942
2026-02-15 22:51:37,588 - database.storage_service - INFO - 成功保存股票信息: 002658
2026-02-15 22:51:37,589 - database.storage_service - INFO - 成功保存股票信息: 688184
2026-02-15 22:51:37,590 - database.storage_service - INFO - 成功保存股票信息: 002466
2026-02-15 22:51:37,591 - database.storage_service - INFO - 成功保存股票信息: 603280
2026-02-15 22:51:37,592 - database.storage_service - INFO - 成功保存股票信息: 301552
2026-02-15 22:51:37,593 - database.storage_service - INFO - 成功保存股票信息: 688138
2026-02-15 22:51:37,595 - database.storage_service - INFO - 成功保存股票信息: 920978
2026-02-15 22:51:37,596 - database.storage_service - INFO - 成功保存股票信息: 002609
2026-02-15 22:51:37,597 - database.storage_service - INFO - 成功保存股票信息: 605218
2026-02-15 22:51:37,598 - database.storage_service - INFO - 成功保存股票信息: 300823
2026-02-15 22:51:37,599 - database.storage_service - INFO - 成功保存股票信息: 600699
2026-02-15 22:51:37,601 - database.storage_service - INFO - 成功保存股票信息: 920278
2026-02-15 22:51:37,603 - database.storage_service - INFO - 成功保存股票信息: 600834
2026-02-15 22:51:37,604 - database.storage_service - INFO - 成功保存股票信息: 002584
2026-02-15 22:51:37,605 - database.storage_service - INFO - 成功保存股票信息: 920124
2026-02-15 22:51:37,606 - database.storage_service - INFO - 成功保存股票信息: 300056
2026-02-15 22:51:37,608 - database.storage_service - INFO - 成功保存股票信息: 920275
2026-02-15 22:51:37,609 - database.storage_service - INFO - 成功保存股票信息: 301061
2026-02-15 22:51:37,610 - database.storage_service - INFO - 成功保存股票信息: 603313
2026-02-15 22:51:37,611 - database.storage_service - INFO - 成功保存股票信息: 300093
2026-02-15 22:51:37,612 - database.storage_service - INFO - 成功保存股票信息: 688609
2026-02-15 22:51:37,614 - database.storage_service - INFO - 成功保存股票信息: 688189
2026-02-15 22:51:37,615 - database.storage_service - INFO - 成功保存股票信息: 600258
2026-02-15 22:51:37,616 - database.storage_service - INFO - 成功保存股票信息: 603012
2026-02-15 22:51:37,618 - database.storage_service - INFO - 成功保存股票信息: 301270
2026-02-15 22:51:37,620 - database.storage_service - INFO - 成功保存股票信息: 600216
2026-02-15 22:51:37,621 - database.storage_service - INFO - 成功保存股票信息: 301088
2026-02-15 22:51:37,622 - database.storage_service - INFO - 成功保存股票信息: 603307
2026-02-15 22:51:37,623 - database.storage_service - INFO - 成功保存股票信息: 002643
2026-02-15 22:51:37,625 - database.storage_service - INFO - 成功保存股票信息: 920239
2026-02-15 22:51:37,626 - database.storage_service - INFO - 成功保存股票信息: 002566
2026-02-15 22:51:37,627 - database.storage_service - INFO - 成功保存股票信息: 603416
2026-02-15 22:51:37,628 - database.storage_service - INFO - 成功保存股票信息: 300271
2026-02-15 22:51:37,629 - database.storage_service - INFO - 成功保存股票信息: 002208
2026-02-15 22:51:37,631 - database.storage_service - INFO - 成功保存股票信息: 002676
2026-02-15 22:51:37,632 - database.storage_service - INFO - 成功保存股票信息: 603838
2026-02-15 22:51:37,633 - database.storage_service - INFO - 成功保存股票信息: 300732
2026-02-15 22:51:37,635 - database.storage_service - INFO - 成功保存股票信息: 920925
2026-02-15 22:51:37,637 - database.storage_service - INFO - 成功保存股票信息: 000017
2026-02-15 22:51:37,639 - database.storage_service - INFO - 成功保存股票信息: 002909
2026-02-15 22:51:37,640 - database.storage_service - INFO - 成功保存股票信息: 920047
2026-02-15 22:51:37,641 - database.storage_service - INFO - 成功保存股票信息: 688728
2026-02-15 22:51:37,643 - database.storage_service - INFO - 成功保存股票信息: 600737
2026-02-15 22:51:37,644 - database.storage_service - INFO - 成功保存股票信息: 688399
2026-02-15 22:51:37,645 - database.storage_service - INFO - 成功保存股票信息: 603721
2026-02-15 22:51:37,647 - database.storage_service - INFO - 成功保存股票信息: 300214
2026-02-15 22:51:37,648 - database.storage_service - INFO - 成功保存股票信息: 000953
2026-02-15 22:51:37,649 - database.storage_service - INFO - 成功保存股票信息: 601061
2026-02-15 22:51:37,650 - database.storage_service - INFO - 成功保存股票信息: 002370
2026-02-15 22:51:37,652 - database.storage_service - INFO - 成功保存股票信息: 600778
2026-02-15 22:51:37,653 - database.storage_service - INFO - 成功保存股票信息: 603815
2026-02-15 22:51:37,656 - database.storage_service - INFO - 成功保存股票信息: 688502
2026-02-15 22:51:37,657 - database.storage_service - INFO - 成功保存股票信息: 002277
2026-02-15 22:51:37,658 - database.storage_service - INFO - 成功保存股票信息: 920195
2026-02-15 22:51:37,659 - database.storage_service - INFO - 成功保存股票信息: 688165
2026-02-15 22:51:37,660 - database.storage_service - INFO - 成功保存股票信息: 002404
2026-02-15 22:51:37,662 - database.storage_service - INFO - 成功保存股票信息: 001282
2026-02-15 22:51:37,663 - database.storage_service - INFO - 成功保存股票信息: 603213
2026-02-15 22:51:37,664 - database.storage_service - INFO - 成功保存股票信息: 301517
2026-02-15 22:51:37,665 - database.storage_service - INFO - 成功保存股票信息: 300632
2026-02-15 22:51:37,667 - database.storage_service - INFO - 成功保存股票信息: 688012
2026-02-15 22:51:37,669 - database.storage_service - INFO - 成功保存股票信息: 000032
2026-02-15 22:51:37,670 - database.storage_service - INFO - 成功保存股票信息: 002811
2026-02-15 22:51:37,672 - database.storage_service - INFO - 成功保存股票信息: 600736
2026-02-15 22:51:37,673 - database.storage_service - INFO - 成功保存股票信息: 688690
2026-02-15 22:51:37,674 - database.storage_service - INFO - 成功保存股票信息: 300547
2026-02-15 22:51:37,676 - database.storage_service - INFO - 成功保存股票信息: 603639
2026-02-15 22:51:37,677 - database.storage_service - INFO - 成功保存股票信息: 001311
2026-02-15 22:51:37,678 - database.storage_service - INFO - 成功保存股票信息: 600351
2026-02-15 22:51:37,679 - database.storage_service - INFO - 成功保存股票信息: 301068
2026-02-15 22:51:37,681 - database.storage_service - INFO - 成功保存股票信息: 300464
2026-02-15 22:51:37,682 - database.storage_service - INFO - 成功保存股票信息: 920679
2026-02-15 22:51:37,683 - database.storage_service - INFO - 成功保存股票信息: 300305
2026-02-15 22:51:37,685 - database.storage_service - INFO - 成功保存股票信息: 300746
2026-02-15 22:51:37,687 - database.storage_service - INFO - 成功保存股票信息: 002193
2026-02-15 22:51:37,689 - database.storage_service - INFO - 成功保存股票信息: 300366
2026-02-15 22:51:37,690 - database.storage_service - INFO - 成功保存股票信息: 300522
2026-02-15 22:51:37,691 - database.storage_service - INFO - 成功保存股票信息: 301277
2026-02-15 22:51:37,692 - database.storage_service - INFO - 成功保存股票信息: 603273
2026-02-15 22:51:37,694 - database.storage_service - INFO - 成功保存股票信息: 002620
2026-02-15 22:51:37,695 - database.storage_service - INFO - 成功保存股票信息: 688102
2026-02-15 22:51:37,696 - database.storage_service - INFO - 成功保存股票信息: 300542
2026-02-15 22:51:37,697 - database.storage_service - INFO - 成功保存股票信息: 002022
2026-02-15 22:51:37,699 - database.storage_service - INFO - 成功保存股票信息: 300872
2026-02-15 22:51:37,700 - database.storage_service - INFO - 成功保存股票信息: 688373
2026-02-15 22:51:37,701 - database.storage_service - INFO - 成功保存股票信息: 002828
2026-02-15 22:51:37,703 - database.storage_service - INFO - 成功保存股票信息: 603130
2026-02-15 22:51:37,706 - database.storage_service - INFO - 成功保存股票信息: 300713
2026-02-15 22:51:37,707 - database.storage_service - INFO - 成功保存股票信息: 003033
2026-02-15 22:51:37,708 - database.storage_service - INFO - 成功保存股票信息: 300343
2026-02-15 22:51:37,709 - database.storage_service - INFO - 成功保存股票信息: 002016
2026-02-15 22:51:37,710 - database.storage_service - INFO - 成功保存股票信息: 600600
2026-02-15 22:51:37,712 - database.storage_service - INFO - 成功保存股票信息: 301027
2026-02-15 22:51:37,713 - database.storage_service - INFO - 成功保存股票信息: 920058
2026-02-15 22:51:37,714 - database.storage_service - INFO - 成功保存股票信息: 000651
2026-02-15 22:51:37,716 - database.storage_service - INFO - 成功保存股票信息: 002570
2026-02-15 22:51:37,717 - database.storage_service - INFO - 成功保存股票信息: 603368
2026-02-15 22:51:37,720 - database.storage_service - INFO - 成功保存股票信息: 000546
2026-02-15 22:51:37,721 - database.storage_service - INFO - 成功保存股票信息: 301234
2026-02-15 22:51:37,722 - database.storage_service - INFO - 成功保存股票信息: 301020
2026-02-15 22:51:37,724 - database.storage_service - INFO - 成功保存股票信息: 601199
2026-02-15 22:51:37,725 - database.storage_service - INFO - 成功保存股票信息: 002324
2026-02-15 22:51:37,726 - database.storage_service - INFO - 成功保存股票信息: 002186
2026-02-15 22:51:37,728 - database.storage_service - INFO - 成功保存股票信息: 920433
2026-02-15 22:51:37,729 - database.storage_service - INFO - 成功保存股票信息: 300900
2026-02-15 22:51:37,730 - database.storage_service - INFO - 成功保存股票信息: 002097
2026-02-15 22:51:37,732 - database.storage_service - INFO - 成功保存股票信息: 001266
2026-02-15 22:51:37,733 - database.storage_service - INFO - 成功保存股票信息: 002915
2026-02-15 22:51:37,735 - database.storage_service - INFO - 成功保存股票信息: 920112
2026-02-15 22:51:37,737 - database.storage_service - INFO - 成功保存股票信息: 603277
2026-02-15 22:51:37,739 - database.storage_service - INFO - 成功保存股票信息: 600822
2026-02-15 22:51:37,740 - database.storage_service - INFO - 成功保存股票信息: 300864
2026-02-15 22:51:37,741 - database.storage_service - INFO - 成功保存股票信息: 002388
2026-02-15 22:51:37,742 - database.storage_service - INFO - 成功保存股票信息: 600612
2026-02-15 22:51:37,744 - database.storage_service - INFO - 成功保存股票信息: 601009
2026-02-15 22:51:37,745 - database.storage_service - INFO - 成功保存股票信息: 688211
2026-02-15 22:51:37,746 - database.storage_service - INFO - 成功保存股票信息: 003000
2026-02-15 22:51:37,748 - database.storage_service - INFO - 成功保存股票信息: 002955
2026-02-15 22:51:37,749 - database.storage_service - INFO - 成功保存股票信息: 300871
2026-02-15 22:51:37,751 - database.storage_service - INFO - 成功保存股票信息: 603409
2026-02-15 22:51:37,752 - database.storage_service - INFO - 成功保存股票信息: 300859
2026-02-15 22:51:37,754 - database.storage_service - INFO - 成功保存股票信息: 002041
2026-02-15 22:51:37,755 - database.storage_service - INFO - 成功保存股票信息: 600571
2026-02-15 22:51:37,757 - database.storage_service - INFO - 成功保存股票信息: 688369
2026-02-15 22:51:37,759 - database.storage_service - INFO - 成功保存股票信息: 603195
2026-02-15 22:51:37,761 - database.storage_service - INFO - 成功保存股票信息: 300515
2026-02-15 22:51:37,762 - database.storage_service - INFO - 成功保存股票信息: 603050
2026-02-15 22:51:37,763 - database.storage_service - INFO - 成功保存股票信息: 000915
2026-02-15 22:51:37,764 - database.storage_service - INFO - 成功保存股票信息: 920158
2026-02-15 22:51:37,765 - database.storage_service - INFO - 成功保存股票信息: 300879
2026-02-15 22:51:37,767 - database.storage_service - INFO - 成功保存股票信息: 300075
2026-02-15 22:51:37,769 - database.storage_service - INFO - 成功保存股票信息: 300439
2026-02-15 22:51:37,770 - database.storage_service - INFO - 成功保存股票信息: 688360
2026-02-15 22:51:37,772 - database.storage_service - INFO - 成功保存股票信息: 000407
2026-02-15 22:51:37,774 - database.storage_service - INFO - 成功保存股票信息: 920718
2026-02-15 22:51:37,776 - database.storage_service - INFO - 成功保存股票信息: 002330
2026-02-15 22:51:37,777 - database.storage_service - INFO - 成功保存股票信息: 300597
2026-02-15 22:51:37,778 - database.storage_service - INFO - 成功保存股票信息: 002907
2026-02-15 22:51:37,779 - database.storage_service - INFO - 成功保存股票信息: 688718
2026-02-15 22:51:37,781 - database.storage_service - INFO - 成功保存股票信息: 300926
2026-02-15 22:51:37,782 - database.storage_service - INFO - 成功保存股票信息: 601963
2026-02-15 22:51:37,783 - database.storage_service - INFO - 成功保存股票信息: 002313
2026-02-15 22:51:37,784 - database.storage_service - INFO - 成功保存股票信息: 002144
2026-02-15 22:51:37,786 - database.storage_service - INFO - 成功保存股票信息: 300476
2026-02-15 22:51:37,788 - database.storage_service - INFO - 成功保存股票信息: 300074
2026-02-15 22:51:37,789 - database.storage_service - INFO - 成功保存股票信息: 688368
2026-02-15 22:51:37,791 - database.storage_service - INFO - 成功保存股票信息: 300446
2026-02-15 22:51:37,793 - database.storage_service - INFO - 成功保存股票信息: 603089
2026-02-15 22:51:37,794 - database.storage_service - INFO - 成功保存股票信息: 301428
2026-02-15 22:51:37,795 - database.storage_service - INFO - 成功保存股票信息: 600461
2026-02-15 22:51:37,796 - database.storage_service - INFO - 成功保存股票信息: 002669
2026-02-15 22:51:37,798 - database.storage_service - INFO - 成功保存股票信息: 300875
2026-02-15 22:51:37,799 - database.storage_service - INFO - 成功保存股票信息: 002262
2026-02-15 22:51:37,800 - database.storage_service - INFO - 成功保存股票信息: 002674
2026-02-15 22:51:37,802 - database.storage_service - INFO - 成功保存股票信息: 600511
2026-02-15 22:51:37,804 - database.storage_service - INFO - 成功保存股票信息: 601515
2026-02-15 22:51:37,806 - database.storage_service - INFO - 成功保存股票信息: 688056
2026-02-15 22:51:37,807 - database.storage_service - INFO - 成功保存股票信息: 688316
2026-02-15 22:51:37,808 - database.storage_service - INFO - 成功保存股票信息: 002152
2026-02-15 22:51:37,809 - database.storage_service - INFO - 成功保存股票信息: 600525
2026-02-15 22:51:37,811 - database.storage_service - INFO - 成功保存股票信息: 603982
2026-02-15 22:51:37,812 - database.storage_service - INFO - 成功保存股票信息: 920981
2026-02-15 22:51:37,813 - database.storage_service - INFO - 成功保存股票信息: 920701
2026-02-15 22:51:37,815 - database.storage_service - INFO - 成功保存股票信息: 600824
2026-02-15 22:51:37,816 - database.storage_service - INFO - 成功保存股票信息: 600883
2026-02-15 22:51:37,818 - database.storage_service - INFO - 成功保存股票信息: 300199
2026-02-15 22:51:37,820 - database.storage_service - INFO - 成功保存股票信息: 002749
2026-02-15 22:51:37,821 - database.storage_service - INFO - 成功保存股票信息: 601059
2026-02-15 22:51:37,823 - database.storage_service - INFO - 成功保存股票信息: 920023
2026-02-15 22:51:37,824 - database.storage_service - INFO - 成功保存股票信息: 920806
2026-02-15 22:51:37,825 - database.storage_service - INFO - 成功保存股票信息: 001277
2026-02-15 22:51:37,826 - database.storage_service - INFO - 成功保存股票信息: 002474
2026-02-15 22:51:37,828 - database.storage_service - INFO - 成功保存股票信息: 300351
2026-02-15 22:51:37,829 - database.storage_service - INFO - 成功保存股票信息: 000555
2026-02-15 22:51:37,830 - database.storage_service - INFO - 成功保存股票信息: 920266
2026-02-15 22:51:37,832 - database.storage_service - INFO - 成功保存股票信息: 920953
2026-02-15 22:51:37,833 - database.storage_service - INFO - 成功保存股票信息: 301191
2026-02-15 22:51:37,836 - database.storage_service - INFO - 成功保存股票信息: 688265
2026-02-15 22:51:37,837 - database.storage_service - INFO - 成功保存股票信息: 920098
2026-02-15 22:51:37,838 - database.storage_service - INFO - 成功保存股票信息: 688388
2026-02-15 22:51:37,840 - database.storage_service - INFO - 成功保存股票信息: 002180
2026-02-15 22:51:37,841 - database.storage_service - INFO - 成功保存股票信息: 605008
2026-02-15 22:51:37,842 - database.storage_service - INFO - 成功保存股票信息: 301429
2026-02-15 22:51:37,843 - database.storage_service - INFO - 成功保存股票信息: 301170
2026-02-15 22:51:37,844 - database.storage_service - INFO - 成功保存股票信息: 002184
2026-02-15 22:51:37,846 - database.storage_service - INFO - 成功保存股票信息: 300694
2026-02-15 22:51:37,847 - database.storage_service - INFO - 成功保存股票信息: 600232
2026-02-15 22:51:37,848 - database.storage_service - INFO - 成功保存股票信息: 301602
2026-02-15 22:51:37,850 - database.storage_service - INFO - 成功保存股票信息: 000876
2026-02-15 22:51:37,851 - database.storage_service - INFO - 成功保存股票信息: 605068
2026-02-15 22:51:37,852 - database.storage_service - INFO - 成功保存股票信息: 601882
2026-02-15 22:51:37,855 - database.storage_service - INFO - 成功保存股票信息: 300966
2026-02-15 22:51:37,856 - database.storage_service - INFO - 成功保存股票信息: 688075
2026-02-15 22:51:37,857 - database.storage_service - INFO - 成功保存股票信息: 002624
2026-02-15 22:51:37,858 - database.storage_service - INFO - 成功保存股票信息: 301070
2026-02-15 22:51:37,859 - database.storage_service - INFO - 成功保存股票信息: 002148
2026-02-15 22:51:37,861 - database.storage_service - INFO - 成功保存股票信息: 002881
2026-02-15 22:51:37,862 - database.storage_service - INFO - 成功保存股票信息: 301580
2026-02-15 22:51:37,863 - database.storage_service - INFO - 成功保存股票信息: 920370
2026-02-15 22:51:37,864 - database.storage_service - INFO - 成功保存股票信息: 603908
2026-02-15 22:51:37,866 - database.storage_service - INFO - 成功保存股票信息: 301126
2026-02-15 22:51:37,868 - database.storage_service - INFO - 成功保存股票信息: 300923
2026-02-15 22:51:37,869 - database.storage_service - INFO - 成功保存股票信息: 603896
2026-02-15 22:51:37,870 - database.storage_service - INFO - 成功保存股票信息: 688356
2026-02-15 22:51:37,871 - database.storage_service - INFO - 成功保存股票信息: 300556
2026-02-15 22:51:37,873 - database.storage_service - INFO - 成功保存股票信息: 600488
2026-02-15 22:51:37,874 - database.storage_service - INFO - 成功保存股票信息: 300577
2026-02-15 22:51:37,875 - database.storage_service - INFO - 成功保存股票信息: 920504
2026-02-15 22:51:37,876 - database.storage_service - INFO - 成功保存股票信息: 300087
2026-02-15 22:51:37,878 - database.storage_service - INFO - 成功保存股票信息: 600071
2026-02-15 22:51:37,879 - database.storage_service - INFO - 成功保存股票信息: 600905
2026-02-15 22:51:37,881 - database.storage_service - INFO - 成功保存股票信息: 301213
2026-02-15 22:51:37,882 - database.storage_service - INFO - 成功保存股票信息: 603275
2026-02-15 22:51:37,884 - database.storage_service - INFO - 成功保存股票信息: 300653
2026-02-15 22:51:37,886 - database.storage_service - INFO - 成功保存股票信息: 301211
2026-02-15 22:51:37,887 - database.storage_service - INFO - 成功保存股票信息: 600161
2026-02-15 22:51:37,889 - database.storage_service - INFO - 成功保存股票信息: 600835
2026-02-15 22:51:37,890 - database.storage_service - INFO - 成功保存股票信息: 603948
2026-02-15 22:51:37,891 - database.storage_service - INFO - 成功保存股票信息: 603658
2026-02-15 22:51:37,892 - database.storage_service - INFO - 成功保存股票信息: 301510
2026-02-15 22:51:37,893 - database.storage_service - INFO - 成功保存股票信息: 600817
2026-02-15 22:51:37,895 - database.storage_service - INFO - 成功保存股票信息: 920237
2026-02-15 22:51:37,896 - database.storage_service - INFO - 成功保存股票信息: 002763
2026-02-15 22:51:37,897 - database.storage_service - INFO - 成功保存股票信息: 000790
2026-02-15 22:51:37,899 - database.storage_service - INFO - 成功保存股票信息: 000090
2026-02-15 22:51:37,900 - database.storage_service - INFO - 成功保存股票信息: 001206
2026-02-15 22:51:37,902 - database.storage_service - INFO - 成功保存股票信息: 000661
2026-02-15 22:51:37,903 - database.storage_service - INFO - 成功保存股票信息: 600016
2026-02-15 22:51:37,904 - database.storage_service - INFO - 成功保存股票信息: 300518
2026-02-15 22:51:37,906 - database.storage_service - INFO - 成功保存股票信息: 600678
2026-02-15 22:51:37,907 - database.storage_service - INFO - 成功保存股票信息: 002376
2026-02-15 22:51:37,908 - database.storage_service - INFO - 成功保存股票信息: 920970
2026-02-15 22:51:37,909 - database.storage_service - INFO - 成功保存股票信息: 301487
2026-02-15 22:51:37,911 - database.storage_service - INFO - 成功保存股票信息: 300640
2026-02-15 22:51:37,912 - database.storage_service - INFO - 成功保存股票信息: 688226
2026-02-15 22:51:37,913 - database.storage_service - INFO - 成功保存股票信息: 300894
2026-02-15 22:51:37,915 - database.storage_service - INFO - 成功保存股票信息: 603590
2026-02-15 22:51:37,916 - database.storage_service - INFO - 成功保存股票信息: 301339
2026-02-15 22:51:37,918 - database.storage_service - INFO - 成功保存股票信息: 300553
2026-02-15 22:51:37,919 - database.storage_service - INFO - 成功保存股票信息: 920942
2026-02-15 22:51:37,920 - database.storage_service - INFO - 成功保存股票信息: 688553
2026-02-15 22:51:37,921 - database.storage_service - INFO - 成功保存股票信息: 301038
2026-02-15 22:51:37,923 - database.storage_service - INFO - 成功保存股票信息: 605389
2026-02-15 22:51:37,924 - database.storage_service - INFO - 成功保存股票信息: 600446
2026-02-15 22:51:37,925 - database.storage_service - INFO - 成功保存股票信息: 301139
2026-02-15 22:51:37,926 - database.storage_service - INFO - 成功保存股票信息: 300862
2026-02-15 22:51:37,927 - database.storage_service - INFO - 成功保存股票信息: 001222
2026-02-15 22:51:37,929 - database.storage_service - INFO - 成功保存股票信息: 000626
2026-02-15 22:51:37,930 - database.storage_service - INFO - 成功保存股票信息: 920123
2026-02-15 22:51:37,931 - database.storage_service - INFO - 成功保存股票信息: 002774
2026-02-15 22:51:37,932 - database.storage_service - INFO - 成功保存股票信息: 605333
2026-02-15 22:51:37,935 - database.storage_service - INFO - 成功保存股票信息: 002889
2026-02-15 22:51:37,936 - database.storage_service - INFO - 成功保存股票信息: 002932
2026-02-15 22:51:37,938 - database.storage_service - INFO - 成功保存股票信息: 603822
2026-02-15 22:51:37,940 - database.storage_service - INFO - 成功保存股票信息: 301519
2026-02-15 22:51:37,942 - database.storage_service - INFO - 成功保存股票信息: 301125
2026-02-15 22:51:37,943 - database.storage_service - INFO - 成功保存股票信息: 002947
2026-02-15 22:51:37,945 - database.storage_service - INFO - 成功保存股票信息: 603291
2026-02-15 22:51:37,946 - database.storage_service - INFO - 成功保存股票信息: 300670
2026-02-15 22:51:37,948 - database.storage_service - INFO - 成功保存股票信息: 000759
2026-02-15 22:51:37,949 - database.storage_service - INFO - 成功保存股票信息: 002801
2026-02-15 22:51:37,951 - database.storage_service - INFO - 成功保存股票信息: 300572
2026-02-15 22:51:37,953 - database.storage_service - INFO - 成功保存股票信息: 600561
2026-02-15 22:51:37,955 - database.storage_service - INFO - 成功保存股票信息: 688589
2026-02-15 22:51:37,956 - database.storage_service - INFO - 成功保存股票信息: 300329
2026-02-15 22:51:37,957 - database.storage_service - INFO - 成功保存股票信息: 600809
2026-02-15 22:51:37,958 - database.storage_service - INFO - 成功保存股票信息: 688090
2026-02-15 22:51:37,960 - database.storage_service - INFO - 成功保存股票信息: 000935
2026-02-15 22:51:37,961 - database.storage_service - INFO - 成功保存股票信息: 600359
2026-02-15 22:51:37,963 - database.storage_service - INFO - 成功保存股票信息: 002188
2026-02-15 22:51:37,964 - database.storage_service - INFO - 成功保存股票信息: 920242
2026-02-15 22:51:37,965 - database.storage_service - INFO - 成功保存股票信息: 300647
2026-02-15 22:51:37,967 - database.storage_service - INFO - 成功保存股票信息: 601607
2026-02-15 22:51:37,969 - database.storage_service - INFO - 成功保存股票信息: 603060
2026-02-15 22:51:37,971 - database.storage_service - INFO - 成功保存股票信息: 920082
2026-02-15 22:51:37,972 - database.storage_service - INFO - 成功保存股票信息: 688616
2026-02-15 22:51:37,974 - database.storage_service - INFO - 成功保存股票信息: 300711
2026-02-15 22:51:37,975 - database.storage_service - INFO - 成功保存股票信息: 300663
2026-02-15 22:51:37,977 - database.storage_service - INFO - 成功保存股票信息: 002758
2026-02-15 22:51:37,979 - database.storage_service - INFO - 成功保存股票信息: 002762
2026-02-15 22:51:37,980 - database.storage_service - INFO - 成功保存股票信息: 920057
2026-02-15 22:51:37,981 - database.storage_service - INFO - 成功保存股票信息: 002381
2026-02-15 22:51:37,983 - database.storage_service - INFO - 成功保存股票信息: 002032
2026-02-15 22:51:37,985 - database.storage_service - INFO - 成功保存股票信息: 002046
2026-02-15 22:51:37,987 - database.storage_service - INFO - 成功保存股票信息: 603661
2026-02-15 22:51:37,988 - database.storage_service - INFO - 成功保存股票信息: 603991
2026-02-15 22:51:37,989 - database.storage_service - INFO - 成功保存股票信息: 603257
2026-02-15 22:51:37,990 - database.storage_service - INFO - 成功保存股票信息: 603803
2026-02-15 22:51:37,991 - database.storage_service - INFO - 成功保存股票信息: 603178
2026-02-15 22:51:37,993 - database.storage_service - INFO - 成功保存股票信息: 920870
2026-02-15 22:51:37,994 - database.storage_service - INFO - 成功保存股票信息: 000762
2026-02-15 22:51:37,995 - database.storage_service - INFO - 成功保存股票信息: 600566
2026-02-15 22:51:37,996 - database.storage_service - INFO - 成功保存股票信息: 002034
2026-02-15 22:51:37,997 - database.storage_service - INFO - 成功保存股票信息: 300534
2026-02-15 22:51:37,999 - database.storage_service - INFO - 成功保存股票信息: 600448
2026-02-15 22:51:38,000 - database.storage_service - INFO - 成功保存股票信息: 601818
2026-02-15 22:51:38,002 - database.storage_service - INFO - 成功保存股票信息: 300376
2026-02-15 22:51:38,004 - database.storage_service - INFO - 成功保存股票信息: 920895
2026-02-15 22:51:38,005 - database.storage_service - INFO - 成功保存股票信息: 301156
2026-02-15 22:51:38,006 - database.storage_service - INFO - 成功保存股票信息: 600724
2026-02-15 22:51:38,007 - database.storage_service - INFO - 成功保存股票信息: 300396
2026-02-15 22:51:38,008 - database.storage_service - INFO - 成功保存股票信息: 000928
2026-02-15 22:51:38,010 - database.storage_service - INFO - 成功保存股票信息: 301355
2026-02-15 22:51:38,011 - database.storage_service - INFO - 成功保存股票信息: 920022
2026-02-15 22:51:38,012 - database.storage_service - INFO - 成功保存股票信息: 688305
2026-02-15 22:51:38,014 - database.storage_service - INFO - 成功保存股票信息: 688058
2026-02-15 22:51:38,015 - database.storage_service - INFO - 成功保存股票信息: 002062
2026-02-15 22:51:38,016 - database.storage_service - INFO - 成功保存股票信息: 601229
2026-02-15 22:51:38,018 - database.storage_service - INFO - 成功保存股票信息: 688132
2026-02-15 22:51:38,020 - database.storage_service - INFO - 成功保存股票信息: 300623
2026-02-15 22:51:38,021 - database.storage_service - INFO - 成功保存股票信息: 300643
2026-02-15 22:51:38,022 - database.storage_service - INFO - 成功保存股票信息: 600199
2026-02-15 22:51:38,023 - database.storage_service - INFO - 成功保存股票信息: 002660
2026-02-15 22:51:38,024 - database.storage_service - INFO - 成功保存股票信息: 605186
2026-02-15 22:51:38,026 - database.storage_service - INFO - 成功保存股票信息: 301479
2026-02-15 22:51:38,027 - database.storage_service - INFO - 成功保存股票信息: 605398
2026-02-15 22:51:38,028 - database.storage_service - INFO - 成功保存股票信息: 600833
2026-02-15 22:51:38,029 - database.storage_service - INFO - 成功保存股票信息: 002941
2026-02-15 22:51:38,031 - database.storage_service - INFO - 成功保存股票信息: 603406
2026-02-15 22:51:38,032 - database.storage_service - INFO - 成功保存股票信息: 002456
2026-02-15 22:51:38,033 - database.storage_service - INFO - 成功保存股票信息: 600855
2026-02-15 22:51:38,035 - database.storage_service - INFO - 成功保存股票信息: 603809
2026-02-15 22:51:38,037 - database.storage_service - INFO - 成功保存股票信息: 300916
2026-02-15 22:51:38,038 - database.storage_service - INFO - 成功保存股票信息: 600839
2026-02-15 22:51:38,039 - database.storage_service - INFO - 成功保存股票信息: 600159
2026-02-15 22:51:38,040 - database.storage_service - INFO - 成功保存股票信息: 000837
2026-02-15 22:51:38,041 - database.storage_service - INFO - 成功保存股票信息: 002965
2026-02-15 22:51:38,043 - database.storage_service - INFO - 成功保存股票信息: 300098
2026-02-15 22:51:38,044 - database.storage_service - INFO - 成功保存股票信息: 688219
2026-02-15 22:51:38,045 - database.storage_service - INFO - 成功保存股票信息: 600365
2026-02-15 22:51:38,047 - database.storage_service - INFO - 成功保存股票信息: 688393
2026-02-15 22:51:38,048 - database.storage_service - INFO - 成功保存股票信息: 300318
2026-02-15 22:51:38,049 - database.storage_service - INFO - 成功保存股票信息: 920262
2026-02-15 22:51:38,051 - database.storage_service - INFO - 成功保存股票信息: 000566
2026-02-15 22:51:38,053 - database.storage_service - INFO - 成功保存股票信息: 002833
2026-02-15 22:51:38,054 - database.storage_service - INFO - 成功保存股票信息: 002838
2026-02-15 22:51:38,055 - database.storage_service - INFO - 成功保存股票信息: 600358
2026-02-15 22:51:38,056 - database.storage_service - INFO - 成功保存股票信息: 002719
2026-02-15 22:51:38,057 - database.storage_service - INFO - 成功保存股票信息: 920208
2026-02-15 22:51:38,059 - database.storage_service - INFO - 成功保存股票信息: 300039
2026-02-15 22:51:38,060 - database.storage_service - INFO - 成功保存股票信息: 300350
2026-02-15 22:51:38,061 - database.storage_service - INFO - 成功保存股票信息: 603912
2026-02-15 22:51:38,062 - database.storage_service - INFO - 成功保存股票信息: 601886
2026-02-15 22:51:38,064 - database.storage_service - INFO - 成功保存股票信息: 002799
2026-02-15 22:51:38,065 - database.storage_service - INFO - 成功保存股票信息: 000797
2026-02-15 22:51:38,066 - database.storage_service - INFO - 成功保存股票信息: 000788
2026-02-15 22:51:38,068 - database.storage_service - INFO - 成功保存股票信息: 600085
2026-02-15 22:51:38,070 - database.storage_service - INFO - 成功保存股票信息: 002820
2026-02-15 22:51:38,071 - database.storage_service - INFO - 成功保存股票信息: 600114
2026-02-15 22:51:38,072 - database.storage_service - INFO - 成功保存股票信息: 688439
2026-02-15 22:51:38,073 - database.storage_service - INFO - 成功保存股票信息: 600630
2026-02-15 22:51:38,074 - database.storage_service - INFO - 成功保存股票信息: 603092
2026-02-15 22:51:38,075 - database.storage_service - INFO - 成功保存股票信息: 920149
2026-02-15 22:51:38,077 - database.storage_service - INFO - 成功保存股票信息: 000716
2026-02-15 22:51:38,078 - database.storage_service - INFO - 成功保存股票信息: 002935
2026-02-15 22:51:38,079 - database.storage_service - INFO - 成功保存股票信息: 002611
2026-02-15 22:51:38,080 - database.storage_service - INFO - 成功保存股票信息: 300778
2026-02-15 22:51:38,082 - database.storage_service - INFO - 成功保存股票信息: 301149
2026-02-15 22:51:38,083 - database.storage_service - INFO - 成功保存股票信息: 000058
2026-02-15 22:51:38,085 - database.storage_service - INFO - 成功保存股票信息: 002863
2026-02-15 22:51:38,086 - database.storage_service - INFO - 成功保存股票信息: 603444
2026-02-15 22:51:38,088 - database.storage_service - INFO - 成功保存股票信息: 300709
2026-02-15 22:51:38,089 - database.storage_service - INFO - 成功保存股票信息: 600573
2026-02-15 22:51:38,090 - database.storage_service - INFO - 成功保存股票信息: 002117
2026-02-15 22:51:38,091 - database.storage_service - INFO - 成功保存股票信息: 301023
2026-02-15 22:51:38,093 - database.storage_service - INFO - 成功保存股票信息: 603177
2026-02-15 22:51:38,094 - database.storage_service - INFO - 成功保存股票信息: 603208
2026-02-15 22:51:38,096 - database.storage_service - INFO - 成功保存股票信息: 301011
2026-02-15 22:51:38,097 - database.storage_service - INFO - 成功保存股票信息: 688126
2026-02-15 22:51:38,098 - database.storage_service - INFO - 成功保存股票信息: 002897
2026-02-15 22:51:38,100 - database.storage_service - INFO - 成功保存股票信息: 688169
2026-02-15 22:51:38,101 - database.storage_service - INFO - 成功保存股票信息: 688529
2026-02-15 22:51:38,103 - database.storage_service - INFO - 成功保存股票信息: 688805
2026-02-15 22:51:38,104 - database.storage_service - INFO - 成功保存股票信息: 002522
2026-02-15 22:51:38,105 - database.storage_service - INFO - 成功保存股票信息: 605167
2026-02-15 22:51:38,106 - database.storage_service - INFO - 成功保存股票信息: 688310
2026-02-15 22:51:38,108 - database.storage_service - INFO - 成功保存股票信息: 605377
2026-02-15 22:51:38,109 - database.storage_service - INFO - 成功保存股票信息: 600249
2026-02-15 22:51:38,110 - database.storage_service - INFO - 成功保存股票信息: 002415
2026-02-15 22:51:38,111 - database.storage_service - INFO - 成功保存股票信息: 920132
2026-02-15 22:51:38,113 - database.storage_service - INFO - 成功保存股票信息: 601997
2026-02-15 22:51:38,114 - database.storage_service - INFO - 成功保存股票信息: 601995
2026-02-15 22:51:38,115 - database.storage_service - INFO - 成功保存股票信息: 600151
2026-02-15 22:51:38,116 - database.storage_service - INFO - 成功保存股票信息: 001395
2026-02-15 22:51:38,118 - database.storage_service - INFO - 成功保存股票信息: 002579
2026-02-15 22:51:38,120 - database.storage_service - INFO - 成功保存股票信息: 603589
2026-02-15 22:51:38,121 - database.storage_service - INFO - 成功保存股票信息: 600611
2026-02-15 22:51:38,122 - database.storage_service - INFO - 成功保存股票信息: 603636
2026-02-15 22:51:38,123 - database.storage_service - INFO - 成功保存股票信息: 688707
2026-02-15 22:51:38,125 - database.storage_service - INFO - 成功保存股票信息: 300346
2026-02-15 22:51:38,126 - database.storage_service - INFO - 成功保存股票信息: 002449
2026-02-15 22:51:38,127 - database.storage_service - INFO - 成功保存股票信息: 601728
2026-02-15 22:51:38,128 - database.storage_service - INFO - 成功保存股票信息: 603900
2026-02-15 22:51:38,130 - database.storage_service - INFO - 成功保存股票信息: 601518
2026-02-15 22:51:38,131 - database.storage_service - INFO - 成功保存股票信息: 688689
2026-02-15 22:51:38,132 - database.storage_service - INFO - 成功保存股票信息: 603076
2026-02-15 22:51:38,134 - database.storage_service - INFO - 成功保存股票信息: 002285
2026-02-15 22:51:38,136 - database.storage_service - INFO - 成功保存股票信息: 603367
2026-02-15 22:51:38,137 - database.storage_service - INFO - 成功保存股票信息: 688443
2026-02-15 22:51:38,138 - database.storage_service - INFO - 成功保存股票信息: 002521
2026-02-15 22:51:38,140 - database.storage_service - INFO - 成功保存股票信息: 688192
2026-02-15 22:51:38,141 - database.storage_service - INFO - 成功保存股票信息: 301010
2026-02-15 22:51:38,142 - database.storage_service - INFO - 成功保存股票信息: 603352
2026-02-15 22:51:38,144 - database.storage_service - INFO - 成功保存股票信息: 688602
2026-02-15 22:51:38,145 - database.storage_service - INFO - 成功保存股票信息: 603357
2026-02-15 22:51:38,146 - database.storage_service - INFO - 成功保存股票信息: 301003
2026-02-15 22:51:38,147 - database.storage_service - INFO - 成功保存股票信息: 002737
2026-02-15 22:51:38,149 - database.storage_service - INFO - 成功保存股票信息: 002666
2026-02-15 22:51:38,150 - database.storage_service - INFO - 成功保存股票信息: 920367
2026-02-15 22:51:38,152 - database.storage_service - INFO - 成功保存股票信息: 301189
2026-02-15 22:51:38,153 - database.storage_service - INFO - 成功保存股票信息: 688420
2026-02-15 22:51:38,154 - database.storage_service - INFO - 成功保存股票信息: 600439
2026-02-15 22:51:38,156 - database.storage_service - INFO - 成功保存股票信息: 002383
2026-02-15 22:51:38,157 - database.storage_service - INFO - 成功保存股票信息: 002876
2026-02-15 22:51:38,158 - database.storage_service - INFO - 成功保存股票信息: 001388
2026-02-15 22:51:38,159 - database.storage_service - INFO - 成功保存股票信息: 605089
2026-02-15 22:51:38,160 - database.storage_service - INFO - 成功保存股票信息: 688277
2026-02-15 22:51:38,162 - database.storage_service - INFO - 成功保存股票信息: 600663
2026-02-15 22:51:38,163 - database.storage_service - INFO - 成功保存股票信息: 300358
2026-02-15 22:51:38,164 - database.storage_service - INFO - 成功保存股票信息: 300523
2026-02-15 22:51:38,165 - database.storage_service - INFO - 成功保存股票信息: 603333
2026-02-15 22:51:38,167 - database.storage_service - INFO - 成功保存股票信息: 920690
2026-02-15 22:51:38,169 - database.storage_service - INFO - 成功保存股票信息: 600651
2026-02-15 22:51:38,171 - database.storage_service - INFO - 成功保存股票信息: 920271
2026-02-15 22:51:38,172 - database.storage_service - INFO - 成功保存股票信息: 920946
2026-02-15 22:51:38,173 - database.storage_service - INFO - 成功保存股票信息: 920174
2026-02-15 22:51:38,175 - database.storage_service - INFO - 成功保存股票信息: 002209
2026-02-15 22:51:38,176 - database.storage_service - INFO - 成功保存股票信息: 603151
2026-02-15 22:51:38,177 - database.storage_service - INFO - 成功保存股票信息: 001301
2026-02-15 22:51:38,178 - database.storage_service - INFO - 成功保存股票信息: 600919
2026-02-15 22:51:38,180 - database.storage_service - INFO - 成功保存股票信息: 300825
2026-02-15 22:51:38,181 - database.storage_service - INFO - 成功保存股票信息: 920768
2026-02-15 22:51:38,182 - database.storage_service - INFO - 成功保存股票信息: 002314
2026-02-15 22:51:38,184 - database.storage_service - INFO - 成功保存股票信息: 002293
2026-02-15 22:51:38,185 - database.storage_service - INFO - 成功保存股票信息: 600536
2026-02-15 22:51:38,187 - database.storage_service - INFO - 成功保存股票信息: 601238
2026-02-15 22:51:38,188 - database.storage_service - INFO - 成功保存股票信息: 301320
2026-02-15 22:51:38,191 - database.storage_service - INFO - 成功保存股票信息: 920274
2026-02-15 22:51:38,192 - database.storage_service - INFO - 成功保存股票信息: 301207
2026-02-15 22:51:38,194 - database.storage_service - INFO - 成功保存股票信息: 300415
2026-02-15 22:51:38,195 - database.storage_service - INFO - 成功保存股票信息: 600467
2026-02-15 22:51:38,196 - database.storage_service - INFO - 成功保存股票信息: 300331
2026-02-15 22:51:38,197 - database.storage_service - INFO - 成功保存股票信息: 002882
2026-02-15 22:51:38,198 - database.storage_service - INFO - 成功保存股票信息: 603617
2026-02-15 22:51:38,200 - database.storage_service - INFO - 成功保存股票信息: 603722
2026-02-15 22:51:38,201 - database.storage_service - INFO - 成功保存股票信息: 300230
2026-02-15 22:51:38,203 - database.storage_service - INFO - 成功保存股票信息: 920001
2026-02-15 22:51:38,204 - database.storage_service - INFO - 成功保存股票信息: 600337
2026-02-15 22:51:38,206 - database.storage_service - INFO - 成功保存股票信息: 601368
2026-02-15 22:51:38,207 - database.storage_service - INFO - 成功保存股票信息: 300611
2026-02-15 22:51:38,209 - database.storage_service - INFO - 成功保存股票信息: 688362
2026-02-15 22:51:38,211 - database.storage_service - INFO - 成功保存股票信息: 300947
2026-02-15 22:51:38,212 - database.storage_service - INFO - 成功保存股票信息: 300281
2026-02-15 22:51:38,213 - database.storage_service - INFO - 成功保存股票信息: 301459
2026-02-15 22:51:38,214 - database.storage_service - INFO - 成功保存股票信息: 603353
2026-02-15 22:51:38,216 - database.storage_service - INFO - 成功保存股票信息: 605566
2026-02-15 22:51:38,217 - database.storage_service - INFO - 成功保存股票信息: 920580
2026-02-15 22:51:38,219 - database.storage_service - INFO - 成功保存股票信息: 000710
2026-02-15 22:51:38,220 - database.storage_service - INFO - 成功保存股票信息: 300303
2026-02-15 22:51:38,222 - database.storage_service - INFO - 成功保存股票信息: 002777
2026-02-15 22:51:38,223 - database.storage_service - INFO - 成功保存股票信息: 688199
2026-02-15 22:51:38,224 - database.storage_service - INFO - 成功保存股票信息: 002927
2026-02-15 22:51:38,226 - database.storage_service - INFO - 成功保存股票信息: 301208
2026-02-15 22:51:38,227 - database.storage_service - INFO - 成功保存股票信息: 688790
2026-02-15 22:51:38,228 - database.storage_service - INFO - 成功保存股票信息: 603230
2026-02-15 22:51:38,229 - database.storage_service - INFO - 成功保存股票信息: 002736
2026-02-15 22:51:38,231 - database.storage_service - INFO - 成功保存股票信息: 002124
2026-02-15 22:51:38,232 - database.storage_service - INFO - 成功保存股票信息: 300784
2026-02-15 22:51:38,233 - database.storage_service - INFO - 成功保存股票信息: 000411
2026-02-15 22:51:38,235 - database.storage_service - INFO - 成功保存股票信息: 603153
2026-02-15 22:51:38,237 - database.storage_service - INFO - 成功保存股票信息: 300715
2026-02-15 22:51:38,238 - database.storage_service - INFO - 成功保存股票信息: 600444
2026-02-15 22:51:38,239 - database.storage_service - INFO - 成功保存股票信息: 600169
2026-02-15 22:51:38,241 - database.storage_service - INFO - 成功保存股票信息: 603110
2026-02-15 22:51:38,242 - database.storage_service - INFO - 成功保存股票信息: 688101
2026-02-15 22:51:38,243 - database.storage_service - INFO - 成功保存股票信息: 688089
2026-02-15 22:51:38,244 - database.storage_service - INFO - 成功保存股票信息: 002900
2026-02-15 22:51:38,245 - database.storage_service - INFO - 成功保存股票信息: 920121
2026-02-15 22:51:38,246 - database.storage_service - INFO - 成功保存股票信息: 600455
2026-02-15 22:51:38,248 - database.storage_service - INFO - 成功保存股票信息: 001219
2026-02-15 22:51:38,249 - database.storage_service - INFO - 成功保存股票信息: 000868
2026-02-15 22:51:38,250 - database.storage_service - INFO - 成功保存股票信息: 000895
2026-02-15 22:51:38,252 - database.storage_service - INFO - 成功保存股票信息: 301041
2026-02-15 22:51:38,254 - database.storage_service - INFO - 成功保存股票信息: 603707
2026-02-15 22:51:38,255 - database.storage_service - INFO - 成功保存股票信息: 301600
2026-02-15 22:51:38,256 - database.storage_service - INFO - 成功保存股票信息: 300455
2026-02-15 22:51:38,257 - database.storage_service - INFO - 成功保存股票信息: 603578
2026-02-15 22:51:38,259 - database.storage_service - INFO - 成功保存股票信息: 002219
2026-02-15 22:51:38,260 - database.storage_service - INFO - 成功保存股票信息: 688021
2026-02-15 22:51:38,261 - database.storage_service - INFO - 成功保存股票信息: 300190
2026-02-15 22:51:38,262 - database.storage_service - INFO - 成功保存股票信息: 920118
2026-02-15 22:51:38,263 - database.storage_service - INFO - 成功保存股票信息: 000065
2026-02-15 22:51:38,265 - database.storage_service - INFO - 成功保存股票信息: 300313
2026-02-15 22:51:38,266 - database.storage_service - INFO - 成功保存股票信息: 301309
2026-02-15 22:51:38,268 - database.storage_service - INFO - 成功保存股票信息: 300314
2026-02-15 22:51:38,270 - database.storage_service - INFO - 成功保存股票信息: 300419
2026-02-15 22:51:38,272 - database.storage_service - INFO - 成功保存股票信息: 000538
2026-02-15 22:51:38,273 - database.storage_service - INFO - 成功保存股票信息: 603657
2026-02-15 22:51:38,274 - database.storage_service - INFO - 成功保存股票信息: 301006
2026-02-15 22:51:38,275 - database.storage_service - INFO - 成功保存股票信息: 002393
2026-02-15 22:51:38,276 - database.storage_service - INFO - 成功保存股票信息: 000605
2026-02-15 22:51:38,278 - database.storage_service - INFO - 成功保存股票信息: 300807
2026-02-15 22:51:38,279 - database.storage_service - INFO - 成功保存股票信息: 000887
2026-02-15 22:51:38,280 - database.storage_service - INFO - 成功保存股票信息: 301601
2026-02-15 22:51:38,282 - database.storage_service - INFO - 成功保存股票信息: 002448
2026-02-15 22:51:38,283 - database.storage_service - INFO - 成功保存股票信息: 002997
2026-02-15 22:51:38,284 - database.storage_service - INFO - 成功保存股票信息: 300453
2026-02-15 22:51:38,286 - database.storage_service - INFO - 成功保存股票信息: 300907
2026-02-15 22:51:38,288 - database.storage_service - INFO - 成功保存股票信息: 300445
2026-02-15 22:51:38,289 - database.storage_service - INFO - 成功保存股票信息: 600831
2026-02-15 22:51:38,290 - database.storage_service - INFO - 成功保存股票信息: 300905
2026-02-15 22:51:38,291 - database.storage_service - INFO - 成功保存股票信息: 002321
2026-02-15 22:51:38,292 - database.storage_service - INFO - 成功保存股票信息: 603926
2026-02-15 22:51:38,294 - database.storage_service - INFO - 成功保存股票信息: 300621
2026-02-15 22:51:38,295 - database.storage_service - INFO - 成功保存股票信息: 601633
2026-02-15 22:51:38,296 - database.storage_service - INFO - 成功保存股票信息: 002492
2026-02-15 22:51:38,297 - database.storage_service - INFO - 成功保存股票信息: 688314
2026-02-15 22:51:38,299 - database.storage_service - INFO - 成功保存股票信息: 688601
2026-02-15 22:51:38,300 - database.storage_service - INFO - 成功保存股票信息: 605266
2026-02-15 22:51:38,302 - database.storage_service - INFO - 成功保存股票信息: 688389
2026-02-15 22:51:38,303 - database.storage_service - INFO - 成功保存股票信息: 300485
2026-02-15 22:51:38,304 - database.storage_service - INFO - 成功保存股票信息: 603082
2026-02-15 22:51:38,306 - database.storage_service - INFO - 成功保存股票信息: 002086
2026-02-15 22:51:38,307 - database.storage_service - INFO - 成功保存股票信息: 600316
2026-02-15 22:51:38,308 - database.storage_service - INFO - 成功保存股票信息: 688581
2026-02-15 22:51:38,309 - database.storage_service - INFO - 成功保存股票信息: 300106
2026-02-15 22:51:38,311 - database.storage_service - INFO - 成功保存股票信息: 300829
2026-02-15 22:51:38,312 - database.storage_service - INFO - 成功保存股票信息: 002695
2026-02-15 22:51:38,313 - database.storage_service - INFO - 成功保存股票信息: 600906
2026-02-15 22:51:38,315 - database.storage_service - INFO - 成功保存股票信息: 603013
2026-02-15 22:51:38,316 - database.storage_service - INFO - 成功保存股票信息: 300293
2026-02-15 22:51:38,317 - database.storage_service - INFO - 成功保存股票信息: 002884
2026-02-15 22:51:38,319 - database.storage_service - INFO - 成功保存股票信息: 920765
2026-02-15 22:51:38,320 - database.storage_service - INFO - 成功保存股票信息: 603207
2026-02-15 22:51:38,321 - database.storage_service - INFO - 成功保存股票信息: 688671
2026-02-15 22:51:38,323 - database.storage_service - INFO - 成功保存股票信息: 301585
2026-02-15 22:51:38,324 - database.storage_service - INFO - 成功保存股票信息: 002428
2026-02-15 22:51:38,325 - database.storage_service - INFO - 成功保存股票信息: 301296
2026-02-15 22:51:38,326 - database.storage_service - INFO - 成功保存股票信息: 003032
2026-02-15 22:51:38,328 - database.storage_service - INFO - 成功保存股票信息: 301398
2026-02-15 22:51:38,329 - database.storage_service - INFO - 成功保存股票信息: 301255
2026-02-15 22:51:38,330 - database.storage_service - INFO - 成功保存股票信息: 920982
2026-02-15 22:51:38,332 - database.storage_service - INFO - 成功保存股票信息: 688295
2026-02-15 22:51:38,333 - database.storage_service - INFO - 成功保存股票信息: 301511
2026-02-15 22:51:38,335 - database.storage_service - INFO - 成功保存股票信息: 000062
2026-02-15 22:51:38,336 - database.storage_service - INFO - 成功保存股票信息: 603730
2026-02-15 22:51:38,338 - database.storage_service - INFO - 成功保存股票信息: 601666
2026-02-15 22:51:38,339 - database.storage_service - INFO - 成功保存股票信息: 003008
2026-02-15 22:51:38,340 - database.storage_service - INFO - 成功保存股票信息: 600976
2026-02-15 22:51:38,341 - database.storage_service - INFO - 成功保存股票信息: 002641
2026-02-15 22:51:38,342 - database.storage_service - INFO - 成功保存股票信息: 000913
2026-02-15 22:51:38,344 - database.storage_service - INFO - 成功保存股票信息: 301058
2026-02-15 22:51:38,345 - database.storage_service - INFO - 成功保存股票信息: 300290
2026-02-15 22:51:38,346 - database.storage_service - INFO - 成功保存股票信息: 300971
2026-02-15 22:51:38,347 - database.storage_service - INFO - 成功保存股票信息: 301508
2026-02-15 22:51:38,349 - database.storage_service - INFO - 成功保存股票信息: 000812
2026-02-15 22:51:38,350 - database.storage_service - INFO - 成功保存股票信息: 300752
2026-02-15 22:51:38,351 - database.storage_service - INFO - 成功保存股票信息: 600318
2026-02-15 22:51:38,353 - database.storage_service - INFO - 成功保存股票信息: 301563
2026-02-15 22:51:38,354 - database.storage_service - INFO - 成功保存股票信息: 002121
2026-02-15 22:51:38,355 - database.storage_service - INFO - 成功保存股票信息: 600082
2026-02-15 22:51:38,357 - database.storage_service - INFO - 成功保存股票信息: 301656
2026-02-15 22:51:38,358 - database.storage_service - INFO - 成功保存股票信息: 300769
2026-02-15 22:51:38,359 - database.storage_service - INFO - 成功保存股票信息: 002178
2026-02-15 22:51:38,360 - database.storage_service - INFO - 成功保存股票信息: 301578
2026-02-15 22:51:38,361 - database.storage_service - INFO - 成功保存股票信息: 000504
2026-02-15 22:51:38,362 - database.storage_service - INFO - 成功保存股票信息: 000153
2026-02-15 22:51:38,364 - database.storage_service - INFO - 成功保存股票信息: 000001
2026-02-15 22:51:38,365 - database.storage_service - INFO - 成功保存股票信息: 603158
2026-02-15 22:51:38,366 - database.storage_service - INFO - 成功保存股票信息: 603019
2026-02-15 22:51:38,368 - database.storage_service - INFO - 成功保存股票信息: 600900
2026-02-15 22:51:38,370 - database.storage_service - INFO - 成功保存股票信息: 601568
2026-02-15 22:51:38,371 - database.storage_service - INFO - 成功保存股票信息: 600850
2026-02-15 22:51:38,372 - database.storage_service - INFO - 成功保存股票信息: 600936
2026-02-15 22:51:38,373 - database.storage_service - INFO - 成功保存股票信息: 600598
2026-02-15 22:51:38,374 - database.storage_service - INFO - 成功保存股票信息: 603937
2026-02-15 22:51:38,376 - database.storage_service - INFO - 成功保存股票信息: 002048
2026-02-15 22:51:38,377 - database.storage_service - INFO - 成功保存股票信息: 300120
2026-02-15 22:51:38,378 - database.storage_service - INFO - 成功保存股票信息: 603568
2026-02-15 22:51:38,379 - database.storage_service - INFO - 成功保存股票信息: 300702
2026-02-15 22:51:38,381 - database.storage_service - INFO - 成功保存股票信息: 605369
2026-02-15 22:51:38,382 - database.storage_service - INFO - 成功保存股票信息: 001255
2026-02-15 22:51:38,383 - database.storage_service - INFO - 成功保存股票信息: 000938
2026-02-15 22:51:38,385 - database.storage_service - INFO - 成功保存股票信息: 301598
2026-02-15 22:51:38,387 - database.storage_service - INFO - 成功保存股票信息: 001380
2026-02-15 22:51:38,388 - database.storage_service - INFO - 成功保存股票信息: 688007
2026-02-15 22:51:38,389 - database.storage_service - INFO - 成功保存股票信息: 301516
2026-02-15 22:51:38,390 - database.storage_service - INFO - 成功保存股票信息: 603278
2026-02-15 22:51:38,391 - database.storage_service - INFO - 成功保存股票信息: 601788
2026-02-15 22:51:38,392 - database.storage_service - INFO - 成功保存股票信息: 002817
2026-02-15 22:51:38,394 - database.storage_service - INFO - 成功保存股票信息: 301307
2026-02-15 22:51:38,395 - database.storage_service - INFO - 成功保存股票信息: 002338
2026-02-15 22:51:38,397 - database.storage_service - INFO - 成功保存股票信息: 301486
2026-02-15 22:51:38,398 - database.storage_service - INFO - 成功保存股票信息: 688217
2026-02-15 22:51:38,399 - database.storage_service - INFO - 成功保存股票信息: 002035
2026-02-15 22:51:38,401 - database.storage_service - INFO - 成功保存股票信息: 603759
2026-02-15 22:51:38,403 - database.storage_service - INFO - 成功保存股票信息: 301389
2026-02-15 22:51:38,404 - database.storage_service - INFO - 成功保存股票信息: 603976
2026-02-15 22:51:38,405 - database.storage_service - INFO - 成功保存股票信息: 600992
2026-02-15 22:51:38,406 - database.storage_service - INFO - 成功保存股票信息: 600067
2026-02-15 22:51:38,408 - database.storage_service - INFO - 成功保存股票信息: 603322
2026-02-15 22:51:38,409 - database.storage_service - INFO - 成功保存股票信息: 603860
2026-02-15 22:51:38,410 - database.storage_service - INFO - 成功保存股票信息: 002652
2026-02-15 22:51:38,411 - database.storage_service - INFO - 成功保存股票信息: 603376
2026-02-15 22:51:38,413 - database.storage_service - INFO - 成功保存股票信息: 603345
2026-02-15 22:51:38,414 - database.storage_service - INFO - 成功保存股票信息: 002253
2026-02-15 22:51:38,415 - database.storage_service - INFO - 成功保存股票信息: 920415
2026-02-15 22:51:38,416 - database.storage_service - INFO - 成功保存股票信息: 688778
2026-02-15 22:51:38,418 - database.storage_service - INFO - 成功保存股票信息: 002367
2026-02-15 22:51:38,420 - database.storage_service - INFO - 成功保存股票信息: 601838
2026-02-15 22:51:38,421 - database.storage_service - INFO - 成功保存股票信息: 605336
2026-02-15 22:51:38,422 - database.storage_service - INFO - 成功保存股票信息: 600887
2026-02-15 22:51:38,423 - database.storage_service - INFO - 成功保存股票信息: 301310
2026-02-15 22:51:38,425 - database.storage_service - INFO - 成功保存股票信息: 600754
2026-02-15 22:51:38,426 - database.storage_service - INFO - 成功保存股票信息: 300478
2026-02-15 22:51:38,427 - database.storage_service - INFO - 成功保存股票信息: 002084
2026-02-15 22:51:38,428 - database.storage_service - INFO - 成功保存股票信息: 688719
2026-02-15 22:51:38,429 - database.storage_service - INFO - 成功保存股票信息: 920553
2026-02-15 22:51:38,431 - database.storage_service - INFO - 成功保存股票信息: 001338
2026-02-15 22:51:38,432 - database.storage_service - INFO - 成功保存股票信息: 603327
2026-02-15 22:51:38,433 - database.storage_service - INFO - 成功保存股票信息: 002541
2026-02-15 22:51:38,435 - database.storage_service - INFO - 成功保存股票信息: 601236
2026-02-15 22:51:38,437 - database.storage_service - INFO - 成功保存股票信息: 002917
2026-02-15 22:51:38,438 - database.storage_service - INFO - 成功保存股票信息: 603879
2026-02-15 22:51:38,440 - database.storage_service - INFO - 成功保存股票信息: 688466
2026-02-15 22:51:38,441 - database.storage_service - INFO - 成功保存股票信息: 300968
2026-02-15 22:51:38,442 - database.storage_service - INFO - 成功保存股票信息: 002598
2026-02-15 22:51:38,443 - database.storage_service - INFO - 成功保存股票信息: 688571
2026-02-15 22:51:38,445 - database.storage_service - INFO - 成功保存股票信息: 301187
2026-02-15 22:51:38,446 - database.storage_service - INFO - 成功保存股票信息: 002304
2026-02-15 22:51:38,447 - database.storage_service - INFO - 成功保存股票信息: 300839
2026-02-15 22:51:38,449 - database.storage_service - INFO - 成功保存股票信息: 920089
2026-02-15 22:51:38,450 - database.storage_service - INFO - 成功保存股票信息: 001396
2026-02-15 22:51:38,451 - database.storage_service - INFO - 成功保存股票信息: 300743
2026-02-15 22:51:38,453 - database.storage_service - INFO - 成功保存股票信息: 000048
2026-02-15 22:51:38,454 - database.storage_service - INFO - 成功保存股票信息: 601928
2026-02-15 22:51:38,455 - database.storage_service - INFO - 成功保存股票信息: 000409
2026-02-15 22:51:38,457 - database.storage_service - INFO - 成功保存股票信息: 002385
2026-02-15 22:51:38,458 - database.storage_service - INFO - 成功保存股票信息: 603551
2026-02-15 22:51:38,459 - database.storage_service - INFO - 成功保存股票信息: 300915
2026-02-15 22:51:38,460 - database.storage_service - INFO - 成功保存股票信息: 601066
2026-02-15 22:51:38,461 - database.storage_service - INFO - 成功保存股票信息: 600930
2026-02-15 22:51:38,463 - database.storage_service - INFO - 成功保存股票信息: 603985
2026-02-15 22:51:38,464 - database.storage_service - INFO - 成功保存股票信息: 601619
2026-02-15 22:51:38,465 - database.storage_service - INFO - 成功保存股票信息: 301161
2026-02-15 22:51:38,466 - database.storage_service - INFO - 成功保存股票信息: 002462
2026-02-15 22:51:38,469 - database.storage_service - INFO - 成功保存股票信息: 002977
2026-02-15 22:51:38,470 - database.storage_service - INFO - 成功保存股票信息: 600666
2026-02-15 22:51:38,471 - database.storage_service - INFO - 成功保存股票信息: 301220
2026-02-15 22:51:38,472 - database.storage_service - INFO - 成功保存股票信息: 688709
2026-02-15 22:51:38,474 - database.storage_service - INFO - 成功保存股票信息: 002290
2026-02-15 22:51:38,475 - database.storage_service - INFO - 成功保存股票信息: 920080
2026-02-15 22:51:38,476 - database.storage_service - INFO - 成功保存股票信息: 300557
2026-02-15 22:51:38,477 - database.storage_service - INFO - 成功保存股票信息: 301502
2026-02-15 22:51:38,478 - database.storage_service - INFO - 成功保存股票信息: 002227
2026-02-15 22:51:38,480 - database.storage_service - INFO - 成功保存股票信息: 920819
2026-02-15 22:51:38,481 - database.storage_service - INFO - 成功保存股票信息: 600743
2026-02-15 22:51:38,482 - database.storage_service - INFO - 成功保存股票信息: 300359
2026-02-15 22:51:38,483 - database.storage_service - INFO - 成功保存股票信息: 300355
2026-02-15 22:51:38,485 - database.storage_service - INFO - 成功保存股票信息: 301031
2026-02-15 22:51:38,487 - database.storage_service - INFO - 成功保存股票信息: 600272
2026-02-15 22:51:38,488 - database.storage_service - INFO - 成功保存股票信息: 002936
2026-02-15 22:51:38,489 - database.storage_service - INFO - 成功保存股票信息: 002893
2026-02-15 22:51:38,490 - database.storage_service - INFO - 成功保存股票信息: 603107
2026-02-15 22:51:38,492 - database.storage_service - INFO - 成功保存股票信息: 000567
2026-02-15 22:51:38,493 - database.storage_service - INFO - 成功保存股票信息: 688317
2026-02-15 22:51:38,494 - database.storage_service - INFO - 成功保存股票信息: 301089
2026-02-15 22:51:38,496 - database.storage_service - INFO - 成功保存股票信息: 688658
2026-02-15 22:51:38,497 - database.storage_service - INFO - 成功保存股票信息: 600848
2026-02-15 22:51:38,498 - database.storage_service - INFO - 成功保存股票信息: 301667
2026-02-15 22:51:38,500 - database.storage_service - INFO - 成功保存股票信息: 920961
2026-02-15 22:51:38,502 - database.storage_service - INFO - 成功保存股票信息: 300844
2026-02-15 22:51:38,503 - database.storage_service - INFO - 成功保存股票信息: 000999
2026-02-15 22:51:38,504 - database.storage_service - INFO - 成功保存股票信息: 688468
2026-02-15 22:51:38,505 - database.storage_service - INFO - 成功保存股票信息: 603508
2026-02-15 22:51:38,507 - database.storage_service - INFO - 成功保存股票信息: 002693
2026-02-15 22:51:38,508 - database.storage_service - INFO - 成功保存股票信息: 002671
2026-02-15 22:51:38,509 - database.storage_service - INFO - 成功保存股票信息: 000050
2026-02-15 22:51:38,510 - database.storage_service - INFO - 成功保存股票信息: 688648
2026-02-15 22:51:38,512 - database.storage_service - INFO - 成功保存股票信息: 605598
2026-02-15 22:51:38,513 - database.storage_service - INFO - 成功保存股票信息: 002859
2026-02-15 22:51:38,514 - database.storage_service - INFO - 成功保存股票信息: 301212
2026-02-15 22:51:38,515 - database.storage_service - INFO - 成功保存股票信息: 300143
2026-02-15 22:51:38,517 - database.storage_service - INFO - 成功保存股票信息: 000020
2026-02-15 22:51:38,519 - database.storage_service - INFO - 成功保存股票信息: 600602
2026-02-15 22:51:38,520 - database.storage_service - INFO - 成功保存股票信息: 301538
2026-02-15 22:51:38,521 - database.storage_service - INFO - 成功保存股票信息: 688285
2026-02-15 22:51:38,523 - database.storage_service - INFO - 成功保存股票信息: 001283
2026-02-15 22:51:38,524 - database.storage_service - INFO - 成功保存股票信息: 300566
2026-02-15 22:51:38,525 - database.storage_service - INFO - 成功保存股票信息: 600975
2026-02-15 22:51:38,527 - database.storage_service - INFO - 成功保存股票信息: 002862
2026-02-15 22:51:38,528 - database.storage_service - INFO - 成功保存股票信息: 603990
2026-02-15 22:51:38,529 - database.storage_service - INFO - 成功保存股票信息: 600518
2026-02-15 22:51:38,531 - database.storage_service - INFO - 成功保存股票信息: 002832
2026-02-15 22:51:38,532 - database.storage_service - INFO - 成功保存股票信息: 300596
2026-02-15 22:51:38,533 - database.storage_service - INFO - 成功保存股票信息: 002236
2026-02-15 22:51:38,535 - database.storage_service - INFO - 成功保存股票信息: 002331
2026-02-15 22:51:38,537 - database.storage_service - INFO - 成功保存股票信息: 300583
2026-02-15 22:51:38,538 - database.storage_service - INFO - 成功保存股票信息: 601608
2026-02-15 22:51:38,539 - database.storage_service - INFO - 成功保存股票信息: 601166
2026-02-15 22:51:38,540 - database.storage_service - INFO - 成功保存股票信息: 603987
2026-02-15 22:51:38,542 - database.storage_service - INFO - 成功保存股票信息: 920396
2026-02-15 22:51:38,543 - database.storage_service - INFO - 成功保存股票信息: 688651
2026-02-15 22:51:38,544 - database.storage_service - INFO - 成功保存股票信息: 002269
2026-02-15 22:51:38,545 - database.storage_service - INFO - 成功保存股票信息: 688117
2026-02-15 22:51:38,546 - database.storage_service - INFO - 成功保存股票信息: 300324
2026-02-15 22:51:38,548 - database.storage_service - INFO - 成功保存股票信息: 301100
2026-02-15 22:51:38,549 - database.storage_service - INFO - 成功保存股票信息: 002949
2026-02-15 22:51:38,550 - database.storage_service - INFO - 成功保存股票信息: 000561
2026-02-15 22:51:38,552 - database.storage_service - INFO - 成功保存股票信息: 920735
2026-02-15 22:51:38,554 - database.storage_service - INFO - 成功保存股票信息: 300213
2026-02-15 22:51:38,555 - database.storage_service - INFO - 成功保存股票信息: 002142
2026-02-15 22:51:38,556 - database.storage_service - INFO - 成功保存股票信息: 002197
2026-02-15 22:51:38,557 - database.storage_service - INFO - 成功保存股票信息: 603131
2026-02-15 22:51:38,558 - database.storage_service - INFO - 成功保存股票信息: 688182
2026-02-15 22:51:38,559 - database.storage_service - INFO - 成功保存股票信息: 688351
2026-02-15 22:51:38,561 - database.storage_service - INFO - 成功保存股票信息: 600757
2026-02-15 22:51:38,562 - database.storage_service - INFO - 成功保存股票信息: 000828
2026-02-15 22:51:38,563 - database.storage_service - INFO - 成功保存股票信息: 301258
2026-02-15 22:51:38,564 - database.storage_service - INFO - 成功保存股票信息: 002496
2026-02-15 22:51:38,566 - database.storage_service - INFO - 成功保存股票信息: 002852
2026-02-15 22:51:38,568 - database.storage_service - INFO - 成功保存股票信息: 000061
2026-02-15 22:51:38,569 - database.storage_service - INFO - 成功保存股票信息: 920263
2026-02-15 22:51:38,570 - database.storage_service - INFO - 成功保存股票信息: 002037
2026-02-15 22:51:38,572 - database.storage_service - INFO - 成功保存股票信息: 300555
2026-02-15 22:51:38,573 - database.storage_service - INFO - 成功保存股票信息: 603605
2026-02-15 22:51:38,574 - database.storage_service - INFO - 成功保存股票信息: 300197
2026-02-15 22:51:38,575 - database.storage_service - INFO - 成功保存股票信息: 603716
2026-02-15 22:51:38,576 - database.storage_service - INFO - 成功保存股票信息: 000920
2026-02-15 22:51:38,578 - database.storage_service - INFO - 成功保存股票信息: 920422
2026-02-15 22:51:38,579 - database.storage_service - INFO - 成功保存股票信息: 002825
2026-02-15 22:51:38,580 - database.storage_service - INFO - 成功保存股票信息: 000099
2026-02-15 22:51:38,581 - database.storage_service - INFO - 成功保存股票信息: 603527
2026-02-15 22:51:38,583 - database.storage_service - INFO - 成功保存股票信息: 300949
2026-02-15 22:51:38,585 - database.storage_service - INFO - 成功保存股票信息: 600478
2026-02-15 22:51:38,586 - database.storage_service - INFO - 成功保存股票信息: 002211
2026-02-15 22:51:38,587 - database.storage_service - INFO - 成功保存股票信息: 002471
2026-02-15 22:51:38,589 - database.storage_service - INFO - 成功保存股票信息: 003002
2026-02-15 22:51:38,590 - database.storage_service - INFO - 成功保存股票信息: 300045
2026-02-15 22:51:38,591 - database.storage_service - INFO - 成功保存股票信息: 603536
2026-02-15 22:51:38,592 - database.storage_service - INFO - 成功保存股票信息: 301215
2026-02-15 22:51:38,594 - database.storage_service - INFO - 成功保存股票信息: 920116
2026-02-15 22:51:38,595 - database.storage_service - INFO - 成功保存股票信息: 601988
2026-02-15 22:51:38,596 - database.storage_service - INFO - 成功保存股票信息: 002780
2026-02-15 22:51:38,598 - database.storage_service - INFO - 成功保存股票信息: 300349
2026-02-15 22:51:38,599 - database.storage_service - INFO - 成功保存股票信息: 002866
2026-02-15 22:51:38,600 - database.storage_service - INFO - 成功保存股票信息: 688670
2026-02-15 22:51:38,602 - database.storage_service - INFO - 成功保存股票信息: 600784
2026-02-15 22:51:38,603 - database.storage_service - INFO - 成功保存股票信息: 300188
2026-02-15 22:51:38,605 - database.storage_service - INFO - 成功保存股票信息: 688093
2026-02-15 22:51:38,606 - database.storage_service - INFO - 成功保存股票信息: 601218
2026-02-15 22:51:38,607 - database.storage_service - INFO - 成功保存股票信息: 601188
2026-02-15 22:51:38,608 - database.storage_service - INFO - 成功保存股票信息: 603170
2026-02-15 22:51:38,609 - database.storage_service - INFO - 成功保存股票信息: 603486
2026-02-15 22:51:38,610 - database.storage_service - INFO - 成功保存股票信息: 603378
2026-02-15 22:51:38,612 - database.storage_service - INFO - 成功保存股票信息: 002508
2026-02-15 22:51:38,613 - database.storage_service - INFO - 成功保存股票信息: 600104
2026-02-15 22:51:38,614 - database.storage_service - INFO - 成功保存股票信息: 000571
2026-02-15 22:51:38,615 - database.storage_service - INFO - 成功保存股票信息: 300958
2026-02-15 22:51:38,616 - database.storage_service - INFO - 成功保存股票信息: 000756
2026-02-15 22:51:38,618 - database.storage_service - INFO - 成功保存股票信息: 300452
2026-02-15 22:51:38,620 - database.storage_service - INFO - 成功保存股票信息: 688105
2026-02-15 22:51:38,621 - database.storage_service - INFO - 成功保存股票信息: 002123
2026-02-15 22:51:38,622 - database.storage_service - INFO - 成功保存股票信息: 301105
2026-02-15 22:51:38,623 - database.storage_service - INFO - 成功保存股票信息: 603648
2026-02-15 22:51:38,625 - database.storage_service - INFO - 成功保存股票信息: 300069
2026-02-15 22:51:38,626 - database.storage_service - INFO - 成功保存股票信息: 600867
2026-02-15 22:51:38,627 - database.storage_service - INFO - 成功保存股票信息: 688069
2026-02-15 22:51:38,628 - database.storage_service - INFO - 成功保存股票信息: 300128
2026-02-15 22:51:38,630 - database.storage_service - INFO - 成功保存股票信息: 600429
2026-02-15 22:51:38,631 - database.storage_service - INFO - 成功保存股票信息: 603175
2026-02-15 22:51:38,632 - database.storage_service - INFO - 成功保存股票信息: 300676
2026-02-15 22:51:38,633 - database.storage_service - INFO - 成功保存股票信息: 002327
2026-02-15 22:51:38,635 - database.storage_service - INFO - 成功保存股票信息: 688247
2026-02-15 22:51:38,637 - database.storage_service - INFO - 成功保存股票信息: 002138
2026-02-15 22:51:38,638 - database.storage_service - INFO - 成功保存股票信息: 600559
2026-02-15 22:51:38,640 - database.storage_service - INFO - 成功保存股票信息: 920017
2026-02-15 22:51:38,641 - database.storage_service - INFO - 成功保存股票信息: 920015
2026-02-15 22:51:38,643 - database.storage_service - INFO - 成功保存股票信息: 300686
2026-02-15 22:51:38,644 - database.storage_service - INFO - 成功保存股票信息: 300287
2026-02-15 22:51:38,646 - database.storage_service - INFO - 成功保存股票信息: 000421
2026-02-15 22:51:38,647 - database.storage_service - INFO - 成功保存股票信息: 920405
2026-02-15 22:51:38,648 - database.storage_service - INFO - 成功保存股票信息: 601985
2026-02-15 22:51:38,649 - database.storage_service - INFO - 成功保存股票信息: 300425
2026-02-15 22:51:38,651 - database.storage_service - INFO - 成功保存股票信息: 001979
2026-02-15 22:51:38,653 - database.storage_service - INFO - 成功保存股票信息: 920267
2026-02-15 22:51:38,654 - database.storage_service - INFO - 成功保存股票信息: 688711
2026-02-15 22:51:38,656 - database.storage_service - INFO - 成功保存股票信息: 601339
2026-02-15 22:51:38,657 - database.storage_service - INFO - 成功保存股票信息: 688176
2026-02-15 22:51:38,658 - database.storage_service - INFO - 成功保存股票信息: 600168
2026-02-15 22:51:38,659 - database.storage_service - INFO - 成功保存股票信息: 688772
2026-02-15 22:51:38,660 - database.storage_service - INFO - 成功保存股票信息: 603566
2026-02-15 22:51:38,662 - database.storage_service - INFO - 成功保存股票信息: 300906
2026-02-15 22:51:38,663 - database.storage_service - INFO - 成功保存股票信息: 688509
2026-02-15 22:51:38,665 - database.storage_service - INFO - 成功保存股票信息: 000736
2026-02-15 22:51:38,666 - database.storage_service - INFO - 成功保存股票信息: 000526
2026-02-15 22:51:38,668 - database.storage_service - INFO - 成功保存股票信息: 300918
2026-02-15 22:51:38,669 - database.storage_service - INFO - 成功保存股票信息: 603706
2026-02-15 22:51:38,670 - database.storage_service - INFO - 成功保存股票信息: 301501
2026-02-15 22:51:38,672 - database.storage_service - INFO - 成功保存股票信息: 000509
2026-02-15 22:51:38,673 - database.storage_service - INFO - 成功保存股票信息: 000078
2026-02-15 22:51:38,674 - database.storage_service - INFO - 成功保存股票信息: 000668
2026-02-15 22:51:38,676 - database.storage_service - INFO - 成功保存股票信息: 301216
2026-02-15 22:51:38,677 - database.storage_service - INFO - 成功保存股票信息: 301236
2026-02-15 22:51:38,678 - database.storage_service - INFO - 成功保存股票信息: 300945
2026-02-15 22:51:38,679 - database.storage_service - INFO - 成功保存股票信息: 600435
2026-02-15 22:51:38,681 - database.storage_service - INFO - 成功保存股票信息: 600089
2026-02-15 22:51:38,682 - database.storage_service - INFO - 成功保存股票信息: 600449
2026-02-15 22:51:38,683 - database.storage_service - INFO - 成功保存股票信息: 600332
2026-02-15 22:51:38,685 - database.storage_service - INFO - 成功保存股票信息: 301033
2026-02-15 22:51:38,687 - database.storage_service - INFO - 成功保存股票信息: 600857
2026-02-15 22:51:38,688 - database.storage_service - INFO - 成功保存股票信息: 301039
2026-02-15 22:51:38,689 - database.storage_service - INFO - 成功保存股票信息: 605066
2026-02-15 22:51:38,690 - database.storage_service - INFO - 成功保存股票信息: 601006
2026-02-15 22:51:38,692 - database.storage_service - INFO - 成功保存股票信息: 301319
2026-02-15 22:51:38,693 - database.storage_service - INFO - 成功保存股票信息: 300381
2026-02-15 22:51:38,695 - database.storage_service - INFO - 成功保存股票信息: 605199
2026-02-15 22:51:38,696 - database.storage_service - INFO - 成功保存股票信息: 920402
2026-02-15 22:51:38,698 - database.storage_service - INFO - 成功保存股票信息: 688783
2026-02-15 22:51:38,699 - database.storage_service - INFO - 成功保存股票信息: 688426
2026-02-15 22:51:38,700 - database.storage_service - INFO - 成功保存股票信息: 603053
2026-02-15 22:51:38,702 - database.storage_service - INFO - 成功保存股票信息: 603100
2026-02-15 22:51:38,704 - database.storage_service - INFO - 成功保存股票信息: 301166
2026-02-15 22:51:38,705 - database.storage_service - INFO - 成功保存股票信息: 000719
2026-02-15 22:51:38,706 - database.storage_service - INFO - 成功保存股票信息: 603966
2026-02-15 22:51:38,707 - database.storage_service - INFO - 成功保存股票信息: 688518
2026-02-15 22:51:38,709 - database.storage_service - INFO - 成功保存股票信息: 600243
2026-02-15 22:51:38,710 - database.storage_service - INFO - 成功保存股票信息: 600221
2026-02-15 22:51:38,711 - database.storage_service - INFO - 成功保存股票信息: 300016
2026-02-15 22:51:38,712 - database.storage_service - INFO - 成功保存股票信息: 002752
2026-02-15 22:51:38,714 - database.storage_service - INFO - 成功保存股票信息: 300168
2026-02-15 22:51:38,715 - database.storage_service - INFO - 成功保存股票信息: 603610
2026-02-15 22:51:38,716 - database.storage_service - INFO - 成功保存股票信息: 601366
2026-02-15 22:51:38,718 - database.storage_service - INFO - 成功保存股票信息: 300121
2026-02-15 22:51:38,720 - database.storage_service - INFO - 成功保存股票信息: 600818
2026-02-15 22:51:38,721 - database.storage_service - INFO - 成功保存股票信息: 002836
2026-02-15 22:51:38,722 - database.storage_service - INFO - 成功保存股票信息: 002589
2026-02-15 22:51:38,724 - database.storage_service - INFO - 成功保存股票信息: 301390
2026-02-15 22:51:38,725 - database.storage_service - INFO - 成功保存股票信息: 002275
2026-02-15 22:51:38,726 - database.storage_service - INFO - 成功保存股票信息: 603167
2026-02-15 22:51:38,728 - database.storage_service - INFO - 成功保存股票信息: 301101
2026-02-15 22:51:38,729 - database.storage_service - INFO - 成功保存股票信息: 603868
2026-02-15 22:51:38,730 - database.storage_service - INFO - 成功保存股票信息: 001965
2026-02-15 22:51:38,731 - database.storage_service - INFO - 成功保存股票信息: 601800
2026-02-15 22:51:38,733 - database.storage_service - INFO - 成功保存股票信息: 300993
2026-02-15 22:51:38,734 - database.storage_service - INFO - 成功保存股票信息: 688352
2026-02-15 22:51:38,736 - database.storage_service - INFO - 成功保存股票信息: 300110
2026-02-15 22:51:38,738 - database.storage_service - INFO - 成功保存股票信息: 605208
2026-02-15 22:51:38,739 - database.storage_service - INFO - 成功保存股票信息: 000155
2026-02-15 22:51:38,740 - database.storage_service - INFO - 成功保存股票信息: 600319
2026-02-15 22:51:38,741 - database.storage_service - INFO - 成功保存股票信息: 300078
2026-02-15 22:51:38,742 - database.storage_service - INFO - 成功保存股票信息: 002127
2026-02-15 22:51:38,744 - database.storage_service - INFO - 成功保存股票信息: 600495
2026-02-15 22:51:38,745 - database.storage_service - INFO - 成功保存股票信息: 000637
2026-02-15 22:51:38,746 - database.storage_service - INFO - 成功保存股票信息: 000869
2026-02-15 22:51:38,747 - database.storage_service - INFO - 成功保存股票信息: 600078
2026-02-15 22:51:38,748 - database.storage_service - INFO - 成功保存股票信息: 002958
2026-02-15 22:51:38,750 - database.storage_service - INFO - 成功保存股票信息: 600692
2026-02-15 22:51:38,752 - database.storage_service - INFO - 成功保存股票信息: 688212
2026-02-15 22:51:38,753 - database.storage_service - INFO - 成功保存股票信息: 002422
2026-02-15 22:51:38,754 - database.storage_service - INFO - 成功保存股票信息: 603018
2026-02-15 22:51:38,756 - database.storage_service - INFO - 成功保存股票信息: 300772
2026-02-15 22:51:38,757 - database.storage_service - INFO - 成功保存股票信息: 301116
2026-02-15 22:51:38,758 - database.storage_service - INFO - 成功保存股票信息: 688358
2026-02-15 22:51:38,759 - database.storage_service - INFO - 成功保存股票信息: 600865
2026-02-15 22:51:38,760 - database.storage_service - INFO - 成功保存股票信息: 600897
2026-02-15 22:51:38,762 - database.storage_service - INFO - 成功保存股票信息: 301131
2026-02-15 22:51:38,763 - database.storage_service - INFO - 成功保存股票信息: 002030
2026-02-15 22:51:38,764 - database.storage_service - INFO - 成功保存股票信息: 688588
2026-02-15 22:51:38,766 - database.storage_service - INFO - 成功保存股票信息: 002276
2026-02-15 22:51:38,767 - database.storage_service - INFO - 成功保存股票信息: 002603
2026-02-15 22:51:38,769 - database.storage_service - INFO - 成功保存股票信息: 688678
2026-02-15 22:51:38,770 - database.storage_service - INFO - 成功保存股票信息: 002116
2026-02-15 22:51:38,772 - database.storage_service - INFO - 成功保存股票信息: 002179
2026-02-15 22:51:38,774 - database.storage_service - INFO - 成功保存股票信息: 688123
2026-02-15 22:51:38,775 - database.storage_service - INFO - 成功保存股票信息: 002461
2026-02-15 22:51:38,776 - database.storage_service - INFO - 成功保存股票信息: 002252
2026-02-15 22:51:38,777 - database.storage_service - INFO - 成功保存股票信息: 688655
2026-02-15 22:51:38,779 - database.storage_service - INFO - 成功保存股票信息: 600795
2026-02-15 22:51:38,780 - database.storage_service - INFO - 成功保存股票信息: 688002
2026-02-15 22:51:38,781 - database.storage_service - INFO - 成功保存股票信息: 002803
2026-02-15 22:51:38,782 - database.storage_service - INFO - 成功保存股票信息: 002705
2026-02-15 22:51:38,784 - database.storage_service - INFO - 成功保存股票信息: 603237
2026-02-15 22:51:38,785 - database.storage_service - INFO - 成功保存股票信息: 300348
2026-02-15 22:51:38,787 - database.storage_service - INFO - 成功保存股票信息: 920009
2026-02-15 22:51:38,788 - database.storage_service - INFO - 成功保存股票信息: 603202
2026-02-15 22:51:38,790 - database.storage_service - INFO - 成功保存股票信息: 920027
2026-02-15 22:51:38,792 - database.storage_service - INFO - 成功保存股票信息: 300532
2026-02-15 22:51:38,793 - database.storage_service - INFO - 成功保存股票信息: 603183
2026-02-15 22:51:38,794 - database.storage_service - INFO - 成功保存股票信息: 603998
2026-02-15 22:51:38,796 - database.storage_service - INFO - 成功保存股票信息: 603020
2026-02-15 22:51:38,797 - database.storage_service - INFO - 成功保存股票信息: 600195
2026-02-15 22:51:38,798 - database.storage_service - INFO - 成功保存股票信息: 688722
2026-02-15 22:51:38,800 - database.storage_service - INFO - 成功保存股票信息: 300472
2026-02-15 22:51:38,801 - database.storage_service - INFO - 成功保存股票信息: 002333
2026-02-15 22:51:38,803 - database.storage_service - INFO - 成功保存股票信息: 002807
2026-02-15 22:51:38,804 - database.storage_service - INFO - 成功保存股票信息: 002688
2026-02-15 22:51:38,806 - database.storage_service - INFO - 成功保存股票信息: 600106
2026-02-15 22:51:38,808 - database.storage_service - INFO - 成功保存股票信息: 300488
2026-02-15 22:51:38,810 - database.storage_service - INFO - 成功保存股票信息: 688695
2026-02-15 22:51:38,811 - database.storage_service - INFO - 成功保存股票信息: 600283
2026-02-15 22:51:38,812 - database.storage_service - INFO - 成功保存股票信息: 000536
2026-02-15 22:51:38,814 - database.storage_service - INFO - 成功保存股票信息: 301616
2026-02-15 22:51:38,815 - database.storage_service - INFO - 成功保存股票信息: 920508
2026-02-15 22:51:38,816 - database.storage_service - INFO - 成功保存股票信息: 600874
2026-02-15 22:51:38,818 - database.storage_service - INFO - 成功保存股票信息: 603248
2026-02-15 22:51:38,820 - database.storage_service - INFO - 成功保存股票信息: 003042
2026-02-15 22:51:38,821 - database.storage_service - INFO - 成功保存股票信息: 002733
2026-02-15 22:51:38,823 - database.storage_service - INFO - 成功保存股票信息: 000529
2026-02-15 22:51:38,825 - database.storage_service - INFO - 成功保存股票信息: 300649
2026-02-15 22:51:38,827 - database.storage_service - INFO - 成功保存股票信息: 600215
2026-02-15 22:51:38,829 - database.storage_service - INFO - 成功保存股票信息: 300644
2026-02-15 22:51:38,830 - database.storage_service - INFO - 成功保存股票信息: 300458
2026-02-15 22:51:38,831 - database.storage_service - INFO - 成功保存股票信息: 000550
2026-02-15 22:51:38,832 - database.storage_service - INFO - 成功保存股票信息: 300432
2026-02-15 22:51:38,834 - database.storage_service - INFO - 成功保存股票信息: 301393
2026-02-15 22:51:38,835 - database.storage_service - INFO - 成功保存股票信息: 920429
2026-02-15 22:51:38,837 - database.storage_service - INFO - 成功保存股票信息: 601279
2026-02-15 22:51:38,838 - database.storage_service - INFO - 成功保存股票信息: 002891
2026-02-15 22:51:38,840 - database.storage_service - INFO - 成功保存股票信息: 600008
2026-02-15 22:51:38,842 - database.storage_service - INFO - 成功保存股票信息: 000967
2026-02-15 22:51:38,844 - database.storage_service - INFO - 成功保存股票信息: 601158
2026-02-15 22:51:38,845 - database.storage_service - INFO - 成功保存股票信息: 600025
2026-02-15 22:51:38,847 - database.storage_service - INFO - 成功保存股票信息: 000726
2026-02-15 22:51:38,848 - database.storage_service - INFO - 成功保存股票信息: 002487
2026-02-15 22:51:38,849 - database.storage_service - INFO - 成功保存股票信息: 603187
2026-02-15 22:51:38,851 - database.storage_service - INFO - 成功保存股票信息: 920455
2026-02-15 22:51:38,853 - database.storage_service - INFO - 成功保存股票信息: 600729
2026-02-15 22:51:38,854 - database.storage_service - INFO - 成功保存股票信息: 301152
2026-02-15 22:51:38,855 - database.storage_service - INFO - 成功保存股票信息: 688559
2026-02-15 22:51:38,858 - database.storage_service - INFO - 成功保存股票信息: 920261
2026-02-15 22:51:38,860 - database.storage_service - INFO - 成功保存股票信息: 003013
2026-02-15 22:51:38,861 - database.storage_service - INFO - 成功保存股票信息: 920190
2026-02-15 22:51:38,863 - database.storage_service - INFO - 成功保存股票信息: 688779
2026-02-15 22:51:38,864 - database.storage_service - INFO - 成功保存股票信息: 300832
2026-02-15 22:51:38,865 - database.storage_service - INFO - 成功保存股票信息: 002217
2026-02-15 22:51:38,866 - database.storage_service - INFO - 成功保存股票信息: 688522
2026-02-15 22:51:38,868 - database.storage_service - INFO - 成功保存股票信息: 600636
2026-02-15 22:51:38,870 - database.storage_service - INFO - 成功保存股票信息: 603458
2026-02-15 22:51:38,872 - database.storage_service - INFO - 成功保存股票信息: 688177
2026-02-15 22:51:38,874 - database.storage_service - INFO - 成功保存股票信息: 603758
2026-02-15 22:51:38,876 - database.storage_service - INFO - 成功保存股票信息: 688302
2026-02-15 22:51:38,877 - database.storage_service - INFO - 成功保存股票信息: 003016
2026-02-15 22:51:38,879 - database.storage_service - INFO - 成功保存股票信息: 301000
2026-02-15 22:51:38,880 - database.storage_service - INFO - 成功保存股票信息: 603637
2026-02-15 22:51:38,881 - database.storage_service - INFO - 成功保存股票信息: 605133
2026-02-15 22:51:38,882 - database.storage_service - INFO - 成功保存股票信息: 002247
2026-02-15 22:51:38,884 - database.storage_service - INFO - 成功保存股票信息: 301265
2026-02-15 22:51:38,886 - database.storage_service - INFO - 成功保存股票信息: 920394
2026-02-15 22:51:38,887 - database.storage_service - INFO - 成功保存股票信息: 603777
2026-02-15 22:51:38,889 - database.storage_service - INFO - 成功保存股票信息: 600769
2026-02-15 22:51:38,891 - database.storage_service - INFO - 成功保存股票信息: 603583
2026-02-15 22:51:38,892 - database.storage_service - INFO - 成功保存股票信息: 301109
2026-02-15 22:51:38,894 - database.storage_service - INFO - 成功保存股票信息: 600238
2026-02-15 22:51:38,895 - database.storage_service - INFO - 成功保存股票信息: 603609
2026-02-15 22:51:38,896 - database.storage_service - INFO - 成功保存股票信息: 002205
2026-02-15 22:51:38,898 - database.storage_service - INFO - 成功保存股票信息: 300586
2026-02-15 22:51:38,899 - database.storage_service - INFO - 成功保存股票信息: 002497
2026-02-15 22:51:38,900 - database.storage_service - INFO - 成功保存股票信息: 300374
2026-02-15 22:51:38,902 - database.storage_service - INFO - 成功保存股票信息: 600965
2026-02-15 22:51:38,903 - database.storage_service - INFO - 成功保存股票信息: 301328
2026-02-15 22:51:38,904 - database.storage_service - INFO - 成功保存股票信息: 600638
2026-02-15 22:51:38,907 - database.storage_service - INFO - 成功保存股票信息: 601128
2026-02-15 22:51:38,908 - database.storage_service - INFO - 成功保存股票信息: 000860
2026-02-15 22:51:38,910 - database.storage_service - INFO - 成功保存股票信息: 300482
2026-02-15 22:51:38,911 - database.storage_service - INFO - 成功保存股票信息: 300565
2026-02-15 22:51:38,912 - database.storage_service - INFO - 成功保存股票信息: 920101
2026-02-15 22:51:38,914 - database.storage_service - INFO - 成功保存股票信息: 301373
2026-02-15 22:51:38,915 - database.storage_service - INFO - 成功保存股票信息: 688079
2026-02-15 22:51:38,916 - database.storage_service - INFO - 成功保存股票信息: 000089
2026-02-15 22:51:38,917 - database.storage_service - INFO - 成功保存股票信息: 603660
2026-02-15 22:51:38,919 - database.storage_service - INFO - 成功保存股票信息: 002625
2026-02-15 22:51:38,920 - database.storage_service - INFO - 成功保存股票信息: 600886
2026-02-15 22:51:38,922 - database.storage_service - INFO - 成功保存股票信息: 002998
2026-02-15 22:51:38,924 - database.storage_service - INFO - 成功保存股票信息: 601689
2026-02-15 22:51:38,926 - database.storage_service - INFO - 成功保存股票信息: 920566
2026-02-15 22:51:38,927 - database.storage_service - INFO - 成功保存股票信息: 600278
2026-02-15 22:51:38,928 - database.storage_service - INFO - 成功保存股票信息: 603789
2026-02-15 22:51:38,929 - database.storage_service - INFO - 成功保存股票信息: 300940
2026-02-15 22:51:38,931 - database.storage_service - INFO - 成功保存股票信息: 301370
2026-02-15 22:51:38,932 - database.storage_service - INFO - 成功保存股票信息: 000656
2026-02-15 22:51:38,933 - database.storage_service - INFO - 成功保存股票信息: 300236
2026-02-15 22:51:38,935 - database.storage_service - INFO - 成功保存股票信息: 603032
2026-02-15 22:51:38,936 - database.storage_service - INFO - 成功保存股票信息: 603329
2026-02-15 22:51:38,938 - database.storage_service - INFO - 成功保存股票信息: 605228
2026-02-15 22:51:38,940 - database.storage_service - INFO - 成功保存股票信息: 600350
2026-02-15 22:51:38,942 - database.storage_service - INFO - 成功保存股票信息: 300690
2026-02-15 22:51:38,943 - database.storage_service - INFO - 成功保存股票信息: 688459
2026-02-15 22:51:38,944 - database.storage_service - INFO - 成功保存股票信息: 001236
2026-02-15 22:51:38,945 - database.storage_service - INFO - 成功保存股票信息: 603221
2026-02-15 22:51:38,947 - database.storage_service - INFO - 成功保存股票信息: 000034
2026-02-15 22:51:38,948 - database.storage_service - INFO - 成功保存股票信息: 002742
2026-02-15 22:51:38,949 - database.storage_service - INFO - 成功保存股票信息: 002007
2026-02-15 22:51:38,951 - database.storage_service - INFO - 成功保存股票信息: 688657
2026-02-15 22:51:38,952 - database.storage_service - INFO - 成功保存股票信息: 301332
2026-02-15 22:51:38,954 - database.storage_service - INFO - 成功保存股票信息: 301017
2026-02-15 22:51:38,956 - database.storage_service - INFO - 成功保存股票信息: 000983
2026-02-15 22:51:38,958 - database.storage_service - INFO - 成功保存股票信息: 600577
2026-02-15 22:51:38,959 - database.storage_service - INFO - 成功保存股票信息: 002649
2026-02-15 22:51:38,960 - database.storage_service - INFO - 成功保存股票信息: 000900
2026-02-15 22:51:38,961 - database.storage_service - INFO - 成功保存股票信息: 600999
2026-02-15 22:51:38,963 - database.storage_service - INFO - 成功保存股票信息: 601330
2026-02-15 22:51:38,964 - database.storage_service - INFO - 成功保存股票信息: 300400
2026-02-15 22:51:38,966 - database.storage_service - INFO - 成功保存股票信息: 688283
2026-02-15 22:51:38,967 - database.storage_service - INFO - 成功保存股票信息: 002241
2026-02-15 22:51:38,969 - database.storage_service - INFO - 成功保存股票信息: 002577
2026-02-15 22:51:38,970 - database.storage_service - INFO - 成功保存股票信息: 301032
2026-02-15 22:51:38,971 - database.storage_service - INFO - 成功保存股票信息: 300218
2026-02-15 22:51:38,973 - database.storage_service - INFO - 成功保存股票信息: 300420
2026-02-15 22:51:38,975 - database.storage_service - INFO - 成功保存股票信息: 600501
2026-02-15 22:51:38,977 - database.storage_service - INFO - 成功保存股票信息: 300824
2026-02-15 22:51:38,978 - database.storage_service - INFO - 成功保存股票信息: 002077
2026-02-15 22:51:38,979 - database.storage_service - INFO - 成功保存股票信息: 300956
2026-02-15 22:51:38,980 - database.storage_service - INFO - 成功保存股票信息: 300450
2026-02-15 22:51:38,981 - database.storage_service - INFO - 成功保存股票信息: 002614
2026-02-15 22:51:38,983 - database.storage_service - INFO - 成功保存股票信息: 920753
2026-02-15 22:51:38,984 - database.storage_service - INFO - 成功保存股票信息: 003007
2026-02-15 22:51:38,986 - database.storage_service - INFO - 成功保存股票信息: 600036
2026-02-15 22:51:38,987 - database.storage_service - INFO - 成功保存股票信息: 603778
2026-02-15 22:51:38,989 - database.storage_service - INFO - 成功保存股票信息: 301633
2026-02-15 22:51:38,991 - database.storage_service - INFO - 成功保存股票信息: 000505
2026-02-15 22:51:38,992 - database.storage_service - INFO - 成功保存股票信息: 603689
2026-02-15 22:51:38,994 - database.storage_service - INFO - 成功保存股票信息: 000625
2026-02-15 22:51:38,996 - database.storage_service - INFO - 成功保存股票信息: 002074
2026-02-15 22:51:38,998 - database.storage_service - INFO - 成功保存股票信息: 301335
2026-02-15 22:51:38,999 - database.storage_service - INFO - 成功保存股票信息: 603733
2026-02-15 22:51:39,001 - database.storage_service - INFO - 成功保存股票信息: 600803
2026-02-15 22:51:39,003 - database.storage_service - INFO - 成功保存股票信息: 000037
2026-02-15 22:51:39,005 - database.storage_service - INFO - 成功保存股票信息: 000551
2026-02-15 22:51:39,007 - database.storage_service - INFO - 成功保存股票信息: 002557
2026-02-15 22:51:39,009 - database.storage_service - INFO - 成功保存股票信息: 688010
2026-02-15 22:51:39,010 - database.storage_service - INFO - 成功保存股票信息: 600694
2026-02-15 22:51:39,012 - database.storage_service - INFO - 成功保存股票信息: 603883
2026-02-15 22:51:39,013 - database.storage_service - INFO - 成功保存股票信息: 688311
2026-02-15 22:51:39,015 - database.storage_service - INFO - 成功保存股票信息: 300977
2026-02-15 22:51:39,016 - database.storage_service - INFO - 成功保存股票信息: 002351
2026-02-15 22:51:39,017 - database.storage_service - INFO - 成功保存股票信息: 002495
2026-02-15 22:51:39,019 - database.storage_service - INFO - 成功保存股票信息: 600690
2026-02-15 22:51:39,021 - database.storage_service - INFO - 成功保存股票信息: 600189
2026-02-15 22:51:39,024 - database.storage_service - INFO - 成功保存股票信息: 601020
2026-02-15 22:51:39,026 - database.storage_service - INFO - 成功保存股票信息: 688659
2026-02-15 22:51:39,027 - database.storage_service - INFO - 成功保存股票信息: 603001
2026-02-15 22:51:39,029 - database.storage_service - INFO - 成功保存股票信息: 002698
2026-02-15 22:51:39,030 - database.storage_service - INFO - 成功保存股票信息: 002716
2026-02-15 22:51:39,032 - database.storage_service - INFO - 成功保存股票信息: 605399
2026-02-15 22:51:39,033 - database.storage_service - INFO - 成功保存股票信息: 600616
2026-02-15 22:51:39,035 - database.storage_service - INFO - 成功保存股票信息: 600941
2026-02-15 22:51:39,037 - database.storage_service - INFO - 成功保存股票信息: 600661
2026-02-15 22:51:39,039 - database.storage_service - INFO - 成功保存股票信息: 688428
2026-02-15 22:51:39,041 - database.storage_service - INFO - 成功保存股票信息: 603363
2026-02-15 22:51:39,042 - database.storage_service - INFO - 成功保存股票信息: 600535
2026-02-15 22:51:39,043 - database.storage_service - INFO - 成功保存股票信息: 300673
2026-02-15 22:51:39,045 - database.storage_service - INFO - 成功保存股票信息: 300232
2026-02-15 22:51:39,046 - database.storage_service - INFO - 成功保存股票信息: 300950
2026-02-15 22:51:39,047 - database.storage_service - INFO - 成功保存股票信息: 300255
2026-02-15 22:51:39,049 - database.storage_service - INFO - 成功保存股票信息: 300989
2026-02-15 22:51:39,050 - database.storage_service - INFO - 成功保存股票信息: 002119
2026-02-15 22:51:39,052 - database.storage_service - INFO - 成功保存股票信息: 688153
2026-02-15 22:51:39,053 - database.storage_service - INFO - 成功保存股票信息: 600533
2026-02-15 22:51:39,055 - database.storage_service - INFO - 成功保存股票信息: 001369
2026-02-15 22:51:39,057 - database.storage_service - INFO - 成功保存股票信息: 002583
2026-02-15 22:51:39,059 - database.storage_service - INFO - 成功保存股票信息: 600594
2026-02-15 22:51:39,060 - database.storage_service - INFO - 成功保存股票信息: 301449
2026-02-15 22:51:39,061 - database.storage_service - INFO - 成功保存股票信息: 600004
2026-02-15 22:51:39,063 - database.storage_service - INFO - 成功保存股票信息: 688739
2026-02-15 22:51:39,064 - database.storage_service - INFO - 成功保存股票信息: 688062
2026-02-15 22:51:39,065 - database.storage_service - INFO - 成功保存股票信息: 603886
2026-02-15 22:51:39,066 - database.storage_service - INFO - 成功保存股票信息: 688026
2026-02-15 22:51:39,067 - database.storage_service - INFO - 成功保存股票信息: 002913
2026-02-15 22:51:39,069 - database.storage_service - INFO - 成功保存股票信息: 002460
2026-02-15 22:51:39,071 - database.storage_service - INFO - 成功保存股票信息: 603755
2026-02-15 22:51:39,072 - database.storage_service - INFO - 成功保存股票信息: 600055
2026-02-15 22:51:39,074 - database.storage_service - INFO - 成功保存股票信息: 600576
2026-02-15 22:51:39,075 - database.storage_service - INFO - 成功保存股票信息: 300206
2026-02-15 22:51:39,077 - database.storage_service - INFO - 成功保存股票信息: 600790
2026-02-15 22:51:39,078 - database.storage_service - INFO - 成功保存股票信息: 603380
2026-02-15 22:51:39,079 - database.storage_service - INFO - 成功保存股票信息: 002516
2026-02-15 22:51:39,080 - database.storage_service - INFO - 成功保存股票信息: 000965
2026-02-15 22:51:39,081 - database.storage_service - INFO - 成功保存股票信息: 002903
2026-02-15 22:51:39,083 - database.storage_service - INFO - 成功保存股票信息: 000069
2026-02-15 22:51:39,084 - database.storage_service - INFO - 成功保存股票信息: 601878
2026-02-15 22:51:39,085 - database.storage_service - INFO - 成功保存股票信息: 000810
2026-02-15 22:51:39,087 - database.storage_service - INFO - 成功保存股票信息: 301099
2026-02-15 22:51:39,089 - database.storage_service - INFO - 成功保存股票信息: 600738
2026-02-15 22:51:39,091 - database.storage_service - INFO - 成功保存股票信息: 688050
2026-02-15 22:51:39,092 - database.storage_service - INFO - 成功保存股票信息: 601010
2026-02-15 22:51:39,093 - database.storage_service - INFO - 成功保存股票信息: 601990
2026-02-15 22:51:39,094 - database.storage_service - INFO - 成功保存股票信息: 002890
2026-02-15 22:51:39,096 - database.storage_service - INFO - 成功保存股票信息: 603102
2026-02-15 22:51:39,097 - database.storage_service - INFO - 成功保存股票信息: 601952
2026-02-15 22:51:39,098 - database.storage_service - INFO - 成功保存股票信息: 300860
2026-02-15 22:51:39,100 - database.storage_service - INFO - 成功保存股票信息: 002479
2026-02-15 22:51:39,101 - database.storage_service - INFO - 成功保存股票信息: 603296
2026-02-15 22:51:39,103 - database.storage_service - INFO - 成功保存股票信息: 301057
2026-02-15 22:51:39,104 - database.storage_service - INFO - 成功保存股票信息: 301047
2026-02-15 22:51:39,107 - database.storage_service - INFO - 成功保存股票信息: 300952
2026-02-15 22:51:39,108 - database.storage_service - INFO - 成功保存股票信息: 002176
2026-02-15 22:51:39,110 - database.storage_service - INFO - 成功保存股票信息: 603530
2026-02-15 22:51:39,111 - database.storage_service - INFO - 成功保存股票信息: 600035
2026-02-15 22:51:39,112 - database.storage_service - INFO - 成功保存股票信息: 600597
2026-02-15 22:51:39,113 - database.storage_service - INFO - 成功保存股票信息: 600109
2026-02-15 22:51:39,115 - database.storage_service - INFO - 成功保存股票信息: 000521
2026-02-15 22:51:39,116 - database.storage_service - INFO - 成功保存股票信息: 688727
2026-02-15 22:51:39,117 - database.storage_service - INFO - 成功保存股票信息: 001220
2026-02-15 22:51:39,120 - database.storage_service - INFO - 成功保存股票信息: 688538
2026-02-15 22:51:39,121 - database.storage_service - INFO - 成功保存股票信息: 300925
2026-02-15 22:51:39,122 - database.storage_service - INFO - 成功保存股票信息: 301306
2026-02-15 22:51:39,123 - database.storage_service - INFO - 成功保存股票信息: 603135
2026-02-15 22:51:39,124 - database.storage_service - INFO - 成功保存股票信息: 301662
2026-02-15 22:51:39,126 - database.storage_service - INFO - 成功保存股票信息: 688110
2026-02-15 22:51:39,127 - database.storage_service - INFO - 成功保存股票信息: 603235
2026-02-15 22:51:39,128 - database.storage_service - INFO - 成功保存股票信息: 301458
2026-02-15 22:51:39,130 - database.storage_service - INFO - 成功保存股票信息: 920892
2026-02-15 22:51:39,131 - database.storage_service - INFO - 成功保存股票信息: 920799
2026-02-15 22:51:39,132 - database.storage_service - INFO - 成功保存股票信息: 002203
2026-02-15 22:51:39,133 - database.storage_service - INFO - 成功保存股票信息: 605189
2026-02-15 22:51:39,135 - database.storage_service - INFO - 成功保存股票信息: 605108
2026-02-15 22:51:39,137 - database.storage_service - INFO - 成功保存股票信息: 603392
2026-02-15 22:51:39,138 - database.storage_service - INFO - 成功保存股票信息: 603210
2026-02-15 22:51:39,139 - database.storage_service - INFO - 成功保存股票信息: 002558
2026-02-15 22:51:39,140 - database.storage_service - INFO - 成功保存股票信息: 600958
2026-02-15 22:51:39,141 - database.storage_service - INFO - 成功保存股票信息: 600613
2026-02-15 22:51:39,143 - database.storage_service - INFO - 成功保存股票信息: 600587
2026-02-15 22:51:39,144 - database.storage_service - INFO - 成功保存股票信息: 600329
2026-02-15 22:51:39,145 - database.storage_service - INFO - 成功保存股票信息: 300809
2026-02-15 22:51:39,147 - database.storage_service - INFO - 成功保存股票信息: 601566
2026-02-15 22:51:39,148 - database.storage_service - INFO - 成功保存股票信息: 002356
2026-02-15 22:51:39,149 - database.storage_service - INFO - 成功保存股票信息: 600668
2026-02-15 22:51:39,151 - database.storage_service - INFO - 成功保存股票信息: 603236
2026-02-15 22:51:39,153 - database.storage_service - INFO - 成功保存股票信息: 601658
2026-02-15 22:51:39,154 - database.storage_service - INFO - 成功保存股票信息: 301263
2026-02-15 22:51:39,155 - database.storage_service - INFO - 成功保存股票信息: 300701
2026-02-15 22:51:39,156 - database.storage_service - INFO - 成功保存股票信息: 002282
2026-02-15 22:51:39,157 - database.storage_service - INFO - 成功保存股票信息: 600679
2026-02-15 22:51:39,159 - database.storage_service - INFO - 成功保存股票信息: 300209
2026-02-15 22:51:39,160 - database.storage_service - INFO - 成功保存股票信息: 600252
2026-02-15 22:51:39,161 - database.storage_service - INFO - 成功保存股票信息: 920184
2026-02-15 22:51:39,162 - database.storage_service - INFO - 成功保存股票信息: 688336
2026-02-15 22:51:39,163 - database.storage_service - INFO - 成功保存股票信息: 600918
2026-02-15 22:51:39,165 - database.storage_service - INFO - 成功保存股票信息: 000727
2026-02-15 22:51:39,166 - database.storage_service - INFO - 成功保存股票信息: 300207
2026-02-15 22:51:39,168 - database.storage_service - INFO - 成功保存股票信息: 002901
2026-02-15 22:51:39,169 - database.storage_service - INFO - 成功保存股票信息: 301630
2026-02-15 22:51:39,171 - database.storage_service - INFO - 成功保存股票信息: 600018
2026-02-15 22:51:39,172 - database.storage_service - INFO - 成功保存股票信息: 688076
2026-02-15 22:51:39,173 - database.storage_service - INFO - 成功保存股票信息: 002391
2026-02-15 22:51:39,174 - database.storage_service - INFO - 成功保存股票信息: 600101
2026-02-15 22:51:39,175 - database.storage_service - INFO - 成功保存股票信息: 000166
2026-02-15 22:51:39,177 - database.storage_service - INFO - 成功保存股票信息: 600202
2026-02-15 22:51:39,178 - database.storage_service - INFO - 成功保存股票信息: 002317
2026-02-15 22:51:39,179 - database.storage_service - INFO - 成功保存股票信息: 300210
2026-02-15 22:51:39,180 - database.storage_service - INFO - 成功保存股票信息: 601668
2026-02-15 22:51:39,182 - database.storage_service - INFO - 成功保存股票信息: 600605
2026-02-15 22:51:39,183 - database.storage_service - INFO - 成功保存股票信息: 301587
2026-02-15 22:51:39,185 - database.storage_service - INFO - 成功保存股票信息: 300700
2026-02-15 22:51:39,186 - database.storage_service - INFO - 成功保存股票信息: 688327
2026-02-15 22:51:39,188 - database.storage_service - INFO - 成功保存股票信息: 605296
2026-02-15 22:51:39,189 - database.storage_service - INFO - 成功保存股票信息: 605268
2026-02-15 22:51:39,190 - database.storage_service - INFO - 成功保存股票信息: 001373
2026-02-15 22:51:39,191 - database.storage_service - INFO - 成功保存股票信息: 002094
2026-02-15 22:51:39,193 - database.storage_service - INFO - 成功保存股票信息: 300025
2026-02-15 22:51:39,194 - database.storage_service - INFO - 成功保存股票信息: 688700
2026-02-15 22:51:39,195 - database.storage_service - INFO - 成功保存股票信息: 603680
2026-02-15 22:51:39,196 - database.storage_service - INFO - 成功保存股票信息: 002329
2026-02-15 22:51:39,198 - database.storage_service - INFO - 成功保存股票信息: 600928
2026-02-15 22:51:39,199 - database.storage_service - INFO - 成功保存股票信息: 603330
2026-02-15 22:51:39,200 - database.storage_service - INFO - 成功保存股票信息: 300465
2026-02-15 22:51:39,202 - database.storage_service - INFO - 成功保存股票信息: 002668
2026-02-15 22:51:39,203 - database.storage_service - INFO - 成功保存股票信息: 300266
2026-02-15 22:51:39,205 - database.storage_service - INFO - 成功保存股票信息: 920160
2026-02-15 22:51:39,206 - database.storage_service - INFO - 成功保存股票信息: 600103
2026-02-15 22:51:39,207 - database.storage_service - INFO - 成功保存股票信息: 603387
2026-02-15 22:51:39,209 - database.storage_service - INFO - 成功保存股票信息: 600302
2026-02-15 22:51:39,210 - database.storage_service - INFO - 成功保存股票信息: 300267
2026-02-15 22:51:39,211 - database.storage_service - INFO - 成功保存股票信息: 002014
2026-02-15 22:51:39,213 - database.storage_service - INFO - 成功保存股票信息: 002093
2026-02-15 22:51:39,214 - database.storage_service - INFO - 成功保存股票信息: 300385
2026-02-15 22:51:39,215 - database.storage_service - INFO - 成功保存股票信息: 002728
2026-02-15 22:51:39,216 - database.storage_service - INFO - 成功保存股票信息: 300480
2026-02-15 22:51:39,218 - database.storage_service - INFO - 成功保存股票信息: 300562
2026-02-15 22:51:39,220 - database.storage_service - INFO - 成功保存股票信息: 605138
2026-02-15 22:51:39,221 - database.storage_service - INFO - 成功保存股票信息: 002251
2026-02-15 22:51:39,222 - database.storage_service - INFO - 成功保存股票信息: 300288
2026-02-15 22:51:39,224 - database.storage_service - INFO - 成功保存股票信息: 002991
2026-02-15 22:51:39,225 - database.storage_service - INFO - 成功保存股票信息: 920060
2026-02-15 22:51:39,226 - database.storage_service - INFO - 成功保存股票信息: 300777
2026-02-15 22:51:39,227 - database.storage_service - INFO - 成功保存股票信息: 600601
2026-02-15 22:51:39,229 - database.storage_service - INFO - 成功保存股票信息: 600993
2026-02-15 22:51:39,230 - database.storage_service - INFO - 成功保存股票信息: 920639
2026-02-15 22:51:39,231 - database.storage_service - INFO - 成功保存股票信息: 603697
2026-02-15 22:51:39,233 - database.storage_service - INFO - 成功保存股票信息: 300995
2026-02-15 22:51:39,234 - database.storage_service - INFO - 成功保存股票信息: 688139
2026-02-15 22:51:39,236 - database.storage_service - INFO - 成功保存股票信息: 603238
2026-02-15 22:51:39,237 - database.storage_service - INFO - 成功保存股票信息: 000544
2026-02-15 22:51:39,238 - database.storage_service - INFO - 成功保存股票信息: 600280
2026-02-15 22:51:39,239 - database.storage_service - INFO - 成功保存股票信息: 300836
2026-02-15 22:51:39,241 - database.storage_service - INFO - 成功保存股票信息: 920821
2026-02-15 22:51:39,242 - database.storage_service - INFO - 成功保存股票信息: 600452
2026-02-15 22:51:39,243 - database.storage_service - INFO - 成功保存股票信息: 920033
2026-02-15 22:51:39,244 - database.storage_service - INFO - 成功保存股票信息: 300026
2026-02-15 22:51:39,246 - database.storage_service - INFO - 成功保存股票信息: 603382
2026-02-15 22:51:39,247 - database.storage_service - INFO - 成功保存股票信息: 002027
2026-02-15 22:51:39,248 - database.storage_service - INFO - 成功保存股票信息: 002051
2026-02-15 22:51:39,250 - database.storage_service - INFO - 成功保存股票信息: 600198
2026-02-15 22:51:39,252 - database.storage_service - INFO - 成功保存股票信息: 605358
2026-02-15 22:51:39,253 - database.storage_service - INFO - 成功保存股票信息: 603194
2026-02-15 22:51:39,254 - database.storage_service - INFO - 成功保存股票信息: 601868
2026-02-15 22:51:39,255 - database.storage_service - INFO - 成功保存股票信息: 688095
2026-02-15 22:51:39,257 - database.storage_service - INFO - 成功保存股票信息: 000848
2026-02-15 22:51:39,258 - database.storage_service - INFO - 成功保存股票信息: 603288
2026-02-15 22:51:39,259 - database.storage_service - INFO - 成功保存股票信息: 001367
2026-02-15 22:51:39,260 - database.storage_service - INFO - 成功保存股票信息: 601968
2026-02-15 22:51:39,261 - database.storage_service - INFO - 成功保存股票信息: 002006
2026-02-15 22:51:39,263 - database.storage_service - INFO - 成功保存股票信息: 600050
2026-02-15 22:51:39,264 - database.storage_service - INFO - 成功保存股票信息: 300053
2026-02-15 22:51:39,265 - database.storage_service - INFO - 成功保存股票信息: 688506
2026-02-15 22:51:39,266 - database.storage_service - INFO - 成功保存股票信息: 301397
2026-02-15 22:51:39,268 - database.storage_service - INFO - 成功保存股票信息: 688565
2026-02-15 22:51:39,270 - database.storage_service - INFO - 成功保存股票信息: 300848
2026-02-15 22:51:39,271 - database.storage_service - INFO - 成功保存股票信息: 603325
2026-02-15 22:51:39,272 - database.storage_service - INFO - 成功保存股票信息: 603128
2026-02-15 22:51:39,274 - database.storage_service - INFO - 成功保存股票信息: 605158
2026-02-15 22:51:39,275 - database.storage_service - INFO - 成功保存股票信息: 002524
2026-02-15 22:51:39,276 - database.storage_service - INFO - 成功保存股票信息: 600582
2026-02-15 22:51:39,277 - database.storage_service - INFO - 成功保存股票信息: 688612
2026-02-15 22:51:39,278 - database.storage_service - INFO - 成功保存股票信息: 001391
2026-02-15 22:51:39,280 - database.storage_service - INFO - 成功保存股票信息: 300257
2026-02-15 22:51:39,281 - database.storage_service - INFO - 成功保存股票信息: 300004
2026-02-15 22:51:39,282 - database.storage_service - INFO - 成功保存股票信息: 603580
2026-02-15 22:51:39,284 - database.storage_service - INFO - 成功保存股票信息: 002966
2026-02-15 22:51:39,286 - database.storage_service - INFO - 成功保存股票信息: 301082
2026-02-15 22:51:39,287 - database.storage_service - INFO - 成功保存股票信息: 688238
2026-02-15 22:51:39,288 - database.storage_service - INFO - 成功保存股票信息: 300388
2026-02-15 22:51:39,290 - database.storage_service - INFO - 成功保存股票信息: 603010
2026-02-15 22:51:39,291 - database.storage_service - INFO - 成功保存股票信息: 001378
2026-02-15 22:51:39,292 - database.storage_service - INFO - 成功保存股票信息: 600880
2026-02-15 22:51:39,293 - database.storage_service - INFO - 成功保存股票信息: 603122
2026-02-15 22:51:39,294 - database.storage_service - INFO - 成功保存股票信息: 603659
2026-02-15 22:51:39,296 - database.storage_service - INFO - 成功保存股票信息: 300967
2026-02-15 22:51:39,297 - database.storage_service - INFO - 成功保存股票信息: 603801
2026-02-15 22:51:39,298 - database.storage_service - INFO - 成功保存股票信息: 603035
2026-02-15 22:51:39,300 - database.storage_service - INFO - 成功保存股票信息: 601665
2026-02-15 22:51:39,301 - database.storage_service - INFO - 成功保存股票信息: 002137
2026-02-15 22:51:39,303 - database.storage_service - INFO - 成功保存股票信息: 002661
2026-02-15 22:51:39,304 - database.storage_service - INFO - 成功保存股票信息: 600925
2026-02-15 22:51:39,305 - database.storage_service - INFO - 成功保存股票信息: 600053
2026-02-15 22:51:39,307 - database.storage_service - INFO - 成功保存股票信息: 002401
2026-02-15 22:51:39,308 - database.storage_service - INFO - 成功保存股票信息: 605259
2026-02-15 22:51:39,309 - database.storage_service - INFO - 成功保存股票信息: 688681
2026-02-15 22:51:39,311 - database.storage_service - INFO - 成功保存股票信息: 300493
2026-02-15 22:51:39,312 - database.storage_service - INFO - 成功保存股票信息: 300656
2026-02-15 22:51:39,313 - database.storage_service - INFO - 成功保存股票信息: 000650
2026-02-15 22:51:39,314 - database.storage_service - INFO - 成功保存股票信息: 920185
2026-02-15 22:51:39,316 - database.storage_service - INFO - 成功保存股票信息: 002782
2026-02-15 22:51:39,317 - database.storage_service - INFO - 成功保存股票信息: 002512
2026-02-15 22:51:39,319 - database.storage_service - INFO - 成功保存股票信息: 300869
2026-02-15 22:51:39,321 - database.storage_service - INFO - 成功保存股票信息: 301019
2026-02-15 22:51:39,322 - database.storage_service - INFO - 成功保存股票信息: 600510
2026-02-15 22:51:39,323 - database.storage_service - INFO - 成功保存股票信息: 002796
2026-02-15 22:51:39,324 - database.storage_service - INFO - 成功保存股票信息: 603101
2026-02-15 22:51:39,326 - database.storage_service - INFO - 成功保存股票信息: 688096
2026-02-15 22:51:39,327 - database.storage_service - INFO - 成功保存股票信息: 002839
2026-02-15 22:51:39,328 - database.storage_service - INFO - 成功保存股票信息: 000800
2026-02-15 22:51:39,330 - database.storage_service - INFO - 成功保存股票信息: 920809
2026-02-15 22:51:39,331 - database.storage_service - INFO - 成功保存股票信息: 002946
2026-02-15 22:51:39,332 - database.storage_service - INFO - 成功保存股票信息: 002286
2026-02-15 22:51:39,333 - database.storage_service - INFO - 成功保存股票信息: 002967
2026-02-15 22:51:39,336 - database.storage_service - INFO - 成功保存股票信息: 301526
2026-02-15 22:51:39,337 - database.storage_service - INFO - 成功保存股票信息: 300111
2026-02-15 22:51:39,338 - database.storage_service - INFO - 成功保存股票信息: 002045
2026-02-15 22:51:39,340 - database.storage_service - INFO - 成功保存股票信息: 600009
2026-02-15 22:51:39,341 - database.storage_service - INFO - 成功保存股票信息: 001227
2026-02-15 22:51:39,342 - database.storage_service - INFO - 成功保存股票信息: 688091
2026-02-15 22:51:39,343 - database.storage_service - INFO - 成功保存股票信息: 600750
2026-02-15 22:51:39,345 - database.storage_service - INFO - 成功保存股票信息: 603489
2026-02-15 22:51:39,346 - database.storage_service - INFO - 成功保存股票信息: 603839
2026-02-15 22:51:39,347 - database.storage_service - INFO - 成功保存股票信息: 601113
2026-02-15 22:51:39,349 - database.storage_service - INFO - 成功保存股票信息: 300409
2026-02-15 22:51:39,350 - database.storage_service - INFO - 成功保存股票信息: 920020
2026-02-15 22:51:39,352 - database.storage_service - INFO - 成功保存股票信息: 002102
2026-02-15 22:51:39,354 - database.storage_service - INFO - 成功保存股票信息: 920950
2026-02-15 22:51:39,355 - database.storage_service - INFO - 成功保存股票信息: 600276
2026-02-15 22:51:39,357 - database.storage_service - INFO - 成功保存股票信息: 301135
2026-02-15 22:51:39,358 - database.storage_service - INFO - 成功保存股票信息: 603920
2026-02-15 22:51:39,359 - database.storage_service - INFO - 成功保存股票信息: 920964
2026-02-15 22:51:39,360 - database.storage_service - INFO - 成功保存股票信息: 600152
2026-02-15 22:51:39,362 - database.storage_service - INFO - 成功保存股票信息: 600996
2026-02-15 22:51:39,363 - database.storage_service - INFO - 成功保存股票信息: 603529
2026-02-15 22:51:39,364 - database.storage_service - INFO - 成功保存股票信息: 300295
2026-02-15 22:51:39,365 - database.storage_service - INFO - 成功保存股票信息: 603299
2026-02-15 22:51:39,367 - database.storage_service - INFO - 成功保存股票信息: 603519
2026-02-15 22:51:39,369 - database.storage_service - INFO - 成功保存股票信息: 300248
2026-02-15 22:51:39,371 - database.storage_service - INFO - 成功保存股票信息: 002419
2026-02-15 22:51:39,372 - database.storage_service - INFO - 成功保存股票信息: 603061
2026-02-15 22:51:39,373 - database.storage_service - INFO - 成功保存股票信息: 300470
2026-02-15 22:51:39,374 - database.storage_service - INFO - 成功保存股票信息: 300904
2026-02-15 22:51:39,376 - database.storage_service - INFO - 成功保存股票信息: 603198
2026-02-15 22:51:39,377 - database.storage_service - INFO - 成功保存股票信息: 600603
2026-02-15 22:51:39,378 - database.storage_service - INFO - 成功保存股票信息: 600610
2026-02-15 22:51:39,380 - database.storage_service - INFO - 成功保存股票信息: 603129
2026-02-15 22:51:39,381 - database.storage_service - INFO - 成功保存股票信息: 002929
2026-02-15 22:51:39,382 - database.storage_service - INFO - 成功保存股票信息: 920018
2026-02-15 22:51:39,383 - database.storage_service - INFO - 成功保存股票信息: 600796
2026-02-15 22:51:39,385 - database.storage_service - INFO - 成功保存股票信息: 600422
2026-02-15 22:51:39,386 - database.storage_service - INFO - 成功保存股票信息: 002352
2026-02-15 22:51:39,388 - database.storage_service - INFO - 成功保存股票信息: 600805
2026-02-15 22:51:39,390 - database.storage_service - INFO - 成功保存股票信息: 300119
2026-02-15 22:51:39,391 - database.storage_service - INFO - 成功保存股票信息: 301275
2026-02-15 22:51:39,393 - database.storage_service - INFO - 成功保存股票信息: 601077
2026-02-15 22:51:39,394 - database.storage_service - INFO - 成功保存股票信息: 002063
2026-02-15 22:51:39,395 - database.storage_service - INFO - 成功保存股票信息: 600526
2026-02-15 22:51:39,396 - database.storage_service - INFO - 成功保存股票信息: 301456
2026-02-15 22:51:39,398 - database.storage_service - INFO - 成功保存股票信息: 300083
2026-02-15 22:51:39,399 - database.storage_service - INFO - 成功保存股票信息: 601336
2026-02-15 22:51:39,400 - database.storage_service - INFO - 成功保存股票信息: 002760
2026-02-15 22:51:39,402 - database.storage_service - INFO - 成功保存股票信息: 600917
2026-02-15 22:51:39,403 - database.storage_service - INFO - 成功保存股票信息: 300664
2026-02-15 22:51:39,405 - database.storage_service - INFO - 成功保存股票信息: 920300
2026-02-15 22:51:39,407 - database.storage_service - INFO - 成功保存股票信息: 300509
2026-02-15 22:51:39,408 - database.storage_service - INFO - 成功保存股票信息: 600572
2026-02-15 22:51:39,410 - database.storage_service - INFO - 成功保存股票信息: 603889
2026-02-15 22:51:39,411 - database.storage_service - INFO - 成功保存股票信息: 300161
2026-02-15 22:51:39,412 - database.storage_service - INFO - 成功保存股票信息: 002898
2026-02-15 22:51:39,413 - database.storage_service - INFO - 成功保存股票信息: 300195
2026-02-15 22:51:39,415 - database.storage_service - INFO - 成功保存股票信息: 688133
2026-02-15 22:51:39,416 - database.storage_service - INFO - 成功保存股票信息: 002902
2026-02-15 22:51:39,417 - database.storage_service - INFO - 成功保存股票信息: 600000
2026-02-15 22:51:39,419 - database.storage_service - INFO - 成功保存股票信息: 301150
2026-02-15 22:51:39,420 - database.storage_service - INFO - 成功保存股票信息: 600066
2026-02-15 22:51:39,423 - database.storage_service - INFO - 成功保存股票信息: 920374
2026-02-15 22:51:39,424 - database.storage_service - INFO - 成功保存股票信息: 002646
2026-02-15 22:51:39,426 - database.storage_service - INFO - 成功保存股票信息: 600073
2026-02-15 22:51:39,427 - database.storage_service - INFO - 成功保存股票信息: 688088
2026-02-15 22:51:39,428 - database.storage_service - INFO - 成功保存股票信息: 600129
2026-02-15 22:51:39,430 - database.storage_service - INFO - 成功保存股票信息: 600812
2026-02-15 22:51:39,431 - database.storage_service - INFO - 成功保存股票信息: 600826
2026-02-15 22:51:39,432 - database.storage_service - INFO - 成功保存股票信息: 300124
2026-02-15 22:51:39,433 - database.storage_service - INFO - 成功保存股票信息: 600742
2026-02-15 22:51:39,435 - database.storage_service - INFO - 成功保存股票信息: 300498
2026-02-15 22:51:39,437 - database.storage_service - INFO - 成功保存股票信息: 603319
2026-02-15 22:51:39,438 - database.storage_service - INFO - 成功保存股票信息: 688376
2026-02-15 22:51:39,440 - database.storage_service - INFO - 成功保存股票信息: 600030
2026-02-15 22:51:39,441 - database.storage_service - INFO - 成功保存股票信息: 002098
2026-02-15 22:51:39,443 - database.storage_service - INFO - 成功保存股票信息: 603918
2026-02-15 22:51:39,445 - database.storage_service - INFO - 成功保存股票信息: 300073
2026-02-15 22:51:39,446 - database.storage_service - INFO - 成功保存股票信息: 601098
2026-02-15 22:51:39,447 - database.storage_service - INFO - 成功保存股票信息: 688330
2026-02-15 22:51:39,448 - database.storage_service - INFO - 成功保存股票信息: 001379
2026-02-15 22:51:39,450 - database.storage_service - INFO - 成功保存股票信息: 300885
2026-02-15 22:51:39,451 - database.storage_service - INFO - 成功保存股票信息: 000617
2026-02-15 22:51:39,453 - database.storage_service - INFO - 成功保存股票信息: 002507
2026-02-15 22:51:39,455 - database.storage_service - INFO - 成功保存股票信息: 301392
2026-02-15 22:51:39,457 - database.storage_service - INFO - 成功保存股票信息: 600188
2026-02-15 22:51:39,458 - database.storage_service - INFO - 成功保存股票信息: 300155
2026-02-15 22:51:39,460 - database.storage_service - INFO - 成功保存股票信息: 000910
2026-02-15 22:51:39,461 - database.storage_service - INFO - 成功保存股票信息: 301257
2026-02-15 22:51:39,462 - database.storage_service - INFO - 成功保存股票信息: 601727
2026-02-15 22:51:39,464 - database.storage_service - INFO - 成功保存股票信息: 688156
2026-02-15 22:51:39,465 - database.storage_service - INFO - 成功保存股票信息: 600713
2026-02-15 22:51:39,466 - database.storage_service - INFO - 成功保存股票信息: 003001
2026-02-15 22:51:39,468 - database.storage_service - INFO - 成功保存股票信息: 300180
2026-02-15 22:51:39,469 - database.storage_service - INFO - 成功保存股票信息: 301093
2026-02-15 22:51:39,471 - database.storage_service - INFO - 成功保存股票信息: 603869
2026-02-15 22:51:39,473 - database.storage_service - INFO - 成功保存股票信息: 300194
2026-02-15 22:51:39,475 - database.storage_service - INFO - 成功保存股票信息: 300688
2026-02-15 22:51:39,476 - database.storage_service - INFO - 成功保存股票信息: 603310
2026-02-15 22:51:39,477 - database.storage_service - INFO - 成功保存股票信息: 301261
2026-02-15 22:51:39,479 - database.storage_service - INFO - 成功保存股票信息: 601877
2026-02-15 22:51:39,480 - database.storage_service - INFO - 成功保存股票信息: 600926
2026-02-15 22:51:39,481 - database.storage_service - INFO - 成功保存股票信息: 002567
2026-02-15 22:51:39,483 - database.storage_service - INFO - 成功保存股票信息: 601933
2026-02-15 22:51:39,484 - database.storage_service - INFO - 成功保存股票信息: 002202
2026-02-15 22:51:39,486 - database.storage_service - INFO - 成功保存股票信息: 002343
2026-02-15 22:51:39,487 - database.storage_service - INFO - 成功保存股票信息: 001339
2026-02-15 22:51:39,488 - database.storage_service - INFO - 成功保存股票信息: 300723
2026-02-15 22:51:39,491 - database.storage_service - INFO - 成功保存股票信息: 920106
2026-02-15 22:51:39,492 - database.storage_service - INFO - 成功保存股票信息: 300530
2026-02-15 22:51:39,493 - database.storage_service - INFO - 成功保存股票信息: 688663
2026-02-15 22:51:39,495 - database.storage_service - INFO - 成功保存股票信息: 600039
2026-02-15 22:51:39,496 - database.storage_service - INFO - 成功保存股票信息: 300061
2026-02-15 22:51:39,497 - database.storage_service - INFO - 成功保存股票信息: 002790
2026-02-15 22:51:39,498 - database.storage_service - INFO - 成功保存股票信息: 601825
2026-02-15 22:51:39,500 - database.storage_service - INFO - 成功保存股票信息: 002916
2026-02-15 22:51:39,501 - database.storage_service - INFO - 成功保存股票信息: 603600
2026-02-15 22:51:39,503 - database.storage_service - INFO - 成功保存股票信息: 000333
2026-02-15 22:51:39,504 - database.storage_service - INFO - 成功保存股票信息: 603117
2026-02-15 22:51:39,506 - database.storage_service - INFO - 成功保存股票信息: 603062
2026-02-15 22:51:39,508 - database.storage_service - INFO - 成功保存股票信息: 603223
2026-02-15 22:51:39,509 - database.storage_service - INFO - 成功保存股票信息: 002657
2026-02-15 22:51:39,510 - database.storage_service - INFO - 成功保存股票信息: 001231
2026-02-15 22:51:39,512 - database.storage_service - INFO - 成功保存股票信息: 603338
2026-02-15 22:51:39,513 - database.storage_service - INFO - 成功保存股票信息: 601998
2026-02-15 22:51:39,514 - database.storage_service - INFO - 成功保存股票信息: 688281
2026-02-15 22:51:39,515 - database.storage_service - INFO - 成功保存股票信息: 688067
2026-02-15 22:51:39,517 - database.storage_service - INFO - 成功保存股票信息: 601512
2026-02-15 22:51:39,518 - database.storage_service - INFO - 成功保存股票信息: 920171
2026-02-15 22:51:39,520 - database.storage_service - INFO - 成功保存股票信息: 688584
2026-02-15 22:51:39,521 - database.storage_service - INFO - 成功保存股票信息: 603199
2026-02-15 22:51:39,524 - database.storage_service - INFO - 成功保存股票信息: 603687
2026-02-15 22:51:39,525 - database.storage_service - INFO - 成功保存股票信息: 300193
2026-02-15 22:51:39,526 - database.storage_service - INFO - 成功保存股票信息: 688475
2026-02-15 22:51:39,528 - database.storage_service - INFO - 成功保存股票信息: 688180
2026-02-15 22:51:39,529 - database.storage_service - INFO - 成功保存股票信息: 603285
2026-02-15 22:51:39,530 - database.storage_service - INFO - 成功保存股票信息: 000503
2026-02-15 22:51:39,532 - database.storage_service - INFO - 成功保存股票信息: 688418
2026-02-15 22:51:39,533 - database.storage_service - INFO - 成功保存股票信息: 002585
2026-02-15 22:51:39,535 - database.storage_service - INFO - 成功保存股票信息: 002514
2026-02-15 22:51:39,536 - database.storage_service - INFO - 成功保存股票信息: 002232
2026-02-15 22:51:39,537 - database.storage_service - INFO - 成功保存股票信息: 002681
2026-02-15 22:51:39,540 - database.storage_service - INFO - 成功保存股票信息: 688575
2026-02-15 22:51:39,541 - database.storage_service - INFO - 成功保存股票信息: 002785
2026-02-15 22:51:39,542 - database.storage_service - INFO - 成功保存股票信息: 300054
2026-02-15 22:51:39,544 - database.storage_service - INFO - 成功保存股票信息: 000705
2026-02-15 22:51:39,545 - database.storage_service - INFO - 成功保存股票信息: 002986
2026-02-15 22:51:39,546 - database.storage_service - INFO - 成功保存股票信息: 001325
2026-02-15 22:51:39,548 - database.storage_service - INFO - 成功保存股票信息: 301687
2026-02-15 22:51:39,549 - database.storage_service - INFO - 成功保存股票信息: 300892
2026-02-15 22:51:39,550 - database.storage_service - INFO - 成功保存股票信息: 600396
2026-02-15 22:51:39,552 - database.storage_service - INFO - 成功保存股票信息: 002872
2026-02-15 22:51:39,554 - database.storage_service - INFO - 成功保存股票信息: 002908
2026-02-15 22:51:39,555 - database.storage_service - INFO - 成功保存股票信息: 002480
2026-02-15 22:51:39,557 - database.storage_service - INFO - 成功保存股票信息: 688271
2026-02-15 22:51:39,559 - database.storage_service - INFO - 成功保存股票信息: 002729
2026-02-15 22:51:39,560 - database.storage_service - INFO - 成功保存股票信息: 000921
2026-02-15 22:51:39,561 - database.storage_service - INFO - 成功保存股票信息: 002702
2026-02-15 22:51:39,562 - database.storage_service - INFO - 成功保存股票信息: 001208
2026-02-15 22:51:39,563 - database.storage_service - INFO - 成功保存股票信息: 000541
2026-02-15 22:51:39,565 - database.storage_service - INFO - 成功保存股票信息: 000514
2026-02-15 22:51:39,566 - database.storage_service - INFO - 成功保存股票信息: 603086
2026-02-15 22:51:39,568 - database.storage_service - INFO - 成功保存股票信息: 601398
2026-02-15 22:51:39,570 - database.storage_service - INFO - 成功保存股票信息: 603269
2026-02-15 22:51:39,571 - database.storage_service - INFO - 成功保存股票信息: 688789
2026-02-15 22:51:39,572 - database.storage_service - INFO - 成功保存股票信息: 002861
2026-02-15 22:51:39,573 - database.storage_service - INFO - 成功保存股票信息: 300541
2026-02-15 22:51:39,575 - database.storage_service - INFO - 成功保存股票信息: 600973
2026-02-15 22:51:39,576 - database.storage_service - INFO - 成功保存股票信息: 920665
2026-02-15 22:51:39,577 - database.storage_service - INFO - 成功保存股票信息: 301575
2026-02-15 22:51:39,579 - database.storage_service - INFO - 成功保存股票信息: 605086
2026-02-15 22:51:39,580 - database.storage_service - INFO - 成功保存股票信息: 603989
2026-02-15 22:51:39,581 - database.storage_service - INFO - 成功保存股票信息: 002841
2026-02-15 22:51:39,582 - database.storage_service - INFO - 成功保存股票信息: 603365
2026-02-15 22:51:39,584 - database.storage_service - INFO - 成功保存股票信息: 688766
2026-02-15 22:51:39,586 - database.storage_service - INFO - 成功保存股票信息: 600308
2026-02-15 22:51:39,587 - database.storage_service - INFO - 成功保存股票信息: 601186
2026-02-15 22:51:39,588 - database.storage_service - INFO - 成功保存股票信息: 601162
2026-02-15 22:51:39,589 - database.storage_service - INFO - 成功保存股票信息: 600020
2026-02-15 22:51:39,591 - database.storage_service - INFO - 成功保存股票信息: 688526
2026-02-15 22:51:39,592 - database.storage_service - INFO - 成功保存股票信息: 000404
2026-02-15 22:51:39,593 - database.storage_service - INFO - 成功保存股票信息: 300984
2026-02-15 22:51:39,594 - database.storage_service - INFO - 成功保存股票信息: 300981
2026-02-15 22:51:39,596 - database.storage_service - INFO - 成功保存股票信息: 300158
2026-02-15 22:51:39,597 - database.storage_service - INFO - 成功保存股票信息: 920790
2026-02-15 22:51:39,598 - database.storage_service - INFO - 成功保存股票信息: 300982
2026-02-15 22:51:39,600 - database.storage_service - INFO - 成功保存股票信息: 002332
2026-02-15 22:51:39,601 - database.storage_service - INFO - 成功保存股票信息: 301168
2026-02-15 22:51:39,603 - database.storage_service - INFO - 成功保存股票信息: 600929
2026-02-15 22:51:39,604 - database.storage_service - INFO - 成功保存股票信息: 300584
2026-02-15 22:51:39,606 - database.storage_service - INFO - 成功保存股票信息: 300979
2026-02-15 22:51:39,607 - database.storage_service - INFO - 成功保存股票信息: 300999
2026-02-15 22:51:39,608 - database.storage_service - INFO - 成功保存股票信息: 600617
2026-02-15 22:51:39,609 - database.storage_service - INFO - 成功保存股票信息: 002594
2026-02-15 22:51:39,610 - database.storage_service - INFO - 成功保存股票信息: 603477
2026-02-15 22:51:39,612 - database.storage_service - INFO - 成功保存股票信息: 002299
2026-02-15 22:51:39,613 - database.storage_service - INFO - 成功保存股票信息: 000063
2026-02-15 22:51:39,614 - database.storage_service - INFO - 成功保存股票信息: 002328
2026-02-15 22:51:39,615 - database.storage_service - INFO - 成功保存股票信息: 688499
2026-02-15 22:51:39,617 - database.storage_service - INFO - 成功保存股票信息: 300729
2026-02-15 22:51:39,619 - database.storage_service - INFO - 成功保存股票信息: 603348
2026-02-15 22:51:39,620 - database.storage_service - INFO - 成功保存股票信息: 300662
2026-02-15 22:51:39,621 - database.storage_service - INFO - 成功保存股票信息: 600377
2026-02-15 22:51:39,623 - database.storage_service - INFO - 成功保存股票信息: 300339
2026-02-15 22:51:39,624 - database.storage_service - INFO - 成功保存股票信息: 002726
2026-02-15 22:51:39,625 - database.storage_service - INFO - 成功保存股票信息: 600548
2026-02-15 22:51:39,626 - database.storage_service - INFO - 成功保存股票信息: 603938
2026-02-15 22:51:39,628 - database.storage_service - INFO - 成功保存股票信息: 300149
2026-02-15 22:51:39,629 - database.storage_service - INFO - 成功保存股票信息: 300908
2026-02-15 22:51:39,630 - database.storage_service - INFO - 成功保存股票信息: 300511
2026-02-15 22:51:39,631 - database.storage_service - INFO - 成功保存股票信息: 002815
2026-02-15 22:51:39,633 - database.storage_service - INFO - 成功保存股票信息: 300897
2026-02-15 22:51:39,634 - database.storage_service - INFO - 成功保存股票信息: 601319
2026-02-15 22:51:39,636 - database.storage_service - INFO - 成功保存股票信息: 301520
2026-02-15 22:51:39,638 - database.storage_service - INFO - 成功保存股票信息: 300252
2026-02-15 22:51:39,640 - database.storage_service - INFO - 成功保存股票信息: 003005
2026-02-15 22:51:39,641 - database.storage_service - INFO - 成功保存股票信息: 301132
2026-02-15 22:51:39,643 - database.storage_service - INFO - 成功保存股票信息: 688567
2026-02-15 22:51:39,645 - database.storage_service - INFO - 成功保存股票信息: 000008
2026-02-15 22:51:39,646 - database.storage_service - INFO - 成功保存股票信息: 002718
2026-02-15 22:51:39,647 - database.storage_service - INFO - 成功保存股票信息: 300048
2026-02-15 22:51:39,648 - database.storage_service - INFO - 成功保存股票信息: 301050
2026-02-15 22:51:39,650 - database.storage_service - INFO - 成功保存股票信息: 301386
2026-02-15 22:51:39,651 - database.storage_service - INFO - 成功保存股票信息: 002689
2026-02-15 22:51:39,653 - database.storage_service - INFO - 成功保存股票信息: 301489
2026-02-15 22:51:39,654 - database.storage_service - INFO - 成功保存股票信息: 001308
2026-02-15 22:51:39,656 - database.storage_service - INFO - 成功保存股票信息: 688269
2026-02-15 22:51:39,658 - database.storage_service - INFO - 成功保存股票信息: 603558
2026-02-15 22:51:39,659 - database.storage_service - INFO - 成功保存股票信息: 920371
2026-02-15 22:51:39,660 - database.storage_service - INFO - 成功保存股票信息: 002925
2026-02-15 22:51:39,661 - database.storage_service - INFO - 成功保存股票信息: 300035
2026-02-15 22:51:39,663 - database.storage_service - INFO - 成功保存股票信息: 600368
2026-02-15 22:51:39,664 - database.storage_service - INFO - 成功保存股票信息: 300122
2026-02-15 22:51:39,665 - database.storage_service - INFO - 成功保存股票信息: 600023
2026-02-15 22:51:39,666 - database.storage_service - INFO - 成功保存股票信息: 601577
2026-02-15 22:51:39,668 - database.storage_service - INFO - 成功保存股票信息: 002481
2026-02-15 22:51:39,669 - database.storage_service - INFO - 成功保存股票信息: 002156
2026-02-15 22:51:39,671 - database.storage_service - INFO - 成功保存股票信息: 002233
2026-02-15 22:51:39,672 - database.storage_service - INFO - 成功保存股票信息: 002057
2026-02-15 22:51:39,675 - database.storage_service - INFO - 成功保存股票信息: 601377
2026-02-15 22:51:39,677 - database.storage_service - INFO - 成功保存股票信息: 002937
2026-02-15 22:51:39,678 - database.storage_service - INFO - 成功保存股票信息: 300150
2026-02-15 22:51:39,679 - database.storage_service - INFO - 成功保存股票信息: 600179
2026-02-15 22:51:39,680 - database.storage_service - INFO - 成功保存股票信息: 600305
2026-02-15 22:51:39,682 - database.storage_service - INFO - 成功保存股票信息: 002136
2026-02-15 22:51:39,683 - database.storage_service - INFO - 成功保存股票信息: 002072
2026-02-15 22:51:39,684 - database.storage_service - INFO - 成功保存股票信息: 002421
2026-02-15 22:51:39,686 - database.storage_service - INFO - 成功保存股票信息: 002940
2026-02-15 22:51:39,688 - database.storage_service - INFO - 成功保存股票信息: 301507
2026-02-15 22:51:39,689 - database.storage_service - INFO - 成功保存股票信息: 603120
2026-02-15 22:51:39,691 - database.storage_service - INFO - 成功保存股票信息: 300096
2026-02-15 22:51:39,693 - database.storage_service - INFO - 成功保存股票信息: 002350
2026-02-15 22:51:39,694 - database.storage_service - INFO - 成功保存股票信息: 301096
2026-02-15 22:51:39,695 - database.storage_service - INFO - 成功保存股票信息: 003037
2026-02-15 22:51:39,697 - database.storage_service - INFO - 成功保存股票信息: 000963
2026-02-15 22:51:39,698 - database.storage_service - INFO - 成功保存股票信息: 688293
2026-02-15 22:51:39,699 - database.storage_service - INFO - 成功保存股票信息: 002295
2026-02-15 22:51:39,700 - database.storage_service - INFO - 成功保存股票信息: 600829
2026-02-15 22:51:39,702 - database.storage_service - INFO - 成功保存股票信息: 001289
2026-02-15 22:51:39,704 - database.storage_service - INFO - 成功保存股票信息: 603511
2026-02-15 22:51:39,705 - database.storage_service - INFO - 成功保存股票信息: 920826
2026-02-15 22:51:39,707 - database.storage_service - INFO - 成功保存股票信息: 601688
2026-02-15 22:51:39,709 - database.storage_service - INFO - 成功保存股票信息: 600056
2026-02-15 22:51:39,711 - database.storage_service - INFO - 成功保存股票信息: 002622
2026-02-15 22:51:39,712 - database.storage_service - INFO - 成功保存股票信息: 603818
2026-02-15 22:51:39,713 - database.storage_service - INFO - 成功保存股票信息: 600048
2026-02-15 22:51:39,714 - database.storage_service - INFO - 成功保存股票信息: 000882
2026-02-15 22:51:39,716 - database.storage_service - INFO - 成功保存股票信息: 301331
2026-02-15 22:51:39,717 - database.storage_service - INFO - 成功保存股票信息: 000950
2026-02-15 22:51:39,718 - database.storage_service - INFO - 成功保存股票信息: 300531
2026-02-15 22:51:39,720 - database.storage_service - INFO - 成功保存股票信息: 603298
2026-02-15 22:51:39,722 - database.storage_service - INFO - 成功保存股票信息: 002052
2026-02-15 22:51:39,723 - database.storage_service - INFO - 成功保存股票信息: 000700
2026-02-15 22:51:39,725 - database.storage_service - INFO - 成功保存股票信息: 605011
2026-02-15 22:51:39,727 - database.storage_service - INFO - 成功保存股票信息: 000516
2026-02-15 22:51:39,728 - database.storage_service - INFO - 成功保存股票信息: 000792
2026-02-15 22:51:39,730 - database.storage_service - INFO - 成功保存股票信息: 300615
2026-02-15 22:51:39,731 - database.storage_service - INFO - 成功保存股票信息: 600675
2026-02-15 22:51:39,733 - database.storage_service - INFO - 成功保存股票信息: 600170
2026-02-15 22:51:39,734 - database.storage_service - INFO - 成功保存股票信息: 603036
2026-02-15 22:51:39,735 - database.storage_service - INFO - 成功保存股票信息: 600197
2026-02-15 22:51:39,737 - database.storage_service - INFO - 成功保存股票信息: 300144
2026-02-15 22:51:39,739 - database.storage_service - INFO - 成功保存股票信息: 002535
2026-02-15 22:51:39,740 - database.storage_service - INFO - 成功保存股票信息: 301077
2026-02-15 22:51:39,743 - database.storage_service - INFO - 成功保存股票信息: 001696
2026-02-15 22:51:39,744 - database.storage_service - INFO - 成功保存股票信息: 300057
2026-02-15 22:51:39,746 - database.storage_service - INFO - 成功保存股票信息: 600879
2026-02-15 22:51:39,747 - database.storage_service - INFO - 成功保存股票信息: 300019
2026-02-15 22:51:39,748 - database.storage_service - INFO - 成功保存股票信息: 601827
2026-02-15 22:51:39,749 - database.storage_service - INFO - 成功保存股票信息: 600529
2026-02-15 22:51:39,751 - database.storage_service - INFO - 成功保存股票信息: 600416
2026-02-15 22:51:39,753 - database.storage_service - INFO - 成功保存股票信息: 603016
2026-02-15 22:51:39,754 - database.storage_service - INFO - 成功保存股票信息: 600686
2026-02-15 22:51:39,756 - database.storage_service - INFO - 成功保存股票信息: 001356
2026-02-15 22:51:39,758 - database.storage_service - INFO - 成功保存股票信息: 002722
2026-02-15 22:51:39,760 - database.storage_service - INFO - 成功保存股票信息: 000501
2026-02-15 22:51:39,761 - database.storage_service - INFO - 成功保存股票信息: 301097
2026-02-15 22:51:39,762 - database.storage_service - INFO - 成功保存股票信息: 600155
2026-02-15 22:51:39,764 - database.storage_service - INFO - 成功保存股票信息: 600653
2026-02-15 22:51:39,765 - database.storage_service - INFO - 成功保存股票信息: 920556
2026-02-15 22:51:39,766 - database.storage_service - INFO - 成功保存股票信息: 300633
2026-02-15 22:51:39,768 - database.storage_service - INFO - 成功保存股票信息: 002174
2026-02-15 22:51:39,769 - database.storage_service - INFO - 成功保存股票信息: 002642
2026-02-15 22:51:39,771 - database.storage_service - INFO - 成功保存股票信息: 603176
2026-02-15 22:51:39,772 - database.storage_service - INFO - 成功保存股票信息: 601901
2026-02-15 22:51:39,774 - database.storage_service - INFO - 成功保存股票信息: 300183
2026-02-15 22:51:39,776 - database.storage_service - INFO - 成功保存股票信息: 688087
2026-02-15 22:51:39,778 - database.storage_service - INFO - 成功保存股票信息: 301589
2026-02-15 22:51:39,779 - database.storage_service - INFO - 成功保存股票信息: 600903
2026-02-15 22:51:39,780 - database.storage_service - INFO - 成功保存股票信息: 002771
2026-02-15 22:51:39,781 - database.storage_service - INFO - 成功保存股票信息: 300867
2026-02-15 22:51:39,783 - database.storage_service - INFO - 成功保存股票信息: 603227
2026-02-15 22:51:39,784 - database.storage_service - INFO - 成功保存股票信息: 002005
2026-02-15 22:51:39,786 - database.storage_service - INFO - 成功保存股票信息: 920693
2026-02-15 22:51:39,788 - database.storage_service - INFO - 成功保存股票信息: 603501
2026-02-15 22:51:39,789 - database.storage_service - INFO - 成功保存股票信息: 300205
2026-02-15 22:51:39,791 - database.storage_service - INFO - 成功保存股票信息: 688136
2026-02-15 22:51:39,793 - database.storage_service - INFO - 成功保存股票信息: 300939
2026-02-15 22:51:39,794 - database.storage_service - INFO - 成功保存股票信息: 688590
2026-02-15 22:51:39,796 - database.storage_service - INFO - 成功保存股票信息: 688377
2026-02-15 22:51:39,797 - database.storage_service - INFO - 成功保存股票信息: 603004
2026-02-15 22:51:39,798 - database.storage_service - INFO - 成功保存股票信息: 000049
2026-02-15 22:51:39,800 - database.storage_service - INFO - 成功保存股票信息: 600654
2026-02-15 22:51:39,801 - database.storage_service - INFO - 成功保存股票信息: 603823
2026-02-15 22:51:39,804 - database.storage_service - INFO - 成功保存股票信息: 300919
2026-02-15 22:51:39,805 - database.storage_service - INFO - 成功保存股票信息: 300975
2026-02-15 22:51:39,806 - database.storage_service - INFO - 成功保存股票信息: 002430
2026-02-15 22:51:39,808 - database.storage_service - INFO - 成功保存股票信息: 601138
2026-02-15 22:51:39,809 - database.storage_service - INFO - 成功保存股票信息: 300041
2026-02-15 22:51:39,810 - database.storage_service - INFO - 成功保存股票信息: 600162
2026-02-15 22:51:39,812 - database.storage_service - INFO - 成功保存股票信息: 600771
2026-02-15 22:51:39,813 - database.storage_service - INFO - 成功保存股票信息: 601999
2026-02-15 22:51:39,814 - database.storage_service - INFO - 成功保存股票信息: 920407
2026-02-15 22:51:39,816 - database.storage_service - INFO - 成功保存股票信息: 605168
2026-02-15 22:51:39,817 - database.storage_service - INFO - 成功保存股票信息: 920108
2026-02-15 22:51:39,819 - database.storage_service - INFO - 成功保存股票信息: 002132
2026-02-15 22:51:39,820 - database.storage_service - INFO - 成功保存股票信息: 920252
2026-02-15 22:51:39,822 - database.storage_service - INFO - 成功保存股票信息: 600816
2026-02-15 22:51:39,823 - database.storage_service - INFO - 成功保存股票信息: 301288
2026-02-15 22:51:39,824 - database.storage_service - INFO - 成功保存股票信息: 300496
2026-02-15 22:51:39,825 - database.storage_service - INFO - 成功保存股票信息: 688531
2026-02-15 22:51:39,826 - database.storage_service - INFO - 成功保存股票信息: 601555
2026-02-15 22:51:39,828 - database.storage_service - INFO - 成功保存股票信息: 002010
2026-02-15 22:51:39,829 - database.storage_service - INFO - 成功保存股票信息: 601065
2026-02-15 22:51:39,830 - database.storage_service - INFO - 成功保存股票信息: 688788
2026-02-15 22:51:39,831 - database.storage_service - INFO - 成功保存股票信息: 002250
2026-02-15 22:51:39,832 - database.storage_service - INFO - 成功保存股票信息: 002259
2026-02-15 22:51:39,835 - database.storage_service - INFO - 成功保存股票信息: 301153
2026-02-15 22:51:39,837 - database.storage_service - INFO - 成功保存股票信息: 301015
2026-02-15 22:51:39,838 - database.storage_service - INFO - 成功保存股票信息: 301668
2026-02-15 22:51:39,839 - database.storage_service - INFO - 成功保存股票信息: 002029
2026-02-15 22:51:39,840 - database.storage_service - INFO - 成功保存股票信息: 601033
2026-02-15 22:51:39,842 - database.storage_service - INFO - 成功保存股票信息: 300787
2026-02-15 22:51:39,843 - database.storage_service - INFO - 成功保存股票信息: 300955
2026-02-15 22:51:39,844 - database.storage_service - INFO - 成功保存股票信息: 002440
2026-02-15 22:51:39,846 - database.storage_service - INFO - 成功保存股票信息: 002396
2026-02-15 22:51:39,847 - database.storage_service - INFO - 成功保存股票信息: 300795
2026-02-15 22:51:39,848 - database.storage_service - INFO - 成功保存股票信息: 002085
2026-02-15 22:51:39,849 - database.storage_service - INFO - 成功保存股票信息: 600794
2026-02-15 22:51:39,851 - database.storage_service - INFO - 成功保存股票信息: 301581
2026-02-15 22:51:39,853 - database.storage_service - INFO - 成功保存股票信息: 300525
2026-02-15 22:51:39,854 - database.storage_service - INFO - 成功保存股票信息: 600584
2026-02-15 22:51:39,855 - database.storage_service - INFO - 成功保存股票信息: 601860
2026-02-15 22:51:39,856 - database.storage_service - INFO - 成功保存股票信息: 600882
2026-02-15 22:51:39,858 - database.storage_service - INFO - 成功保存股票信息: 605162
2026-02-15 22:51:39,859 - database.storage_service - INFO - 成功保存股票信息: 001201
2026-02-15 22:51:39,860 - database.storage_service - INFO - 成功保存股票信息: 600062
2026-02-15 22:51:39,861 - database.storage_service - INFO - 成功保存股票信息: 601956
2026-02-15 22:51:39,862 - database.storage_service - INFO - 成功保存股票信息: 000410
2026-02-15 22:51:39,864 - database.storage_service - INFO - 成功保存股票信息: 601021
2026-02-15 22:51:39,865 - database.storage_service - INFO - 成功保存股票信息: 300561
2026-02-15 22:51:39,866 - database.storage_service - INFO - 成功保存股票信息: 003020
2026-02-15 22:51:39,867 - database.storage_service - INFO - 成功保存股票信息: 603931
2026-02-15 22:51:39,870 - database.storage_service - INFO - 成功保存股票信息: 600719
2026-02-15 22:51:39,871 - database.storage_service - INFO - 成功保存股票信息: 301535
2026-02-15 22:51:39,873 - database.storage_service - INFO - 成功保存股票信息: 300068
2026-02-15 22:51:39,874 - database.storage_service - INFO - 成功保存股票信息: 688795
2026-02-15 22:51:39,875 - database.storage_service - INFO - 成功保存股票信息: 601528
2026-02-15 22:51:39,877 - database.storage_service - INFO - 成功保存股票信息: 688068
2026-02-15 22:51:39,878 - database.storage_service - INFO - 成功保存股票信息: 000957
2026-02-15 22:51:39,879 - database.storage_service - INFO - 成功保存股票信息: 300679
2026-02-15 22:51:39,880 - database.storage_service - INFO - 成功保存股票信息: 300279
2026-02-15 22:51:39,881 - database.storage_service - INFO - 成功保存股票信息: 920810
2026-02-15 22:51:39,882 - database.storage_service - INFO - 成功保存股票信息: 688235
2026-02-15 22:51:39,884 - database.storage_service - INFO - 成功保存股票信息: 603266
2026-02-15 22:51:39,886 - database.storage_service - INFO - 成功保存股票信息: 603515
2026-02-15 22:51:39,888 - database.storage_service - INFO - 成功保存股票信息: 002700
2026-02-15 22:51:39,889 - database.storage_service - INFO - 成功保存股票信息: 600901
2026-02-15 22:51:39,890 - database.storage_service - INFO - 成功保存股票信息: 002537
2026-02-15 22:51:39,891 - database.storage_service - INFO - 成功保存股票信息: 605111
2026-02-15 22:51:39,893 - database.storage_service - INFO - 成功保存股票信息: 600741
2026-02-15 22:51:39,894 - database.storage_service - INFO - 成功保存股票信息: 300705
2026-02-15 22:51:39,895 - database.storage_service - INFO - 成功保存股票信息: 920914
2026-02-15 22:51:39,896 - database.storage_service - INFO - 成功保存股票信息: 600858
2026-02-15 22:51:39,897 - database.storage_service - INFO - 成功保存股票信息: 301237
2026-02-15 22:51:39,899 - database.storage_service - INFO - 成功保存股票信息: 300770
2026-02-15 22:51:39,900 - database.storage_service - INFO - 成功保存股票信息: 300896
2026-02-15 22:51:39,902 - database.storage_service - INFO - 成功保存股票信息: 600480
2026-02-15 22:51:39,903 - database.storage_service - INFO - 成功保存股票信息: 600557
2026-02-15 22:51:39,905 - database.storage_service - INFO - 成功保存股票信息: 301238
2026-02-15 22:51:39,906 - database.storage_service - INFO - 成功保存股票信息: 688202
2026-02-15 22:51:39,907 - database.storage_service - INFO - 成功保存股票信息: 300321
2026-02-15 22:51:39,908 - database.storage_service - INFO - 成功保存股票信息: 603877
2026-02-15 22:51:39,910 - database.storage_service - INFO - 成功保存股票信息: 300858
2026-02-15 22:51:39,911 - database.storage_service - INFO - 成功保存股票信息: 300953
2026-02-15 22:51:39,912 - database.storage_service - INFO - 成功保存股票信息: 605339
2026-02-15 22:51:39,913 - database.storage_service - INFO - 成功保存股票信息: 603681
2026-02-15 22:51:39,914 - database.storage_service - INFO - 成功保存股票信息: 301091
2026-02-15 22:51:39,916 - database.storage_service - INFO - 成功保存股票信息: 002886
2026-02-15 22:51:39,917 - database.storage_service - INFO - 成功保存股票信息: 603893
2026-02-15 22:51:39,919 - database.storage_service - INFO - 成功保存股票信息: 920351
2026-02-15 22:51:39,921 - database.storage_service - INFO - 成功保存股票信息: 002513
2026-02-15 22:51:39,922 - database.storage_service - INFO - 成功保存股票信息: 000403
2026-02-15 22:51:39,923 - database.storage_service - INFO - 成功保存股票信息: 300463
2026-02-15 22:51:39,924 - database.storage_service - INFO - 成功保存股票信息: 301289
2026-02-15 22:51:39,926 - database.storage_service - INFO - 成功保存股票信息: 600360
2026-02-15 22:51:39,927 - database.storage_service - INFO - 成功保存股票信息: 603087
2026-02-15 22:51:39,928 - database.storage_service - INFO - 成功保存股票信息: 600570
2026-02-15 22:51:39,929 - database.storage_service - INFO - 成功保存股票信息: 300384
2026-02-15 22:51:39,931 - database.storage_service - INFO - 成功保存股票信息: 002857
2026-02-15 22:51:39,932 - database.storage_service - INFO - 成功保存股票信息: 300233
2026-02-15 22:51:39,934 - database.storage_service - INFO - 成功保存股票信息: 300353
2026-02-15 22:51:39,935 - database.storage_service - INFO - 成功保存股票信息: 603882
2026-02-15 22:51:39,937 - database.storage_service - INFO - 成功保存股票信息: 600500
2026-02-15 22:51:39,938 - database.storage_service - INFO - 成功保存股票信息: 300582
2026-02-15 22:51:39,939 - database.storage_service - INFO - 成功保存股票信息: 603043
2026-02-15 22:51:39,941 - database.storage_service - INFO - 成功保存股票信息: 600496
2026-02-15 22:51:39,942 - database.storage_service - INFO - 成功保存股票信息: 300244
2026-02-15 22:51:39,943 - database.storage_service - INFO - 成功保存股票信息: 920478
2026-02-15 22:51:39,944 - database.storage_service - INFO - 成功保存股票信息: 600503
2026-02-15 22:51:39,946 - database.storage_service - INFO - 成功保存股票信息: 002368
2026-02-15 22:51:39,947 - database.storage_service - INFO - 成功保存股票信息: 601698
2026-02-15 22:51:39,948 - database.storage_service - INFO - 成功保存股票信息: 002795
2026-02-15 22:51:39,950 - database.storage_service - INFO - 成功保存股票信息: 001296
2026-02-15 22:51:39,951 - database.storage_service - INFO - 成功保存股票信息: 002216
2026-02-15 22:51:39,953 - database.storage_service - INFO - 成功保存股票信息: 301128
2026-02-15 22:51:39,954 - database.storage_service - INFO - 成功保存股票信息: 600420
2026-02-15 22:51:39,955 - database.storage_service - INFO - 成功保存股票信息: 603317
2026-02-15 22:51:39,956 - database.storage_service - INFO - 成功保存股票信息: 600196
2026-02-15 22:51:39,958 - database.storage_service - INFO - 成功保存股票信息: 000598
2026-02-15 22:51:39,959 - database.storage_service - INFO - 成功保存股票信息: 920476
2026-02-15 22:51:39,960 - database.storage_service - INFO - 成功保存股票信息: 603093
2026-02-15 22:51:39,961 - database.storage_service - INFO - 成功保存股票信息: 300322
2026-02-15 22:51:39,962 - database.storage_service - INFO - 成功保存股票信息: 603696
2026-02-15 22:51:39,964 - database.storage_service - INFO - 成功保存股票信息: 002298
2026-02-15 22:51:39,965 - database.storage_service - INFO - 成功保存股票信息: 301446
2026-02-15 22:51:39,966 - database.storage_service - INFO - 成功保存股票信息: 300335
2026-02-15 22:51:39,968 - database.storage_service - INFO - 成功保存股票信息: 002166
2026-02-15 22:51:39,969 - database.storage_service - INFO - 成功保存股票信息: 301069
2026-02-15 22:51:39,971 - database.storage_service - INFO - 成功保存股票信息: 601881
2026-02-15 22:51:39,972 - database.storage_service - INFO - 成功保存股票信息: 688208
2026-02-15 22:51:39,973 - database.storage_service - INFO - 成功保存股票信息: 300434
2026-02-15 22:51:39,974 - database.storage_service - INFO - 成功保存股票信息: 300996
2026-02-15 22:51:39,975 - database.storage_service - INFO - 成功保存股票信息: 300239
2026-02-15 22:51:39,977 - database.storage_service - INFO - 成功保存股票信息: 600234
2026-02-15 22:51:39,978 - database.storage_service - INFO - 成功保存股票信息: 600575
2026-02-15 22:51:39,979 - database.storage_service - INFO - 成功保存股票信息: 000547
2026-02-15 22:51:39,980 - database.storage_service - INFO - 成功保存股票信息: 605090
2026-02-15 22:51:39,982 - database.storage_service - INFO - 成功保存股票信息: 300441
2026-02-15 22:51:39,983 - database.storage_service - INFO - 成功保存股票信息: 002482
2026-02-15 22:51:39,985 - database.storage_service - INFO - 成功保存股票信息: 600674
2026-02-15 22:51:39,987 - database.storage_service - INFO - 成功保存股票信息: 605222
2026-02-15 22:51:39,988 - database.storage_service - INFO - 成功保存股票信息: 002673
2026-02-15 22:51:39,990 - database.storage_service - INFO - 成功保存股票信息: 002983
2026-02-15 22:51:39,991 - database.storage_service - INFO - 成功保存股票信息: 300438
2026-02-15 22:51:39,992 - database.storage_service - INFO - 成功保存股票信息: 001316
2026-02-15 22:51:39,993 - database.storage_service - INFO - 成功保存股票信息: 301329
2026-02-15 22:51:39,995 - database.storage_service - INFO - 成功保存股票信息: 301190
2026-02-15 22:51:39,996 - database.storage_service - INFO - 成功保存股票信息: 688019
2026-02-15 22:51:39,997 - database.storage_service - INFO - 成功保存股票信息: 920077
2026-02-15 22:51:39,998 - database.storage_service - INFO - 成功保存股票信息: 000068
2026-02-15 22:51:40,000 - database.storage_service - INFO - 成功保存股票信息: 600718
2026-02-15 22:51:40,002 - database.storage_service - INFO - 成功保存股票信息: 002561
2026-02-15 22:51:40,003 - database.storage_service - INFO - 成功保存股票信息: 688118
2026-02-15 22:51:40,004 - database.storage_service - INFO - 成功保存股票信息: 603676
2026-02-15 22:51:40,005 - database.storage_service - INFO - 成功保存股票信息: 688558
2026-02-15 22:51:40,007 - database.storage_service - INFO - 成功保存股票信息: 000990
2026-02-15 22:51:40,008 - database.storage_service - INFO - 成功保存股票信息: 688078
2026-02-15 22:51:40,009 - database.storage_service - INFO - 成功保存股票信息: 688119
2026-02-15 22:51:40,010 - database.storage_service - INFO - 成功保存股票信息: 002458
2026-02-15 22:51:40,012 - database.storage_service - INFO - 成功保存股票信息: 688080
2026-02-15 22:51:40,013 - database.storage_service - INFO - 成功保存股票信息: 920971
2026-02-15 22:51:40,014 - database.storage_service - INFO - 成功保存股票信息: 601798
2026-02-15 22:51:40,015 - database.storage_service - INFO - 成功保存股票信息: 688193
2026-02-15 22:51:40,016 - database.storage_service - INFO - 成功保存股票信息: 301371
2026-02-15 22:51:40,019 - database.storage_service - INFO - 成功保存股票信息: 002550
2026-02-15 22:51:40,020 - database.storage_service - INFO - 成功保存股票信息: 600998
2026-02-15 22:51:40,021 - database.storage_service - INFO - 成功保存股票信息: 300133
2026-02-15 22:51:40,023 - database.storage_service - INFO - 成功保存股票信息: 301584
2026-02-15 22:51:40,024 - database.storage_service - INFO - 成功保存股票信息: 000948
2026-02-15 22:51:40,025 - database.storage_service - INFO - 成功保存股票信息: 688345
2026-02-15 22:51:40,026 - database.storage_service - INFO - 成功保存股票信息: 605499
2026-02-15 22:51:40,028 - database.storage_service - INFO - 成功保存股票信息: 603817
2026-02-15 22:51:40,029 - database.storage_service - INFO - 成功保存股票信息: 301613
2026-02-15 22:51:40,030 - database.storage_service - INFO - 成功保存股票信息: 002120
2026-02-15 22:51:40,032 - database.storage_service - INFO - 成功保存股票信息: 600969
2026-02-15 22:51:40,033 - database.storage_service - INFO - 成功保存股票信息: 002500
2026-02-15 22:51:40,035 - database.storage_service - INFO - 成功保存股票信息: 000733
2026-02-15 22:51:40,037 - database.storage_service - INFO - 成功保存股票信息: 600118
2026-02-15 22:51:40,038 - database.storage_service - INFO - 成功保存股票信息: 601111
2026-02-15 22:51:40,039 - database.storage_service - INFO - 成功保存股票信息: 300674
2026-02-15 22:51:40,041 - database.storage_service - INFO - 成功保存股票信息: 000731
2026-02-15 22:51:40,042 - database.storage_service - INFO - 成功保存股票信息: 002104
2026-02-15 22:51:40,043 - database.storage_service - INFO - 成功保存股票信息: 603323
2026-02-15 22:51:40,044 - database.storage_service - INFO - 成功保存股票信息: 605003
2026-02-15 22:51:40,046 - database.storage_service - INFO - 成功保存股票信息: 920725
2026-02-15 22:51:40,047 - database.storage_service - INFO - 成功保存股票信息: 002593
2026-02-15 22:51:40,048 - database.storage_service - INFO - 成功保存股票信息: 002183
2026-02-15 22:51:40,049 - database.storage_service - INFO - 成功保存股票信息: 300636
2026-02-15 22:51:40,052 - database.storage_service - INFO - 成功保存股票信息: 603071
2026-02-15 22:51:40,054 - database.storage_service - INFO - 成功保存股票信息: 000570
2026-02-15 22:51:40,055 - database.storage_service - INFO - 成功保存股票信息: 600115
2026-02-15 22:51:40,057 - database.storage_service - INFO - 成功保存股票信息: 600873
2026-02-15 22:51:40,058 - database.storage_service - INFO - 成功保存股票信息: 600212
2026-02-15 22:51:40,060 - database.storage_service - INFO - 成功保存股票信息: 002727
2026-02-15 22:51:40,062 - database.storage_service - INFO - 成功保存股票信息: 603358
2026-02-15 22:51:40,064 - database.storage_service - INFO - 成功保存股票信息: 000633
2026-02-15 22:51:40,065 - database.storage_service - INFO - 成功保存股票信息: 603958
2026-02-15 22:51:40,066 - database.storage_service - INFO - 成功保存股票信息: 300337
2026-02-15 22:51:40,068 - database.storage_service - INFO - 成功保存股票信息: 603011
2026-02-15 22:51:40,071 - database.storage_service - INFO - 成功保存股票信息: 002194
2026-02-15 22:51:40,072 - database.storage_service - INFO - 成功保存股票信息: 600315
2026-02-15 22:51:40,073 - database.storage_service - INFO - 成功保存股票信息: 688289
2026-02-15 22:51:40,075 - database.storage_service - INFO - 成功保存股票信息: 688435
2026-02-15 22:51:40,076 - database.storage_service - INFO - 成功保存股票信息: 603613
2026-02-15 22:51:40,078 - database.storage_service - INFO - 成功保存股票信息: 002761
2026-02-15 22:51:40,079 - database.storage_service - INFO - 成功保存股票信息: 300804
2026-02-15 22:51:40,080 - database.storage_service - INFO - 成功保存股票信息: 688083
2026-02-15 22:51:40,082 - database.storage_service - INFO - 成功保存股票信息: 301079
2026-02-15 22:51:40,083 - database.storage_service - INFO - 成功保存股票信息: 002230
2026-02-15 22:51:40,086 - database.storage_service - INFO - 成功保存股票信息: 002919
2026-02-15 22:51:40,088 - database.storage_service - INFO - 成功保存股票信息: 600021
2026-02-15 22:51:40,090 - database.storage_service - INFO - 成功保存股票信息: 000725
2026-02-15 22:51:40,091 - database.storage_service - INFO - 成功保存股票信息: 002349
2026-02-15 22:51:40,093 - database.storage_service - INFO - 成功保存股票信息: 300423
2026-02-15 22:51:40,095 - database.storage_service - INFO - 成功保存股票信息: 601598
2026-02-15 22:51:40,097 - database.storage_service - INFO - 成功保存股票信息: 300642
2026-02-15 22:51:40,101 - database.storage_service - INFO - 成功保存股票信息: 000589
2026-02-15 22:51:40,105 - database.storage_service - INFO - 成功保存股票信息: 600363
2026-02-15 22:51:40,108 - database.storage_service - INFO - 成功保存股票信息: 000035
2026-02-15 22:51:40,109 - database.storage_service - INFO - 成功保存股票信息: 002437
2026-02-15 22:51:40,111 - database.storage_service - INFO - 成功保存股票信息: 601328
2026-02-15 22:51:40,112 - database.storage_service - INFO - 成功保存股票信息: 600120
2026-02-15 22:51:40,113 - database.storage_service - INFO - 成功保存股票信息: 002457
2026-02-15 22:51:40,114 - database.storage_service - INFO - 成功保存股票信息: 002454
2026-02-15 22:51:40,116 - database.storage_service - INFO - 成功保存股票信息: 920016
2026-02-15 22:51:40,117 - database.storage_service - INFO - 成功保存股票信息: 301378
2026-02-15 22:51:40,118 - database.storage_service - INFO - 成功保存股票信息: 603969
2026-02-15 22:51:40,120 - database.storage_service - INFO - 成功保存股票信息: 300930
2026-02-15 22:51:40,121 - database.storage_service - INFO - 成功保存股票信息: 600877
2026-02-15 22:51:40,122 - database.storage_service - INFO - 成功保存股票信息: 002020
2026-02-15 22:51:40,126 - database.storage_service - INFO - 成功保存股票信息: 603897
2026-02-15 22:51:40,127 - database.storage_service - INFO - 成功保存股票信息: 300760
2026-02-15 22:51:40,128 - database.storage_service - INFO - 成功保存股票信息: 002662
2026-02-15 22:51:40,130 - database.storage_service - INFO - 成功保存股票信息: 002755
2026-02-15 22:51:40,131 - database.storage_service - INFO - 成功保存股票信息: 605365
2026-02-15 22:51:40,132 - database.storage_service - INFO - 成功保存股票信息: 002959
2026-02-15 22:51:40,133 - database.storage_service - INFO - 成功保存股票信息: 002675
2026-02-15 22:51:40,135 - database.storage_service - INFO - 成功保存股票信息: 301622
2026-02-15 22:51:40,136 - database.storage_service - INFO - 成功保存股票信息: 000997
2026-02-15 22:51:40,137 - database.storage_service - INFO - 成功保存股票信息: 603606
2026-02-15 22:51:40,139 - database.storage_service - INFO - 成功保存股票信息: 000557
2026-02-15 22:51:40,141 - database.storage_service - INFO - 成功保存股票信息: 601099
2026-02-15 22:51:40,142 - database.storage_service - INFO - 成功保存股票信息: 920634
2026-02-15 22:51:40,144 - database.storage_service - INFO - 成功保存股票信息: 600731
2026-02-15 22:51:40,146 - database.storage_service - INFO - 成功保存股票信息: 001337
2026-02-15 22:51:40,148 - database.storage_service - INFO - 成功保存股票信息: 301066
2026-02-15 22:51:40,150 - database.storage_service - INFO - 成功保存股票信息: 002244
2026-02-15 22:51:40,151 - database.storage_service - INFO - 成功保存股票信息: 002867
2026-02-15 22:51:40,153 - database.storage_service - INFO - 成功保存股票信息: 603039
2026-02-15 22:51:40,154 - database.storage_service - INFO - 成功保存股票信息: 002390
2026-02-15 22:51:40,156 - database.storage_service - INFO - 成功保存股票信息: 300720
2026-02-15 22:51:40,158 - database.storage_service - INFO - 成功保存股票信息: 300382
2026-02-15 22:51:40,160 - database.storage_service - INFO - 成功保存股票信息: 600755
2026-02-15 22:51:40,161 - database.storage_service - INFO - 成功保存股票信息: 688595
2026-02-15 22:51:40,162 - database.storage_service - INFO - 成功保存股票信息: 002294
2026-02-15 22:51:40,164 - database.storage_service - INFO - 成功保存股票信息: 688562
2026-02-15 22:51:40,165 - database.storage_service - INFO - 成功保存股票信息: 605169
2026-02-15 22:51:40,166 - database.storage_service - INFO - 成功保存股票信息: 603569
2026-02-15 22:51:40,167 - database.storage_service - INFO - 成功保存股票信息: 000829
2026-02-15 22:51:40,169 - database.storage_service - INFO - 成功保存股票信息: 688248
2026-02-15 22:51:40,171 - database.storage_service - INFO - 成功保存股票信息: 002108
2026-02-15 22:51:40,172 - database.storage_service - INFO - 成功保存股票信息: 689009
2026-02-15 22:51:40,173 - database.storage_service - INFO - 成功保存股票信息: 601816
2026-02-15 22:51:40,175 - database.storage_service - INFO - 成功保存股票信息: 688765
2026-02-15 22:51:40,176 - database.storage_service - INFO - 成功保存股票信息: 688366
2026-02-15 22:51:40,177 - database.storage_service - INFO - 成功保存股票信息: 301016
2026-02-15 22:51:40,179 - database.storage_service - INFO - 成功保存股票信息: 002626
2026-02-15 22:51:40,180 - database.storage_service - INFO - 成功保存股票信息: 002161
2026-02-15 22:51:40,181 - database.storage_service - INFO - 成功保存股票信息: 002631
2026-02-15 22:51:40,182 - database.storage_service - INFO - 成功保存股票信息: 600246
2026-02-15 22:51:40,184 - database.storage_service - INFO - 成功保存股票信息: 300507
2026-02-15 22:51:40,186 - database.storage_service - INFO - 成功保存股票信息: 600827
2026-02-15 22:51:40,187 - database.storage_service - INFO - 成功保存股票信息: 002003
2026-02-15 22:51:40,188 - database.storage_service - INFO - 成功保存股票信息: 002146
2026-02-15 22:51:40,190 - database.storage_service - INFO - 成功保存股票信息: 000901
2026-02-15 22:51:40,191 - database.storage_service - INFO - 成功保存股票信息: 688253
2026-02-15 22:51:40,192 - database.storage_service - INFO - 成功保存股票信息: 601718
2026-02-15 22:51:40,193 - database.storage_service - INFO - 成功保存股票信息: 301080
2026-02-15 22:51:40,195 - database.storage_service - INFO - 成功保存股票信息: 603332
2026-02-15 22:51:40,196 - database.storage_service - INFO - 成功保存股票信息: 600094
2026-02-15 22:51:40,197 - database.storage_service - INFO - 成功保存股票信息: 600745
2026-02-15 22:51:40,198 - database.storage_service - INFO - 成功保存股票信息: 002065
2026-02-15 22:51:40,200 - database.storage_service - INFO - 成功保存股票信息: 300987
2026-02-15 22:51:40,202 - database.storage_service - INFO - 成功保存股票信息: 600720
2026-02-15 22:51:40,204 - database.storage_service - INFO - 成功保存股票信息: 002319
2026-02-15 22:51:40,205 - database.storage_service - INFO - 成功保存股票信息: 603328
2026-02-15 22:51:40,206 - database.storage_service - INFO - 成功保存股票信息: 600322
2026-02-15 22:51:40,207 - database.storage_service - INFO - 成功保存股票信息: 603229
2026-02-15 22:51:40,209 - database.storage_service - INFO - 成功保存股票信息: 301067
2026-02-15 22:51:40,210 - database.storage_service - INFO - 成功保存股票信息: 688768
2026-02-15 22:51:40,211 - database.storage_service - INFO - 成功保存股票信息: 603833
2026-02-15 22:51:40,213 - database.storage_service - INFO - 成功保存股票信息: 000958
2026-02-15 22:51:40,214 - database.storage_service - INFO - 成功保存股票信息: 603215
2026-02-15 22:51:40,216 - database.storage_service - INFO - 成功保存股票信息: 603858
2026-02-15 22:51:40,218 - database.storage_service - INFO - 成功保存股票信息: 002061
2026-02-15 22:51:40,219 - database.storage_service - INFO - 成功保存股票信息: 000619
2026-02-15 22:51:40,221 - database.storage_service - INFO - 成功保存股票信息: 002910
2026-02-15 22:51:40,223 - database.storage_service - INFO - 成功保存股票信息: 600643
2026-02-15 22:51:40,226 - database.storage_service - INFO - 成功保存股票信息: 301073
2026-02-15 22:51:40,227 - database.storage_service - INFO - 成功保存股票信息: 601702
2026-02-15 22:51:40,229 - database.storage_service - INFO - 成功保存股票信息: 301419
2026-02-15 22:51:40,230 - database.storage_service - INFO - 成功保存股票信息: 002311
2026-02-15 22:51:40,231 - database.storage_service - INFO - 成功保存股票信息: 002095
2026-02-15 22:51:40,233 - database.storage_service - INFO - 成功保存股票信息: 002245
2026-02-15 22:51:40,234 - database.storage_service - INFO - 成功保存股票信息: 600171
2026-02-15 22:51:40,237 - database.storage_service - INFO - 成功保存股票信息: 300171
2026-02-15 22:51:40,238 - database.storage_service - INFO - 成功保存股票信息: 300070
2026-02-15 22:51:40,239 - database.storage_service - INFO - 成功保存股票信息: 002856
2026-02-15 22:51:40,241 - database.storage_service - INFO - 成功保存股票信息: 001400
2026-02-15 22:51:40,242 - database.storage_service - INFO - 成功保存股票信息: 600640
2026-02-15 22:51:40,243 - database.storage_service - INFO - 成功保存股票信息: 300990
2026-02-15 22:51:40,245 - database.storage_service - INFO - 成功保存股票信息: 600859
2026-02-15 22:51:40,246 - database.storage_service - INFO - 成功保存股票信息: 688128
2026-02-15 22:51:40,248 - database.storage_service - INFO - 成功保存股票信息: 601939
2026-02-15 22:51:40,249 - database.storage_service - INFO - 成功保存股票信息: 920122
2026-02-15 22:51:40,252 - database.storage_service - INFO - 成功保存股票信息: 000554
2026-02-15 22:51:40,254 - database.storage_service - INFO - 成功保存股票信息: 300529
2026-02-15 22:51:40,257 - database.storage_service - INFO - 成功保存股票信息: 600266
2026-02-15 22:51:40,259 - database.storage_service - INFO - 成功保存股票信息: 002418
2026-02-15 22:51:40,261 - database.storage_service - INFO - 成功保存股票信息: 301206
2026-02-15 22:51:40,262 - database.storage_service - INFO - 成功保存股票信息: 688041
2026-02-15 22:51:40,263 - database.storage_service - INFO - 成功保存股票信息: 600808
2026-02-15 22:51:40,265 - database.storage_service - INFO - 成功保存股票信息: 603211
2026-02-15 22:51:40,266 - database.storage_service - INFO - 成功保存股票信息: 920130
2026-02-15 22:51:40,267 - database.storage_service - INFO - 成功保存股票信息: 688578
2026-02-15 22:51:40,269 - database.storage_service - INFO - 成功保存股票信息: 002055
2026-02-15 22:51:40,271 - database.storage_service - INFO - 成功保存股票信息: 603992
2026-02-15 22:51:40,272 - database.storage_service - INFO - 成功保存股票信息: 600815
2026-02-15 22:51:40,274 - database.storage_service - INFO - 成功保存股票信息: 300481
2026-02-15 22:51:40,275 - database.storage_service - INFO - 成功保存股票信息: 600192
2026-02-15 22:51:40,276 - database.storage_service - INFO - 成功保存股票信息: 603970
2026-02-15 22:51:40,278 - database.storage_service - INFO - 成功保存股票信息: 300319
2026-02-15 22:51:40,279 - database.storage_service - INFO - 成功保存股票信息: 600239
2026-02-15 22:51:40,280 - database.storage_service - INFO - 成功保存股票信息: 002025
2026-02-15 22:51:40,281 - database.storage_service - INFO - 成功保存股票信息: 603790
2026-02-15 22:51:40,283 - database.storage_service - INFO - 成功保存股票信息: 601198
2026-02-15 22:51:40,285 - database.storage_service - INFO - 成功保存股票信息: 000698
2026-02-15 22:51:40,286 - database.storage_service - INFO - 成功保存股票信息: 688692
2026-02-15 22:51:40,288 - database.storage_service - INFO - 成功保存股票信息: 301118
2026-02-15 22:51:40,289 - database.storage_service - INFO - 成功保存股票信息: 600715
2026-02-15 22:51:40,290 - database.storage_service - INFO - 成功保存股票信息: 002243
2026-02-15 22:51:40,291 - database.storage_service - INFO - 成功保存股票信息: 002923
2026-02-15 22:51:40,293 - database.storage_service - INFO - 成功保存股票信息: 603668
2026-02-15 22:51:40,294 - database.storage_service - INFO - 成功保存股票信息: 600502
2026-02-15 22:51:40,295 - database.storage_service - INFO - 成功保存股票信息: 600628
2026-02-15 22:51:40,297 - database.storage_service - INFO - 成功保存股票信息: 002024
2026-02-15 22:51:40,298 - database.storage_service - INFO - 成功保存股票信息: 002792
2026-02-15 22:51:40,299 - database.storage_service - INFO - 成功保存股票信息: 605166
2026-02-15 22:51:40,301 - database.storage_service - INFO - 成功保存股票信息: 688371
2026-02-15 22:51:40,303 - database.storage_service - INFO - 成功保存股票信息: 600233
2026-02-15 22:51:40,304 - database.storage_service - INFO - 成功保存股票信息: 600797
2026-02-15 22:51:40,305 - database.storage_service - INFO - 成功保存股票信息: 300047
2026-02-15 22:51:40,306 - database.storage_service - INFO - 成功保存股票信息: 688016
2026-02-15 22:51:40,308 - database.storage_service - INFO - 成功保存股票信息: 002451
2026-02-15 22:51:40,309 - database.storage_service - INFO - 成功保存股票信息: 688196
2026-02-15 22:51:40,310 - database.storage_service - INFO - 成功保存股票信息: 301522
2026-02-15 22:51:40,311 - database.storage_service - INFO - 成功保存股票信息: 600100
2026-02-15 22:51:40,313 - database.storage_service - INFO - 成功保存股票信息: 920779
2026-02-15 22:51:40,314 - database.storage_service - INFO - 成功保存股票信息: 300059
2026-02-15 22:51:40,315 - database.storage_service - INFO - 成功保存股票信息: 300241
2026-02-15 22:51:40,316 - database.storage_service - INFO - 成功保存股票信息: 000019
2026-02-15 22:51:40,318 - database.storage_service - INFO - 成功保存股票信息: 600059
2026-02-15 22:51:40,320 - database.storage_service - INFO - 成功保存股票信息: 688114
2026-02-15 22:51:40,321 - database.storage_service - INFO - 成功保存股票信息: 603098
2026-02-15 22:51:40,322 - database.storage_service - INFO - 成功保存股票信息: 600588
2026-02-15 22:51:40,323 - database.storage_service - INFO - 成功保存股票信息: 688737
2026-02-15 22:51:40,324 - database.storage_service - INFO - 成功保存股票信息: 001215
2026-02-15 22:51:40,326 - database.storage_service - INFO - 成功保存股票信息: 000813
2026-02-15 22:51:40,327 - database.storage_service - INFO - 成功保存股票信息: 300593
2026-02-15 22:51:40,328 - database.storage_service - INFO - 成功保存股票信息: 300791
2026-02-15 22:51:40,329 - database.storage_service - INFO - 成功保存股票信息: 300003
2026-02-15 22:51:40,331 - database.storage_service - INFO - 成功保存股票信息: 002141
2026-02-15 22:51:40,332 - database.storage_service - INFO - 成功保存股票信息: 301196
2026-02-15 22:51:40,333 - database.storage_service - INFO - 成功保存股票信息: 603271
2026-02-15 22:51:40,335 - database.storage_service - INFO - 成功保存股票信息: 300467
2026-02-15 22:51:40,337 - database.storage_service - INFO - 成功保存股票信息: 002426
2026-02-15 22:51:40,338 - database.storage_service - INFO - 成功保存股票信息: 002788
2026-02-15 22:51:40,339 - database.storage_service - INFO - 成功保存股票信息: 300685
2026-02-15 22:51:40,340 - database.storage_service - INFO - 成功保存股票信息: 003816
2026-02-15 22:51:40,341 - database.storage_service - INFO - 成功保存股票信息: 002686
2026-02-15 22:51:40,343 - database.storage_service - INFO - 成功保存股票信息: 603315
2026-02-15 22:51:40,344 - database.storage_service - INFO - 成功保存股票信息: 002639
2026-02-15 22:51:40,345 - database.storage_service - INFO - 成功保存股票信息: 002543
2026-02-15 22:51:40,346 - database.storage_service - INFO - 成功保存股票信息: 002249
2026-02-15 22:51:40,348 - database.storage_service - INFO - 成功保存股票信息: 605488
2026-02-15 22:51:40,349 - database.storage_service - INFO - 成功保存股票信息: 605305
2026-02-15 22:51:40,350 - database.storage_service - INFO - 成功保存股票信息: 601163
2026-02-15 22:51:40,352 - database.storage_service - INFO - 成功保存股票信息: 600423
2026-02-15 22:51:40,354 - database.storage_service - INFO - 成功保存股票信息: 002554
2026-02-15 22:51:40,355 - database.storage_service - INFO - 成功保存股票信息: 603055
2026-02-15 22:51:40,356 - database.storage_service - INFO - 成功保存股票信息: 300223
2026-02-15 22:51:40,357 - database.storage_service - INFO - 成功保存股票信息: 688382
2026-02-15 22:51:40,359 - database.storage_service - INFO - 成功保存股票信息: 002049
2026-02-15 22:51:40,360 - database.storage_service - INFO - 成功保存股票信息: 002151
2026-02-15 22:51:40,362 - database.storage_service - INFO - 成功保存股票信息: 603866
2026-02-15 22:51:40,363 - database.storage_service - INFO - 成功保存股票信息: 600483
2026-02-15 22:51:40,364 - database.storage_service - INFO - 成功保存股票信息: 301021
2026-02-15 22:51:40,365 - database.storage_service - INFO - 成功保存股票信息: 688272
2026-02-15 22:51:40,367 - database.storage_service - INFO - 成功保存股票信息: 002573
2026-02-15 22:51:40,369 - database.storage_service - INFO - 成功保存股票信息: 600702
2026-02-15 22:51:40,370 - database.storage_service - INFO - 成功保存股票信息: 601500
2026-02-15 22:51:40,372 - database.storage_service - INFO - 成功保存股票信息: 600369
2026-02-15 22:51:40,373 - database.storage_service - INFO - 成功保存股票信息: 300404
2026-02-15 22:51:40,374 - database.storage_service - INFO - 成功保存股票信息: 002019
2026-02-15 22:51:40,375 - database.storage_service - INFO - 成功保存股票信息: 603370
2026-02-15 22:51:40,376 - database.storage_service - INFO - 成功保存股票信息: 300627
2026-02-15 22:51:40,378 - database.storage_service - INFO - 成功保存股票信息: 301090
2026-02-15 22:51:40,379 - database.storage_service - INFO - 成功保存股票信息: 601200
2026-02-15 22:51:40,380 - database.storage_service - INFO - 成功保存股票信息: 301078
2026-02-15 22:51:40,381 - database.storage_service - INFO - 成功保存股票信息: 300639
2026-02-15 22:51:40,383 - database.storage_service - INFO - 成功保存股票信息: 002409
2026-02-15 22:51:40,384 - database.storage_service - INFO - 成功保存股票信息: 002551
2026-02-15 22:51:40,386 - database.storage_service - INFO - 成功保存股票信息: 920699
2026-02-15 22:51:40,387 - database.storage_service - INFO - 成功保存股票信息: 601618
2026-02-15 22:51:40,389 - database.storage_service - INFO - 成功保存股票信息: 301175
2026-02-15 22:51:40,390 - database.storage_service - INFO - 成功保存股票信息: 000926
2026-02-15 22:51:40,391 - database.storage_service - INFO - 成功保存股票信息: 600255
2026-02-15 22:51:40,392 - database.storage_service - INFO - 成功保存股票信息: 000088
2026-02-15 22:51:40,394 - database.storage_service - INFO - 成功保存股票信息: 301345
2026-02-15 22:51:40,395 - database.storage_service - INFO - 成功保存股票信息: 603220
2026-02-15 22:51:40,396 - database.storage_service - INFO - 成功保存股票信息: 002131
2026-02-15 22:51:40,397 - database.storage_service - INFO - 成功保存股票信息: 603856
2026-02-15 22:51:40,399 - database.storage_service - INFO - 成功保存股票信息: 003026
2026-02-15 22:51:40,400 - database.storage_service - INFO - 成功保存股票信息: 688639
2026-02-15 22:51:40,402 - database.storage_service - INFO - 成功保存股票信息: 000728
2026-02-15 22:51:40,403 - database.storage_service - INFO - 成功保存股票信息: 002215
2026-02-15 22:51:40,405 - database.storage_service - INFO - 成功保存股票信息: 002278
2026-02-15 22:51:40,406 - database.storage_service - INFO - 成功保存股票信息: 688677
2026-02-15 22:51:40,407 - database.storage_service - INFO - 成功保存股票信息: 301267
2026-02-15 22:51:40,408 - database.storage_service - INFO - 成功保存股票信息: 000755
2026-02-15 22:51:40,410 - database.storage_service - INFO - 成功保存股票信息: 000686
2026-02-15 22:51:40,411 - database.storage_service - INFO - 成功保存股票信息: 600033
2026-02-15 22:51:40,412 - database.storage_service - INFO - 成功保存股票信息: 300634
2026-02-15 22:51:40,413 - database.storage_service - INFO - 成功保存股票信息: 600185
2026-02-15 22:51:40,414 - database.storage_service - INFO - 成功保存股票信息: 002956
2026-02-15 22:51:40,416 - database.storage_service - INFO - 成功保存股票信息: 000897
2026-02-15 22:51:40,417 - database.storage_service - INFO - 成功保存股票信息: 002987
2026-02-15 22:51:40,419 - database.storage_service - INFO - 成功保存股票信息: 688081
2026-02-15 22:51:40,421 - database.storage_service - INFO - 成功保存股票信息: 300320
2026-02-15 22:51:40,422 - database.storage_service - INFO - 成功保存股票信息: 002273
2026-02-15 22:51:40,423 - database.storage_service - INFO - 成功保存股票信息: 600693
2026-02-15 22:51:40,424 - database.storage_service - INFO - 成功保存股票信息: 002773
2026-02-15 22:51:40,426 - database.storage_service - INFO - 成功保存股票信息: 600908
2026-02-15 22:51:40,427 - database.storage_service - INFO - 成功保存股票信息: 000969
2026-02-15 22:51:40,428 - database.storage_service - INFO - 成功保存股票信息: 002547
2026-02-15 22:51:40,429 - database.storage_service - INFO - 成功保存股票信息: 605319
2026-02-15 22:51:40,430 - database.storage_service - INFO - 成功保存股票信息: 000597
2026-02-15 22:51:40,432 - database.storage_service - INFO - 成功保存股票信息: 600375
2026-02-15 22:51:40,433 - database.storage_service - INFO - 成功保存股票信息: 920834
2026-02-15 22:51:40,434 - database.storage_service - INFO - 成功保存股票信息: 002664
2026-02-15 22:51:40,436 - database.storage_service - INFO - 成功保存股票信息: 301138
2026-02-15 22:51:40,438 - database.storage_service - INFO - 成功保存股票信息: 601900
2026-02-15 22:51:40,440 - database.storage_service - INFO - 成功保存股票信息: 605507
2026-02-15 22:51:40,441 - database.storage_service - INFO - 成功保存股票信息: 688619
2026-02-15 22:51:40,443 - database.storage_service - INFO - 成功保存股票信息: 601208
2026-02-15 22:51:40,444 - database.storage_service - INFO - 成功保存股票信息: 688221
2026-02-15 22:51:40,445 - database.storage_service - INFO - 成功保存股票信息: 000593
2026-02-15 22:51:40,447 - database.storage_service - INFO - 成功保存股票信息: 301327
2026-02-15 22:51:40,448 - database.storage_service - INFO - 成功保存股票信息: 301110
2026-02-15 22:51:40,449 - database.storage_service - INFO - 成功保存股票信息: 002973
2026-02-15 22:51:40,451 - database.storage_service - INFO - 成功保存股票信息: 600845
2026-02-15 22:51:40,452 - database.storage_service - INFO - 成功保存股票信息: 002960
2026-02-15 22:51:40,454 - database.storage_service - INFO - 成功保存股票信息: 920682
2026-02-15 22:51:40,456 - database.storage_service - INFO - 成功保存股票信息: 920128
2026-02-15 22:51:40,457 - database.storage_service - INFO - 成功保存股票信息: 300402
2026-02-15 22:51:40,459 - database.storage_service - INFO - 成功保存股票信息: 000785
2026-02-15 22:51:40,460 - database.storage_service - INFO - 成功保存股票信息: 688802
2026-02-15 22:51:40,461 - database.storage_service - INFO - 成功保存股票信息: 600300
2026-02-15 22:51:40,463 - database.storage_service - INFO - 成功保存股票信息: 688606
2026-02-15 22:51:40,464 - database.storage_service - INFO - 成功保存股票信息: 002484
2026-02-15 22:51:40,465 - database.storage_service - INFO - 成功保存股票信息: 300102
2026-02-15 22:51:40,466 - database.storage_service - INFO - 成功保存股票信息: 688750
2026-02-15 22:51:40,467 - database.storage_service - INFO - 成功保存股票信息: 300703
2026-02-15 22:51:40,469 - database.storage_service - INFO - 成功保存股票信息: 600206
2026-02-15 22:51:40,470 - database.storage_service - INFO - 成功保存股票信息: 688505
2026-02-15 22:51:40,495 - database.storage_service - INFO - 成功保存股票信息: 301133
2026-02-15 22:51:40,516 - database.storage_service - INFO - 成功保存股票信息: 300228
2026-02-15 22:51:40,524 - database.storage_service - INFO - 成功保存股票信息: 600820
2026-02-15 22:51:40,526 - database.storage_service - INFO - 成功保存股票信息: 301159
2026-02-15 22:51:40,528 - database.storage_service - INFO - 成功保存股票信息: 300031
2026-02-15 22:51:40,531 - database.storage_service - INFO - 成功保存股票信息: 300033
2026-02-15 22:51:40,540 - database.storage_service - INFO - 成功保存股票信息: 300231
2026-02-15 22:51:40,545 - database.storage_service - INFO - 成功保存股票信息: 300773
2026-02-15 22:51:40,546 - database.storage_service - INFO - 成功保存股票信息: 600800
2026-02-15 22:51:40,548 - database.storage_service - INFO - 成功保存股票信息: 002114
2026-02-15 22:51:40,549 - database.storage_service - INFO - 成功保存股票信息: 300433
2026-02-15 22:51:40,550 - database.storage_service - INFO - 成功保存股票信息: 300573
2026-02-15 22:51:40,552 - database.storage_service - INFO - 成功保存股票信息: 002255
2026-02-15 22:51:40,554 - database.storage_service - INFO - 成功保存股票信息: 600418
2026-02-15 22:51:40,555 - database.storage_service - INFO - 成功保存股票信息: 603025
2026-02-15 22:51:40,556 - database.storage_service - INFO - 成功保存股票信息: 000028
2026-02-15 22:51:40,558 - database.storage_service - INFO - 成功保存股票信息: 600380
2026-02-15 22:51:40,559 - database.storage_service - INFO - 成功保存股票信息: 002279
2026-02-15 22:51:40,560 - database.storage_service - INFO - 成功保存股票信息: 600622
2026-02-15 22:51:40,561 - database.storage_service - INFO - 成功保存股票信息: 002423
2026-02-15 22:51:40,562 - database.storage_service - INFO - 成功保存股票信息: 301048
2026-02-15 22:51:40,564 - database.storage_service - INFO - 成功保存股票信息: 688357
2026-02-15 22:51:40,565 - database.storage_service - INFO - 成功保存股票信息: 301028
2026-02-15 22:51:40,566 - database.storage_service - INFO - 成功保存股票信息: 300146
2026-02-15 22:51:40,568 - database.storage_service - INFO - 成功保存股票信息: 300850
2026-02-15 22:51:40,569 - database.storage_service - INFO - 成功保存股票信息: 688683
2026-02-15 22:51:40,571 - database.storage_service - INFO - 成功保存股票信息: 605080
2026-02-15 22:51:40,573 - database.storage_service - INFO - 成功保存股票信息: 688733
2026-02-15 22:51:40,575 - database.storage_service - INFO - 成功保存股票信息: 002149
2026-02-15 22:51:40,576 - database.storage_service - INFO - 成功保存股票信息: 603995
2026-02-15 22:51:40,577 - database.storage_service - INFO - 成功保存股票信息: 000402
2026-02-15 22:51:40,579 - database.storage_service - INFO - 成功保存股票信息: 000429
2026-02-15 22:51:40,580 - database.storage_service - INFO - 成功保存股票信息: 600406
2026-02-15 22:51:40,581 - database.storage_service - INFO - 成功保存股票信息: 600657
2026-02-15 22:51:40,582 - database.storage_service - INFO - 成功保存股票信息: 600248
2026-02-15 22:51:40,583 - database.storage_service - INFO - 成功保存股票信息: 301503
2026-02-15 22:51:40,585 - database.storage_service - INFO - 成功保存股票信息: 301608
2026-02-15 22:51:40,587 - database.storage_service - INFO - 成功保存股票信息: 600648
2026-02-15 22:51:40,589 - database.storage_service - INFO - 成功保存股票信息: 600331
2026-02-15 22:51:40,590 - database.storage_service - INFO - 成功保存股票信息: 600060
2026-02-15 22:51:40,591 - database.storage_service - INFO - 成功保存股票信息: 002103
2026-02-15 22:51:40,592 - database.storage_service - INFO - 成功保存股票信息: 601766
2026-02-15 22:51:40,593 - database.storage_service - INFO - 成功保存股票信息: 920445
2026-02-15 22:51:40,595 - database.storage_service - INFO - 成功保存股票信息: 301548
2026-02-15 22:51:40,596 - database.storage_service - INFO - 成功保存股票信息: 603109
2026-02-15 22:51:40,597 - database.storage_service - INFO - 成功保存股票信息: 688608
2026-02-15 22:51:40,598 - database.storage_service - INFO - 成功保存股票信息: 300712
2026-02-15 22:51:40,599 - database.storage_service - INFO - 成功保存股票信息: 603518
2026-02-15 22:51:40,601 - database.storage_service - INFO - 成功保存股票信息: 301323
2026-02-15 22:51:40,603 - database.storage_service - INFO - 成功保存股票信息: 002701
2026-02-15 22:51:40,605 - database.storage_service - INFO - 成功保存股票信息: 000751
2026-02-15 22:51:40,606 - database.storage_service - INFO - 成功保存股票信息: 603408
2026-02-15 22:51:40,608 - database.storage_service - INFO - 成功保存股票信息: 000563
2026-02-15 22:51:40,609 - database.storage_service - INFO - 成功保存股票信息: 003039
2026-02-15 22:51:40,610 - database.storage_service - INFO - 成功保存股票信息: 002078
2026-02-15 22:51:40,611 - database.storage_service - INFO - 成功保存股票信息: 300077
2026-02-15 22:51:40,612 - database.storage_service - INFO - 成功保存股票信息: 002100
2026-02-15 22:51:40,614 - database.storage_service - INFO - 成功保存股票信息: 688363
2026-02-15 22:51:40,615 - database.storage_service - INFO - 成功保存股票信息: 600027
2026-02-15 22:51:40,616 - database.storage_service - INFO - 成功保存股票信息: 002738
2026-02-15 22:51:40,617 - database.storage_service - INFO - 成功保存股票信息: 002234
2026-02-15 22:51:40,619 - database.storage_service - INFO - 成功保存股票信息: 000722
2026-02-15 22:51:40,621 - database.storage_service - INFO - 成功保存股票信息: 688379
2026-02-15 22:51:40,622 - database.storage_service - INFO - 成功保存股票信息: 600269
2026-02-15 22:51:40,624 - database.storage_service - INFO - 成功保存股票信息: 002793
2026-02-15 22:51:40,625 - database.storage_service - INFO - 成功保存股票信息: 600421
2026-02-15 22:51:40,626 - database.storage_service - INFO - 成功保存股票信息: 603070
2026-02-15 22:51:40,627 - database.storage_service - INFO - 成功保存股票信息: 300246
2026-02-15 22:51:40,629 - database.storage_service - INFO - 成功保存股票信息: 000881
2026-02-15 22:51:40,630 - database.storage_service - INFO - 成功保存股票信息: 300130
2026-02-15 22:51:40,631 - database.storage_service - INFO - 成功保存股票信息: 000937
2026-02-15 22:51:40,632 - database.storage_service - INFO - 成功保存股票信息: 300559
2026-02-15 22:51:40,633 - database.storage_service - INFO - 成功保存股票信息: 000750
2026-02-15 22:51:40,635 - database.storage_service - INFO - 成功保存股票信息: 002871
2026-02-15 22:51:40,637 - database.storage_service - INFO - 成功保存股票信息: 002501
2026-02-15 22:51:40,638 - database.storage_service - INFO - 成功保存股票信息: 603825
2026-02-15 22:51:40,639 - database.storage_service - INFO - 成功保存股票信息: 688185
2026-02-15 22:51:40,640 - database.storage_service - INFO - 成功保存股票信息: 603233
2026-02-15 22:51:40,642 - database.storage_service - INFO - 成功保存股票信息: 600007
2026-02-15 22:51:40,643 - database.storage_service - INFO - 成功保存股票信息: 000513
2026-02-15 22:51:40,644 - database.storage_service - INFO - 成功保存股票信息: 002753
2026-02-15 22:51:40,645 - database.storage_service - INFO - 成功保存股票信息: 603977
2026-02-15 22:51:40,647 - database.storage_service - INFO - 成功保存股票信息: 600210
2026-02-15 22:51:40,648 - database.storage_service - INFO - 成功保存股票信息: 688009
2026-02-15 22:51:40,650 - database.storage_service - INFO - 成功保存股票信息: 001213
2026-02-15 22:51:40,651 - database.storage_service - INFO - 成功保存股票信息: 920075
2026-02-15 22:51:40,653 - database.storage_service - INFO - 成功保存股票信息: 000729
2026-02-15 22:51:40,655 - database.storage_service - INFO - 成功保存股票信息: 300856
2026-02-15 22:51:40,656 - database.storage_service - INFO - 成功保存股票信息: 600230
2026-02-15 22:51:40,657 - database.storage_service - INFO - 成功保存股票信息: 001382
2026-02-15 22:51:40,658 - database.storage_service - INFO - 成功保存股票信息: 601519
2026-02-15 22:51:40,660 - database.storage_service - INFO - 成功保存股票信息: 002366
2026-02-15 22:51:40,661 - database.storage_service - INFO - 成功保存股票信息: 301111
2026-02-15 22:51:40,662 - database.storage_service - INFO - 成功保存股票信息: 300917
2026-02-15 22:51:40,663 - database.storage_service - INFO - 成功保存股票信息: 688073
2026-02-15 22:51:40,664 - database.storage_service - INFO - 成功保存股票信息: 000906
2026-02-15 22:51:40,666 - database.storage_service - INFO - 成功保存股票信息: 600353
2026-02-15 22:51:40,667 - database.storage_service - INFO - 成功保存股票信息: 300141
2026-02-15 22:51:40,668 - database.storage_service - INFO - 成功保存股票信息: 001239
2026-02-15 22:51:40,670 - database.storage_service - INFO - 成功保存股票信息: 600167
2026-02-15 22:51:40,672 - database.storage_service - INFO - 成功保存股票信息: 003010
2026-02-15 22:51:40,674 - database.storage_service - INFO - 成功保存股票信息: 300474
2026-02-15 22:51:40,675 - database.storage_service - INFO - 成功保存股票信息: 001872
2026-02-15 22:51:40,676 - database.storage_service - INFO - 成功保存股票信息: 002613
2026-02-15 22:51:40,678 - database.storage_service - INFO - 成功保存股票信息: 688166
2026-02-15 22:51:40,679 - database.storage_service - INFO - 成功保存股票信息: 301325
2026-02-15 22:51:40,681 - database.storage_service - INFO - 成功保存股票信息: 600398
2026-02-15 22:51:40,682 - database.storage_service - INFO - 成功保存股票信息: 301556
2026-02-15 22:51:40,683 - database.storage_service - INFO - 成功保存股票信息: 000782
2026-02-15 22:51:40,685 - database.storage_service - INFO - 成功保存股票信息: 002303
2026-02-15 22:51:40,687 - database.storage_service - INFO - 成功保存股票信息: 300259
2026-02-15 22:51:40,688 - database.storage_service - INFO - 成功保存股票信息: 300840
2026-02-15 22:51:40,689 - database.storage_service - INFO - 成功保存股票信息: 688227
2026-02-15 22:51:40,690 - database.storage_service - INFO - 成功保存股票信息: 601226
2026-02-15 22:51:40,692 - database.storage_service - INFO - 成功保存股票信息: 600639
2026-02-15 22:51:40,693 - database.storage_service - INFO - 成功保存股票信息: 603200
2026-02-15 22:51:40,694 - database.storage_service - INFO - 成功保存股票信息: 688234
2026-02-15 22:51:40,695 - database.storage_service - INFO - 成功保存股票信息: 600285
2026-02-15 22:51:40,697 - database.storage_service - INFO - 成功保存股票信息: 300269
2026-02-15 22:51:40,698 - database.storage_service - INFO - 成功保存股票信息: 002296
2026-02-15 22:51:40,699 - database.storage_service - INFO - 成功保存股票信息: 603049
2026-02-15 22:51:40,700 - database.storage_service - INFO - 成功保存股票信息: 301177
2026-02-15 22:51:40,702 - database.storage_service - INFO - 成功保存股票信息: 688146
2026-02-15 22:51:40,703 - database.storage_service - INFO - 成功保存股票信息: 688100
2026-02-15 22:51:40,706 - database.storage_service - INFO - 成功保存股票信息: 300678
2026-02-15 22:51:40,707 - database.storage_service - INFO - 成功保存股票信息: 001386
2026-02-15 22:51:40,708 - database.storage_service - INFO - 成功保存股票信息: 300801
2026-02-15 22:51:40,710 - database.storage_service - INFO - 成功保存股票信息: 688410
2026-02-15 22:51:40,711 - database.storage_service - INFO - 成功保存股票信息: 601678
2026-02-15 22:51:40,712 - database.storage_service - INFO - 成功保存股票信息: 603927
2026-02-15 22:51:40,714 - database.storage_service - INFO - 成功保存股票信息: 300036
2026-02-15 22:51:40,715 - database.storage_service - INFO - 成功保存股票信息: 301632
2026-02-15 22:51:40,716 - database.storage_service - INFO - 成功保存股票信息: 603505
2026-02-15 22:51:40,717 - database.storage_service - INFO - 成功保存股票信息: 600383
2026-02-15 22:51:40,720 - database.storage_service - INFO - 成功保存股票信息: 301092
2026-02-15 22:51:40,721 - database.storage_service - INFO - 成功保存股票信息: 002334
2026-02-15 22:51:40,722 - database.storage_service - INFO - 成功保存股票信息: 600211
2026-02-15 22:51:40,723 - database.storage_service - INFO - 成功保存股票信息: 002483
2026-02-15 22:51:40,725 - database.storage_service - INFO - 成功保存股票信息: 300399
2026-02-15 22:51:40,726 - database.storage_service - INFO - 成功保存股票信息: 605116
2026-02-15 22:51:40,728 - database.storage_service - INFO - 成功保存股票信息: 300882
2026-02-15 22:51:40,729 - database.storage_service - INFO - 成功保存股票信息: 600521
2026-02-15 22:51:40,730 - database.storage_service - INFO - 成功保存股票信息: 300657
2026-02-15 22:51:40,731 - database.storage_service - INFO - 成功保存股票信息: 002154
2026-02-15 22:51:40,733 - database.storage_service - INFO - 成功保存股票信息: 688796
2026-02-15 22:51:40,734 - database.storage_service - INFO - 成功保存股票信息: 301678
2026-02-15 22:51:40,736 - database.storage_service - INFO - 成功保存股票信息: 600981
2026-02-15 22:51:40,737 - database.storage_service - INFO - 成功保存股票信息: 300815
2026-02-15 22:51:40,739 - database.storage_service - INFO - 成功保存股票信息: 600076
2026-02-15 22:51:40,741 - database.storage_service - INFO - 成功保存股票信息: 000100
2026-02-15 22:51:40,742 - database.storage_service - INFO - 成功保存股票信息: 300009
2026-02-15 22:51:40,743 - database.storage_service - INFO - 成功保存股票信息: 300018
2026-02-15 22:51:40,745 - database.storage_service - INFO - 成功保存股票信息: 002425
2026-02-15 22:51:40,746 - database.storage_service - INFO - 成功保存股票信息: 600551
2026-02-15 22:51:40,747 - database.storage_service - INFO - 成功保存股票信息: 002515
2026-02-15 22:51:40,749 - database.storage_service - INFO - 成功保存股票信息: 002721
2026-02-15 22:51:40,750 - database.storage_service - INFO - 成功保存股票信息: 601919
2026-02-15 22:51:40,752 - database.storage_service - INFO - 成功保存股票信息: 688276
2026-02-15 22:51:40,754 - database.storage_service - INFO - 成功保存股票信息: 601288
2026-02-15 22:51:40,755 - database.storage_service - INFO - 成功保存股票信息: 300012
2026-02-15 22:51:40,756 - database.storage_service - INFO - 成功保存股票信息: 920641
2026-02-15 22:51:40,757 - database.storage_service - INFO - 成功保存股票信息: 002187
2026-02-15 22:51:40,759 - database.storage_service - INFO - 成功保存股票信息: 000801
2026-02-15 22:51:40,760 - database.storage_service - INFO - 成功保存股票信息: 601211
2026-02-15 22:51:40,761 - database.storage_service - INFO - 成功保存股票信息: 301225
2026-02-15 22:51:40,762 - database.storage_service - INFO - 成功保存股票信息: 002697
2026-02-15 22:51:40,764 - database.storage_service - INFO - 成功保存股票信息: 002125
2026-02-15 22:51:40,765 - database.storage_service - INFO - 成功保存股票信息: 600389
2026-02-15 22:51:40,766 - database.storage_service - INFO - 成功保存股票信息: 603766
2026-02-15 22:51:40,768 - database.storage_service - INFO - 成功保存股票信息: 000883
2026-02-15 22:51:40,770 - database.storage_service - INFO - 成功保存股票信息: 301180
2026-02-15 22:51:40,771 - database.storage_service - INFO - 成功保存股票信息: 300088
2026-02-15 22:51:40,772 - database.storage_service - INFO - 成功保存股票信息: 605009
2026-02-15 22:51:40,774 - database.storage_service - INFO - 成功保存股票信息: 600563
2026-02-15 22:51:40,775 - database.storage_service - INFO - 成功保存股票信息: 300601
2026-02-15 22:51:40,776 - database.storage_service - INFO - 成功保存股票信息: 300360
2026-02-15 22:51:40,777 - database.storage_service - INFO - 成功保存股票信息: 300963
2026-02-15 22:51:40,779 - database.storage_service - INFO - 成功保存股票信息: 002922
2026-02-15 22:51:40,780 - database.storage_service - INFO - 成功保存股票信息: 301301
2026-02-15 22:51:40,781 - database.storage_service - INFO - 成功保存股票信息: 603169
2026-02-15 22:51:40,782 - database.storage_service - INFO - 成功保存股票信息: 301560
2026-02-15 22:51:40,784 - database.storage_service - INFO - 成功保存股票信息: 600335
2026-02-15 22:51:40,786 - database.storage_service - INFO - 成功保存股票信息: 600864
2026-02-15 22:51:40,787 - database.storage_service - INFO - 成功保存股票信息: 002379
2026-02-15 22:51:40,788 - database.storage_service - INFO - 成功保存股票信息: 600237
2026-02-15 22:51:40,789 - database.storage_service - INFO - 成功保存股票信息: 300699
2026-02-15 22:51:40,791 - database.storage_service - INFO - 成功保存股票信息: 002292
2026-02-15 22:51:40,792 - database.storage_service - INFO - 成功保存股票信息: 002192
2026-02-15 22:51:40,793 - database.storage_service - INFO - 成功保存股票信息: 301665
2026-02-15 22:51:40,794 - database.storage_service - INFO - 成功保存股票信息: 300072
2026-02-15 22:51:40,795 - database.storage_service - INFO - 成功保存股票信息: 600320
2026-02-15 22:51:40,797 - database.storage_service - INFO - 成功保存股票信息: 002239
2026-02-15 22:51:40,798 - database.storage_service - INFO - 成功保存股票信息: 688082
2026-02-15 22:51:40,799 - database.storage_service - INFO - 成功保存股票信息: 600787
2026-02-15 22:51:40,801 - database.storage_service - INFO - 成功保存股票信息: 000931
2026-02-15 22:51:40,803 - database.storage_service - INFO - 成功保存股票信息: 002878
2026-02-15 22:51:40,804 - database.storage_service - INFO - 成功保存股票信息: 002952
2026-02-15 22:51:40,805 - database.storage_service - INFO - 成功保存股票信息: 301117
2026-02-15 22:51:40,806 - database.storage_service - INFO - 成功保存股票信息: 300513
2026-02-15 22:51:40,808 - database.storage_service - INFO - 成功保存股票信息: 300211
2026-02-15 22:51:40,809 - database.storage_service - INFO - 成功保存股票信息: 688047
2026-02-15 22:51:40,810 - database.storage_service - INFO - 成功保存股票信息: 688006
2026-02-15 22:51:40,811 - database.storage_service - INFO - 成功保存股票信息: 600894
2026-02-15 22:51:40,812 - database.storage_service - INFO - 成功保存股票信息: 002469
2026-02-15 22:51:40,813 - database.storage_service - INFO - 成功保存股票信息: 301439
2026-02-15 22:51:40,815 - database.storage_service - INFO - 成功保存股票信息: 002953
2026-02-15 22:51:40,816 - database.storage_service - INFO - 成功保存股票信息: 300222
2026-02-15 22:51:40,817 - database.storage_service - INFO - 成功保存股票信息: 300142
2026-02-15 22:51:40,820 - database.storage_service - INFO - 成功保存股票信息: 001319
2026-02-15 22:51:40,821 - database.storage_service - INFO - 成功保存股票信息: 300046
2026-02-15 22:51:40,822 - database.storage_service - INFO - 成功保存股票信息: 300272
2026-02-15 22:51:40,823 - database.storage_service - INFO - 成功保存股票信息: 002181
2026-02-15 22:51:40,824 - database.storage_service - INFO - 成功保存股票信息: 002926
2026-02-15 22:51:40,826 - database.storage_service - INFO - 成功保存股票信息: 300172
2026-02-15 22:51:40,827 - database.storage_service - INFO - 成功保存股票信息: 002287
2026-02-15 22:51:40,829 - database.storage_service - INFO - 成功保存股票信息: 300976
2026-02-15 22:51:40,830 - database.storage_service - INFO - 成功保存股票信息: 600064
2026-02-15 22:51:40,831 - database.storage_service - INFO - 成功保存股票信息: 002397
2026-02-15 22:51:40,832 - database.storage_service - INFO - 成功保存股票信息: 300109
2026-02-15 22:51:40,834 - database.storage_service - INFO - 成功保存股票信息: 000620
2026-02-15 22:51:40,836 - database.storage_service - INFO - 成功保存股票信息: 688520
2026-02-15 22:51:40,837 - database.storage_service - INFO - 成功保存股票信息: 002556
2026-02-15 22:51:40,838 - database.storage_service - INFO - 成功保存股票信息: 002054
2026-02-15 22:51:40,839 - database.storage_service - INFO - 成功保存股票信息: 300204
2026-02-15 22:51:40,841 - database.storage_service - INFO - 成功保存股票信息: 000096
2026-02-15 22:51:40,842 - database.storage_service - INFO - 成功保存股票信息: 600460
2026-02-15 22:51:40,843 - database.storage_service - INFO - 成功保存股票信息: 300327
2026-02-15 22:51:40,844 - database.storage_service - INFO - 成功保存股票信息: 600528
2026-02-15 22:51:40,846 - database.storage_service - INFO - 成功保存股票信息: 300780
2026-02-15 22:51:40,847 - database.storage_service - INFO - 成功保存股票信息: 300406
2026-02-15 22:51:40,848 - database.storage_service - INFO - 成功保存股票信息: 688776
2026-02-15 22:51:40,849 - database.storage_service - INFO - 成功保存股票信息: 601375
2026-02-15 22:51:40,850 - database.storage_service - INFO - 成功保存股票信息: 688582
2026-02-15 22:51:40,852 - database.storage_service - INFO - 成功保存股票信息: 600838
2026-02-15 22:51:40,854 - database.storage_service - INFO - 成功保存股票信息: 300708
2026-02-15 22:51:40,855 - database.storage_service - INFO - 成功保存股票信息: 000919
2026-02-15 22:51:40,856 - database.storage_service - INFO - 成功保存股票信息: 601106
2026-02-15 22:51:40,857 - database.storage_service - INFO - 成功保存股票信息: 301577
2026-02-15 22:51:40,859 - database.storage_service - INFO - 成功保存股票信息: 601801
2026-02-15 22:51:40,860 - database.storage_service - INFO - 成功保存股票信息: 603863
2026-02-15 22:51:40,861 - database.storage_service - INFO - 成功保存股票信息: 688786
2026-02-15 22:51:40,862 - database.storage_service - INFO - 成功保存股票信息: 000799
2026-02-15 22:51:40,863 - database.storage_service - INFO - 成功保存股票信息: 002380
2026-02-15 22:51:40,865 - database.storage_service - INFO - 成功保存股票信息: 002637
2026-02-15 22:51:40,866 - database.storage_service - INFO - 成功保存股票信息: 001286
2026-02-15 22:51:40,868 - database.storage_service - INFO - 成功保存股票信息: 688333
2026-02-15 22:51:40,870 - database.storage_service - INFO - 成功保存股票信息: 002229
2026-02-15 22:51:40,871 - database.storage_service - INFO - 成功保存股票信息: 600088
2026-02-15 22:51:40,872 - database.storage_service - INFO - 成功保存股票信息: 688018
2026-02-15 22:51:40,874 - database.storage_service - INFO - 成功保存股票信息: 300978
2026-02-15 22:51:40,875 - database.storage_service - INFO - 成功保存股票信息: 301381
2026-02-15 22:51:40,876 - database.storage_service - INFO - 成功保存股票信息: 601068
2026-02-15 22:51:40,878 - database.storage_service - INFO - 成功保存股票信息: 603320
2026-02-15 22:51:40,879 - database.storage_service - INFO - 成功保存股票信息: 301388
2026-02-15 22:51:40,880 - database.storage_service - INFO - 成功保存股票信息: 920227
2026-02-15 22:51:40,882 - database.storage_service - INFO - 成功保存股票信息: 600390
2026-02-15 22:51:40,883 - database.storage_service - INFO - 成功保存股票信息: 600218
2026-02-15 22:51:40,884 - database.storage_service - INFO - 成功保存股票信息: 688400
2026-02-15 22:51:40,886 - database.storage_service - INFO - 成功保存股票信息: 601187
2026-02-15 22:51:40,887 - database.storage_service - INFO - 成功保存股票信息: 600037
2026-02-15 22:51:40,889 - database.storage_service - INFO - 成功保存股票信息: 603811
2026-02-15 22:51:40,890 - database.storage_service - INFO - 成功保存股票信息: 600558
2026-02-15 22:51:40,891 - database.storage_service - INFO - 成功保存股票信息: 600121
2026-02-15 22:51:40,892 - database.storage_service - INFO - 成功保存股票信息: 301181
2026-02-15 22:51:40,894 - database.storage_service - INFO - 成功保存股票信息: 601601
2026-02-15 22:51:40,895 - database.storage_service - INFO - 成功保存股票信息: 605077
2026-02-15 22:51:40,896 - database.storage_service - INFO - 成功保存股票信息: 002312
2026-02-15 22:51:40,897 - database.storage_service - INFO - 成功保存股票信息: 603193
2026-02-15 22:51:40,898 - database.storage_service - INFO - 成功保存股票信息: 002266
2026-02-15 22:51:40,900 - database.storage_service - INFO - 成功保存股票信息: 601333
2026-02-15 22:51:40,901 - database.storage_service - INFO - 成功保存股票信息: 300692
2026-02-15 22:51:40,903 - database.storage_service - INFO - 成功保存股票信息: 601799
2026-02-15 22:51:40,904 - database.storage_service - INFO - 成功保存股票信息: 300451
2026-02-15 22:51:40,905 - database.storage_service - INFO - 成功保存股票信息: 000530
2026-02-15 22:51:40,906 - database.storage_service - INFO - 成功保存股票信息: 600123
2026-02-15 22:51:40,908 - database.storage_service - INFO - 成功保存股票信息: 000789
2026-02-15 22:51:40,909 - database.storage_service - INFO - 成功保存股票信息: 688367
2026-02-15 22:51:40,910 - database.storage_service - INFO - 成功保存股票信息: 002692
2026-02-15 22:51:40,911 - database.storage_service - INFO - 成功保存股票信息: 601686
2026-02-15 22:51:40,912 - database.storage_service - INFO - 成功保存股票信息: 002847
2026-02-15 22:51:40,913 - database.storage_service - INFO - 成功保存股票信息: 300569
2026-02-15 22:51:40,915 - database.storage_service - INFO - 成功保存股票信息: 000885
2026-02-15 22:51:40,916 - database.storage_service - INFO - 成功保存股票信息: 601996
2026-02-15 22:51:40,917 - database.storage_service - INFO - 成功保存股票信息: 300820
2026-02-15 22:51:40,919 - database.storage_service - INFO - 成功保存股票信息: 300159
2026-02-15 22:51:40,920 - database.storage_service - INFO - 成功保存股票信息: 002432
2026-02-15 22:51:40,922 - database.storage_service - INFO - 成功保存股票信息: 600956
2026-02-15 22:51:40,923 - database.storage_service - INFO - 成功保存股票信息: 300540
2026-02-15 22:51:40,924 - database.storage_service - INFO - 成功保存股票信息: 002096
2026-02-15 22:51:40,925 - database.storage_service - INFO - 成功保存股票信息: 688334
2026-02-15 22:51:40,927 - database.storage_service - INFO - 成功保存股票信息: 300292
2026-02-15 22:51:40,928 - database.storage_service - INFO - 成功保存股票信息: 601669
2026-02-15 22:51:40,929 - database.storage_service - INFO - 成功保存股票信息: 603300
2026-02-15 22:51:40,930 - database.storage_service - INFO - 成功保存股票信息: 688798
2026-02-15 22:51:40,932 - database.storage_service - INFO - 成功保存股票信息: 688267
2026-02-15 22:51:40,933 - database.storage_service - INFO - 成功保存股票信息: 603080
2026-02-15 22:51:40,935 - database.storage_service - INFO - 成功保存股票信息: 603118
2026-02-15 22:51:40,937 - database.storage_service - INFO - 成功保存股票信息: 300796
2026-02-15 22:51:40,938 - database.storage_service - INFO - 成功保存股票信息: 920726
2026-02-15 22:51:40,939 - database.storage_service - INFO - 成功保存股票信息: 688161
2026-02-15 22:51:40,941 - database.storage_service - INFO - 成功保存股票信息: 601628
2026-02-15 22:51:40,942 - database.storage_service - INFO - 成功保存股票信息: 688380
2026-02-15 22:51:40,943 - database.storage_service - INFO - 成功保存股票信息: 688576
2026-02-15 22:51:40,944 - database.storage_service - INFO - 成功保存股票信息: 002644
2026-02-15 22:51:40,946 - database.storage_service - INFO - 成功保存股票信息: 688275
2026-02-15 22:51:40,947 - database.storage_service - INFO - 成功保存股票信息: 300563
2026-02-15 22:51:40,948 - database.storage_service - INFO - 成功保存股票信息: 688411
2026-02-15 22:51:40,949 - database.storage_service - INFO - 成功保存股票信息: 603181
2026-02-15 22:51:40,951 - database.storage_service - INFO - 成功保存股票信息: 601966
2026-02-15 22:51:40,952 - database.storage_service - INFO - 成功保存股票信息: 300727
2026-02-15 22:51:40,955 - database.storage_service - INFO - 成功保存股票信息: 600860
2026-02-15 22:51:40,957 - database.storage_service - INFO - 成功保存股票信息: 688759
2026-02-15 22:51:40,958 - database.storage_service - INFO - 成功保存股票信息: 688819
2026-02-15 22:51:40,959 - database.storage_service - INFO - 成功保存股票信息: 300962
2026-02-15 22:51:40,960 - database.storage_service - INFO - 成功保存股票信息: 601118
2026-02-15 22:51:40,962 - database.storage_service - INFO - 成功保存股票信息: 300782
2026-02-15 22:51:40,963 - database.storage_service - INFO - 成功保存股票信息: 300595
2026-02-15 22:51:40,965 - database.storage_service - INFO - 成功保存股票信息: 600336
2026-02-15 22:51:40,966 - database.storage_service - INFO - 成功保存股票信息: 688401
2026-02-15 22:51:40,968 - database.storage_service - INFO - 成功保存股票信息: 601311
2026-02-15 22:51:40,970 - database.storage_service - INFO - 成功保存股票信息: 300912
2026-02-15 22:51:40,971 - database.storage_service - INFO - 成功保存股票信息: 920526
2026-02-15 22:51:40,972 - database.storage_service - INFO - 成功保存股票信息: 600866
2026-02-15 22:51:40,973 - database.storage_service - INFO - 成功保存股票信息: 920339
2026-02-15 22:51:40,975 - database.storage_service - INFO - 成功保存股票信息: 301499
2026-02-15 22:51:40,976 - database.storage_service - INFO - 成功保存股票信息: 603682
2026-02-15 22:51:40,977 - database.storage_service - INFO - 成功保存股票信息: 002798
2026-02-15 22:51:40,978 - database.storage_service - INFO - 成功保存股票信息: 300740
2026-02-15 22:51:40,979 - database.storage_service - INFO - 成功保存股票信息: 000680
2026-02-15 22:51:40,980 - database.storage_service - INFO - 成功保存股票信息: 600642
2026-02-15 22:51:40,982 - database.storage_service - INFO - 成功保存股票信息: 002410
2026-02-15 22:51:40,983 - database.storage_service - INFO - 成功保存股票信息: 605020
2026-02-15 22:51:40,985 - database.storage_service - INFO - 成功保存股票信息: 920837
2026-02-15 22:51:40,986 - database.storage_service - INFO - 成功保存股票信息: 601789
2026-02-15 22:51:40,988 - database.storage_service - INFO - 成功保存股票信息: 600095
2026-02-15 22:51:40,989 - database.storage_service - INFO - 成功保存股票信息: 920592
2026-02-15 22:51:40,990 - database.storage_service - INFO - 成功保存股票信息: 300235
2026-02-15 22:51:40,991 - database.storage_service - INFO - 成功保存股票信息: 600352
2026-02-15 22:51:40,992 - database.storage_service - INFO - 成功保存股票信息: 601360
2026-02-15 22:51:40,994 - database.storage_service - INFO - 成功保存股票信息: 600499
2026-02-15 22:51:40,995 - database.storage_service - INFO - 成功保存股票信息: 600075
2026-02-15 22:51:40,996 - database.storage_service - INFO - 成功保存股票信息: 600388
2026-02-15 22:51:40,997 - database.storage_service - INFO - 成功保存股票信息: 600644
2026-02-15 22:51:40,999 - database.storage_service - INFO - 成功保存股票信息: 601579
2026-02-15 22:51:41,000 - database.storage_service - INFO - 成功保存股票信息: 301498
2026-02-15 22:51:41,002 - database.storage_service - INFO - 成功保存股票信息: 600662
2026-02-15 22:51:41,003 - database.storage_service - INFO - 成功保存股票信息: 301102
2026-02-15 22:51:41,005 - database.storage_service - INFO - 成功保存股票信息: 603881
2026-02-15 22:51:41,006 - database.storage_service - INFO - 成功保存股票信息: 000718
2026-02-15 22:51:41,007 - database.storage_service - INFO - 成功保存股票信息: 300880
2026-02-15 22:51:41,008 - database.storage_service - INFO - 成功保存股票信息: 920857
2026-02-15 22:51:41,010 - database.storage_service - INFO - 成功保存股票信息: 301377
2026-02-15 22:51:41,011 - database.storage_service - INFO - 成功保存股票信息: 002468
2026-02-15 22:51:41,012 - database.storage_service - INFO - 成功保存股票信息: 300969
2026-02-15 22:51:41,013 - database.storage_service - INFO - 成功保存股票信息: 603283
2026-02-15 22:51:41,015 - database.storage_service - INFO - 成功保存股票信息: 603939
2026-02-15 22:51:41,016 - database.storage_service - INFO - 成功保存股票信息: 600909
2026-02-15 22:51:41,017 - database.storage_service - INFO - 成功保存股票信息: 300160
2026-02-15 22:51:41,019 - database.storage_service - INFO - 成功保存股票信息: 688036
2026-02-15 22:51:41,021 - database.storage_service - INFO - 成功保存股票信息: 300021
2026-02-15 22:51:41,023 - database.storage_service - INFO - 成功保存股票信息: 002038
2026-02-15 22:51:41,024 - database.storage_service - INFO - 成功保存股票信息: 601018
2026-02-15 22:51:41,026 - database.storage_service - INFO - 成功保存股票信息: 600581
2026-02-15 22:51:41,027 - database.storage_service - INFO - 成功保存股票信息: 300242
2026-02-15 22:51:41,028 - database.storage_service - INFO - 成功保存股票信息: 603630
2026-02-15 22:51:41,030 - database.storage_service - INFO - 成功保存股票信息: 601107
2026-02-15 22:51:41,031 - database.storage_service - INFO - 成功保存股票信息: 002091
2026-02-15 22:51:41,032 - database.storage_service - INFO - 成功保存股票信息: 688301
2026-02-15 22:51:41,033 - database.storage_service - INFO - 成功保存股票信息: 603301
2026-02-15 22:51:41,036 - database.storage_service - INFO - 成功保存股票信息: 000819
2026-02-15 22:51:41,037 - database.storage_service - INFO - 成功保存股票信息: 300888
2026-02-15 22:51:41,039 - database.storage_service - INFO - 成功保存股票信息: 600217
2026-02-15 22:51:41,040 - database.storage_service - INFO - 成功保存股票信息: 600433
2026-02-15 22:51:41,041 - database.storage_service - INFO - 成功保存股票信息: 301380
2026-02-15 22:51:41,042 - database.storage_service - INFO - 成功保存股票信息: 600201
2026-02-15 22:51:41,043 - database.storage_service - INFO - 成功保存股票信息: 002783
2026-02-15 22:51:41,045 - database.storage_service - INFO - 成功保存股票信息: 301179
2026-02-15 22:51:41,046 - database.storage_service - INFO - 成功保存股票信息: 300592
2026-02-15 22:51:41,047 - database.storage_service - INFO - 成功保存股票信息: 688480
2026-02-15 22:51:41,048 - database.storage_service - INFO - 成功保存股票信息: 603260
2026-02-15 22:51:41,050 - database.storage_service - INFO - 成功保存股票信息: 301056
2026-02-15 22:51:41,051 - database.storage_service - INFO - 成功保存股票信息: 300105
2026-02-15 22:51:41,053 - database.storage_service - INFO - 成功保存股票信息: 002580
2026-02-15 22:51:41,055 - database.storage_service - INFO - 成功保存股票信息: 300034
2026-02-15 22:51:41,056 - database.storage_service - INFO - 成功保存股票信息: 603113
2026-02-15 22:51:41,058 - database.storage_service - INFO - 成功保存股票信息: 920496
2026-02-15 22:51:41,059 - database.storage_service - INFO - 成功保存股票信息: 002939
2026-02-15 22:51:41,060 - database.storage_service - INFO - 成功保存股票信息: 300487
2026-02-15 22:51:41,061 - database.storage_service - INFO - 成功保存股票信息: 600728
2026-02-15 22:51:41,063 - database.storage_service - INFO - 成功保存股票信息: 600482
2026-02-15 22:51:41,064 - database.storage_service - INFO - 成功保存股票信息: 002039
2026-02-15 22:51:41,065 - database.storage_service - INFO - 成功保存股票信息: 002153
2026-02-15 22:51:41,066 - database.storage_service - INFO - 成功保存股票信息: 600367
2026-02-15 22:51:41,068 - database.storage_service - INFO - 成功保存股票信息: 920425
2026-02-15 22:51:41,069 - database.storage_service - INFO - 成功保存股票信息: 300229
2026-02-15 22:51:41,071 - database.storage_service - INFO - 成功保存股票信息: 300127
2026-02-15 22:51:41,073 - database.storage_service - INFO - 成功保存股票信息: 603218
2026-02-15 22:51:41,074 - database.storage_service - INFO - 成功保存股票信息: 603663
2026-02-15 22:51:41,075 - database.storage_service - INFO - 成功保存股票信息: 603267
2026-02-15 22:51:41,077 - database.storage_service - INFO - 成功保存股票信息: 002670
2026-02-15 22:51:41,078 - database.storage_service - INFO - 成功保存股票信息: 603030
2026-02-15 22:51:41,079 - database.storage_service - INFO - 成功保存股票信息: 000968
2026-02-15 22:51:41,081 - database.storage_service - INFO - 成功保存股票信息: 688530
2026-02-15 22:51:41,082 - database.storage_service - INFO - 成功保存股票信息: 300294
2026-02-15 22:51:41,083 - database.storage_service - INFO - 成功保存股票信息: 600373
2026-02-15 22:51:41,085 - database.storage_service - INFO - 成功保存股票信息: 601139
2026-02-15 22:51:41,087 - database.storage_service - INFO - 成功保存股票信息: 600516
2026-02-15 22:51:41,088 - database.storage_service - INFO - 成功保存股票信息: 603988
2026-02-15 22:51:41,089 - database.storage_service - INFO - 成功保存股票信息: 003006
2026-02-15 22:51:41,091 - database.storage_service - INFO - 成功保存股票信息: 600655
2026-02-15 22:51:41,092 - database.storage_service - INFO - 成功保存股票信息: 300631
2026-02-15 22:51:41,093 - database.storage_service - INFO - 成功保存股票信息: 600734
2026-02-15 22:51:41,095 - database.storage_service - INFO - 成功保存股票信息: 600970
2026-02-15 22:51:41,096 - database.storage_service - INFO - 成功保存股票信息: 300619
2026-02-15 22:51:41,097 - database.storage_service - INFO - 成功保存股票信息: 688517
2026-02-15 22:51:41,098 - database.storage_service - INFO - 成功保存股票信息: 000520
2026-02-15 22:51:41,100 - database.storage_service - INFO - 成功保存股票信息: 605028
2026-02-15 22:51:41,101 - database.storage_service - INFO - 成功保存股票信息: 301137
2026-02-15 22:51:41,103 - database.storage_service - INFO - 成功保存股票信息: 300001
2026-02-15 22:51:41,105 - database.storage_service - INFO - 成功保存股票信息: 002455
2026-02-15 22:51:41,107 - database.storage_service - INFO - 成功保存股票信息: 600133
2026-02-15 22:51:41,108 - database.storage_service - INFO - 成功保存股票信息: 600851
2026-02-15 22:51:41,109 - database.storage_service - INFO - 成功保存股票信息: 600645
2026-02-15 22:51:41,111 - database.storage_service - INFO - 成功保存股票信息: 600229
2026-02-15 22:51:41,113 - database.storage_service - INFO - 成功保存股票信息: 688621
2026-02-15 22:51:41,114 - database.storage_service - INFO - 成功保存股票信息: 601101
2026-02-15 22:51:41,116 - database.storage_service - INFO - 成功保存股票信息: 301314
2026-02-15 22:51:41,118 - database.storage_service - INFO - 成功保存股票信息: 000159
2026-02-15 22:51:41,120 - database.storage_service - INFO - 成功保存股票信息: 000517
2026-02-15 22:51:41,122 - database.storage_service - INFO - 成功保存股票信息: 002011
2026-02-15 22:51:41,124 - database.storage_service - INFO - 成功保存股票信息: 920786
2026-02-15 22:51:41,127 - database.storage_service - INFO - 成功保存股票信息: 301200
2026-02-15 22:51:41,128 - database.storage_service - INFO - 成功保存股票信息: 002706
2026-02-15 22:51:41,130 - database.storage_service - INFO - 成功保存股票信息: 300613
2026-02-15 22:51:41,131 - database.storage_service - INFO - 成功保存股票信息: 300725
2026-02-15 22:51:41,133 - database.storage_service - INFO - 成功保存股票信息: 300877
2026-02-15 22:51:41,135 - database.storage_service - INFO - 成功保存股票信息: 688577
2026-02-15 22:51:41,137 - database.storage_service - INFO - 成功保存股票信息: 000506
2026-02-15 22:51:41,139 - database.storage_service - INFO - 成功保存股票信息: 600861
2026-02-15 22:51:41,141 - database.storage_service - INFO - 成功保存股票信息: 002399
2026-02-15 22:51:41,144 - database.storage_service - INFO - 成功保存股票信息: 688617
2026-02-15 22:51:41,146 - database.storage_service - INFO - 成功保存股票信息: 605188
2026-02-15 22:51:41,147 - database.storage_service - INFO - 成功保存股票信息: 300891
2026-02-15 22:51:41,149 - database.storage_service - INFO - 成功保存股票信息: 603232
2026-02-15 22:51:41,151 - database.storage_service - INFO - 成功保存股票信息: 000009
2026-02-15 22:51:41,153 - database.storage_service - INFO - 成功保存股票信息: 001299
2026-02-15 22:51:41,155 - database.storage_service - INFO - 成功保存股票信息: 603059
2026-02-15 22:51:41,157 - database.storage_service - INFO - 成功保存股票信息: 603033
2026-02-15 22:51:41,161 - database.storage_service - INFO - 成功保存股票信息: 600763
2026-02-15 22:51:41,162 - database.storage_service - INFO - 成功保存股票信息: 688536
2026-02-15 22:51:41,164 - database.storage_service - INFO - 成功保存股票信息: 600606
2026-02-15 22:51:41,165 - database.storage_service - INFO - 成功保存股票信息: 600458
2026-02-15 22:51:41,167 - database.storage_service - INFO - 成功保存股票信息: 002612
2026-02-15 22:51:41,169 - database.storage_service - INFO - 成功保存股票信息: 601069
2026-02-15 22:51:41,170 - database.storage_service - INFO - 成功保存股票信息: 600191
2026-02-15 22:51:41,173 - database.storage_service - INFO - 成功保存股票信息: 301239
2026-02-15 22:51:41,174 - database.storage_service - INFO - 成功保存股票信息: 300357
2026-02-15 22:51:41,176 - database.storage_service - INFO - 成功保存股票信息: 000615
2026-02-15 22:51:41,177 - database.storage_service - INFO - 成功保存股票信息: 600567
2026-02-15 22:51:41,178 - database.storage_service - INFO - 成功保存股票信息: 301299
2026-02-15 22:51:41,179 - database.storage_service - INFO - 成功保存股票信息: 002223
2026-02-15 22:51:41,181 - database.storage_service - INFO - 成功保存股票信息: 600157
2026-02-15 22:51:41,182 - database.storage_service - INFO - 成功保存股票信息: 600792
2026-02-15 22:51:41,183 - database.storage_service - INFO - 成功保存股票信息: 000030
2026-02-15 22:51:41,185 - database.storage_service - INFO - 成功保存股票信息: 688338
2026-02-15 22:51:41,186 - database.storage_service - INFO - 成功保存股票信息: 001390
2026-02-15 22:51:41,187 - database.storage_service - INFO - 成功保存股票信息: 002827
2026-02-15 22:51:41,189 - database.storage_service - INFO - 成功保存股票信息: 002597
2026-02-15 22:51:41,191 - database.storage_service - INFO - 成功保存股票信息: 300677
2026-02-15 22:51:41,192 - database.storage_service - INFO - 成功保存股票信息: 000707
2026-02-15 22:51:41,194 - database.storage_service - INFO - 成功保存股票信息: 688187
2026-02-15 22:51:41,197 - database.storage_service - INFO - 成功保存股票信息: 002568
2026-02-15 22:51:41,198 - database.storage_service - INFO - 成功保存股票信息: 002206
2026-02-15 22:51:41,200 - database.storage_service - INFO - 成功保存股票信息: 600990
2026-02-15 22:51:41,201 - database.storage_service - INFO - 成功保存股票信息: 000523
2026-02-15 22:51:41,203 - database.storage_service - INFO - 成功保存股票信息: 002344
2026-02-15 22:51:41,205 - database.storage_service - INFO - 成功保存股票信息: 300181
2026-02-15 22:51:41,207 - database.storage_service - INFO - 成功保存股票信息: 300910
2026-02-15 22:51:41,209 - database.storage_service - INFO - 成功保存股票信息: 603166
2026-02-15 22:51:41,210 - database.storage_service - INFO - 成功保存股票信息: 688111
2026-02-15 22:51:41,211 - database.storage_service - INFO - 成功保存股票信息: 300911
2026-02-15 22:51:41,212 - database.storage_service - INFO - 成功保存股票信息: 002004
2026-02-15 22:51:41,214 - database.storage_service - INFO - 成功保存股票信息: 603899
2026-02-15 22:51:41,215 - database.storage_service - INFO - 成功保存股票信息: 000777
2026-02-15 22:51:41,216 - database.storage_service - INFO - 成功保存股票信息: 300407
2026-02-15 22:51:41,218 - database.storage_service - INFO - 成功保存股票信息: 002155
2026-02-15 22:51:41,220 - database.storage_service - INFO - 成功保存股票信息: 600187
2026-02-15 22:51:41,221 - database.storage_service - INFO - 成功保存股票信息: 605198
2026-02-15 22:51:41,223 - database.storage_service - INFO - 成功保存股票信息: 001233
2026-02-15 22:51:41,224 - database.storage_service - INFO - 成功保存股票信息: 300693
2026-02-15 22:51:41,225 - database.storage_service - INFO - 成功保存股票信息: 600682
2026-02-15 22:51:41,227 - database.storage_service - INFO - 成功保存股票信息: 001914
2026-02-15 22:51:41,228 - database.storage_service - INFO - 成功保存股票信息: 688613
2026-02-15 22:51:41,229 - database.storage_service - INFO - 成功保存股票信息: 688003
2026-02-15 22:51:41,231 - database.storage_service - INFO - 成功保存股票信息: 920675
2026-02-15 22:51:41,232 - database.storage_service - INFO - 成功保存股票信息: 603112
2026-02-15 22:51:41,233 - database.storage_service - INFO - 成功保存股票信息: 688246
2026-02-15 22:51:41,235 - database.storage_service - INFO - 成功保存股票信息: 688523
2026-02-15 22:51:41,237 - database.storage_service - INFO - 成功保存股票信息: 920223
2026-02-15 22:51:41,238 - database.storage_service - INFO - 成功保存股票信息: 002060
2026-02-15 22:51:41,240 - database.storage_service - INFO - 成功保存股票信息: 002386
2026-02-15 22:51:41,241 - database.storage_service - INFO - 成功保存股票信息: 600783
2026-02-15 22:51:41,242 - database.storage_service - INFO - 成功保存股票信息: 688060
2026-02-15 22:51:41,243 - database.storage_service - INFO - 成功保存股票信息: 603351
2026-02-15 22:51:41,244 - database.storage_service - INFO - 成功保存股票信息: 688545
2026-02-15 22:51:41,246 - database.storage_service - INFO - 成功保存股票信息: 688339
2026-02-15 22:51:41,247 - database.storage_service - INFO - 成功保存股票信息: 600166
2026-02-15 22:51:41,248 - database.storage_service - INFO - 成功保存股票信息: 600513
2026-02-15 22:51:41,250 - database.storage_service - INFO - 成功保存股票信息: 603379
2026-02-15 22:51:41,251 - database.storage_service - INFO - 成功保存股票信息: 002984
2026-02-15 22:51:41,253 - database.storage_service - INFO - 成功保存股票信息: 301172
2026-02-15 22:51:41,255 - database.storage_service - INFO - 成功保存股票信息: 300638
2026-02-15 22:51:41,257 - database.storage_service - INFO - 成功保存股票信息: 601918
2026-02-15 22:51:41,258 - database.storage_service - INFO - 成功保存股票信息: 300427
2026-02-15 22:51:41,259 - database.storage_service - INFO - 成功保存股票信息: 002427
2026-02-15 22:51:41,260 - database.storage_service - INFO - 成功保存股票信息: 605277
2026-02-15 22:51:41,262 - database.storage_service - INFO - 成功保存股票信息: 002264
2026-02-15 22:51:41,263 - database.storage_service - INFO - 成功保存股票信息: 300435
2026-02-15 22:51:41,264 - database.storage_service - INFO - 成功保存股票信息: 688596
2026-02-15 22:51:41,265 - database.storage_service - INFO - 成功保存股票信息: 688550
2026-02-15 22:51:41,267 - database.storage_service - INFO - 成功保存股票信息: 000970
2026-02-15 22:51:41,268 - database.storage_service - INFO - 成功保存股票信息: 600798
2026-02-15 22:51:41,271 - database.storage_service - INFO - 成功保存股票信息: 600156
2026-02-15 22:51:41,272 - database.storage_service - INFO - 成功保存股票信息: 688186
2026-02-15 22:51:41,273 - database.storage_service - INFO - 成功保存股票信息: 002026
2026-02-15 22:51:41,274 - database.storage_service - INFO - 成功保存股票信息: 001209
2026-02-15 22:51:41,275 - database.storage_service - INFO - 成功保存股票信息: 603083
2026-02-15 22:51:41,277 - database.storage_service - INFO - 成功保存股票信息: 002012
2026-02-15 22:51:41,278 - database.storage_service - INFO - 成功保存股票信息: 600408
2026-02-15 22:51:41,279 - database.storage_service - INFO - 成功保存股票信息: 601318
2026-02-15 22:51:41,280 - database.storage_service - INFO - 成功保存股票信息: 688303
2026-02-15 22:51:41,281 - database.storage_service - INFO - 成功保存股票信息: 300138
2026-02-15 22:51:41,283 - database.storage_service - INFO - 成功保存股票信息: 002489
2026-02-15 22:51:41,284 - database.storage_service - INFO - 成功保存股票信息: 300920
2026-02-15 22:51:41,286 - database.storage_service - INFO - 成功保存股票信息: 002578
2026-02-15 22:51:41,288 - database.storage_service - INFO - 成功保存股票信息: 601000
2026-02-15 22:51:41,289 - database.storage_service - INFO - 成功保存股票信息: 688385
2026-02-15 22:51:41,290 - database.storage_service - INFO - 成功保存股票信息: 000987
2026-02-15 22:51:41,291 - database.storage_service - INFO - 成功保存股票信息: 688712
2026-02-15 22:51:41,292 - database.storage_service - INFO - 成功保存股票信息: 002574
2026-02-15 22:51:41,294 - database.storage_service - INFO - 成功保存股票信息: 603339
2026-02-15 22:51:41,295 - database.storage_service - INFO - 成功保存股票信息: 000659
2026-02-15 22:51:41,296 - database.storage_service - INFO - 成功保存股票信息: 301036
2026-02-15 22:51:41,297 - database.storage_service - INFO - 成功保存股票信息: 300443
2026-02-15 22:51:41,299 - database.storage_service - INFO - 成功保存股票信息: 600153
2026-02-15 22:51:41,300 - database.storage_service - INFO - 成功保存股票信息: 600268
2026-02-15 22:51:41,302 - database.storage_service - INFO - 成功保存股票信息: 603027
2026-02-15 22:51:41,304 - database.storage_service - INFO - 成功保存股票信息: 600267
2026-02-15 22:51:41,305 - database.storage_service - INFO - 成功保存股票信息: 000676
2026-02-15 22:51:41,306 - database.storage_service - INFO - 成功保存股票信息: 000909
2026-02-15 22:51:41,307 - database.storage_service - INFO - 成功保存股票信息: 301007
2026-02-15 22:51:41,309 - database.storage_service - INFO - 成功保存股票信息: 300448
2026-02-15 22:51:41,310 - database.storage_service - INFO - 成功保存股票信息: 000565
2026-02-15 22:51:41,311 - database.storage_service - INFO - 成功保存股票信息: 002354
2026-02-15 22:51:41,312 - database.storage_service - INFO - 成功保存股票信息: 002068
2026-02-15 22:51:41,314 - database.storage_service - INFO - 成功保存股票信息: 002490
2026-02-15 22:51:41,315 - database.storage_service - INFO - 成功保存股票信息: 688063
2026-02-15 22:51:41,316 - database.storage_service - INFO - 成功保存股票信息: 300092
2026-02-15 22:51:41,318 - database.storage_service - INFO - 成功保存股票信息: 688299
2026-02-15 22:51:41,320 - database.storage_service - INFO - 成功保存股票信息: 002157
2026-02-15 22:51:41,321 - database.storage_service - INFO - 成功保存股票信息: 301558
2026-02-15 22:51:41,322 - database.storage_service - INFO - 成功保存股票信息: 301046
2026-02-15 22:51:41,324 - database.storage_service - INFO - 成功保存股票信息: 301005
2026-02-15 22:51:41,325 - database.storage_service - INFO - 成功保存股票信息: 601921
2026-02-15 22:51:41,326 - database.storage_service - INFO - 成功保存股票信息: 000031
2026-02-15 22:51:41,328 - database.storage_service - INFO - 成功保存股票信息: 688106
2026-02-15 22:51:41,329 - database.storage_service - INFO - 成功保存股票信息: 002860
2026-02-15 22:51:41,330 - database.storage_service - INFO - 成功保存股票信息: 300483
2026-02-15 22:51:41,332 - database.storage_service - INFO - 成功保存股票信息: 002267
2026-02-15 22:51:41,333 - database.storage_service - INFO - 成功保存股票信息: 002608
2026-02-15 22:51:41,335 - database.storage_service - INFO - 成功保存股票信息: 300575
2026-02-15 22:51:41,337 - database.storage_service - INFO - 成功保存股票信息: 603058
2026-02-15 22:51:41,338 - database.storage_service - INFO - 成功保存股票信息: 601808
2026-02-15 22:51:41,339 - database.storage_service - INFO - 成功保存股票信息: 300377
2026-02-15 22:51:41,340 - database.storage_service - INFO - 成功保存股票信息: 600844
2026-02-15 22:51:41,342 - database.storage_service - INFO - 成功保存股票信息: 688416
2026-02-15 22:51:41,343 - database.storage_service - INFO - 成功保存股票信息: 000027
2026-02-15 22:51:41,344 - database.storage_service - INFO - 成功保存股票信息: 301566
2026-02-15 22:51:41,345 - database.storage_service - INFO - 成功保存股票信息: 603286
2026-02-15 22:51:41,347 - database.storage_service - INFO - 成功保存股票信息: 600704
2026-02-15 22:51:41,348 - database.storage_service - INFO - 成功保存股票信息: 000498
2026-02-15 22:51:41,349 - database.storage_service - INFO - 成功保存股票信息: 002416
2026-02-15 22:51:41,350 - database.storage_service - INFO - 成功保存股票信息: 603179
2026-02-15 22:51:41,352 - database.storage_service - INFO - 成功保存股票信息: 301157
2026-02-15 22:51:41,354 - database.storage_service - INFO - 成功保存股票信息: 000912
2026-02-15 22:51:41,355 - database.storage_service - INFO - 成功保存股票信息: 603228
2026-02-15 22:51:41,356 - database.storage_service - INFO - 成功保存股票信息: 002092
2026-02-15 22:51:41,357 - database.storage_service - INFO - 成功保存股票信息: 600061
2026-02-15 22:51:41,359 - database.storage_service - INFO - 成功保存股票信息: 300774
2026-02-15 22:51:41,360 - database.storage_service - INFO - 成功保存股票信息: 301283
2026-02-15 22:51:41,361 - database.storage_service - INFO - 成功保存股票信息: 301291
2026-02-15 22:51:41,362 - database.storage_service - INFO - 成功保存股票信息: 600746
2026-02-15 22:51:41,364 - database.storage_service - INFO - 成功保存股票信息: 688266
2026-02-15 22:51:41,365 - database.storage_service - INFO - 成功保存股票信息: 300462
2026-02-15 22:51:41,366 - database.storage_service - INFO - 成功保存股票信息: 000537
2026-02-15 22:51:41,368 - database.storage_service - INFO - 成功保存股票信息: 002053
2026-02-15 22:51:41,369 - database.storage_service - INFO - 成功保存股票信息: 000036
2026-02-15 22:51:41,371 - database.storage_service - INFO - 成功保存股票信息: 002879
2026-02-15 22:51:41,372 - database.storage_service - INFO - 成功保存股票信息: 000401
2026-02-15 22:51:41,373 - database.storage_service - INFO - 成功保存股票信息: 603005
2026-02-15 22:51:41,374 - database.storage_service - INFO - 成功保存股票信息: 601012
2026-02-15 22:51:41,376 - database.storage_service - INFO - 成功保存股票信息: 603095
2026-02-15 22:51:41,377 - database.storage_service - INFO - 成功保存股票信息: 600251
2026-02-15 22:51:41,378 - database.storage_service - INFO - 成功保存股票信息: 300641
2026-02-15 22:51:41,379 - database.storage_service - INFO - 成功保存股票信息: 688183
2026-02-15 22:51:41,380 - database.storage_service - INFO - 成功保存股票信息: 688127
2026-02-15 22:51:41,382 - database.storage_service - INFO - 成功保存股票信息: 300217
2026-02-15 22:51:41,383 - database.storage_service - INFO - 成功保存股票信息: 600983
2026-02-15 22:51:41,400 - database.storage_service - INFO - 成功保存股票信息: 600116
2026-02-15 22:51:41,424 - database.storage_service - INFO - 成功保存股票信息: 300762
2026-02-15 22:51:41,430 - database.storage_service - INFO - 成功保存股票信息: 000930
2026-02-15 22:51:41,432 - database.storage_service - INFO - 成功保存股票信息: 300873
2026-02-15 22:51:41,434 - database.storage_service - INFO - 成功保存股票信息: 002238
2026-02-15 22:51:41,436 - database.storage_service - INFO - 成功保存股票信息: 920807
2026-02-15 22:51:41,440 - database.storage_service - INFO - 成功保存股票信息: 000623
2026-02-15 22:51:41,448 - database.storage_service - INFO - 成功保存股票信息: 603383
2026-02-15 22:51:41,450 - database.storage_service - INFO - 成功保存股票信息: 300506
2026-02-15 22:51:41,452 - database.storage_service - INFO - 成功保存股票信息: 002572
2026-02-15 22:51:41,454 - database.storage_service - INFO - 成功保存股票信息: 600779
2026-02-15 22:51:41,456 - database.storage_service - INFO - 成功保存股票信息: 301062
2026-02-15 22:51:41,457 - database.storage_service - INFO - 成功保存股票信息: 688667
2026-02-15 22:51:41,459 - database.storage_service - INFO - 成功保存股票信息: 301165
2026-02-15 22:51:41,460 - database.storage_service - INFO - 成功保存股票信息: 603318
2026-02-15 22:51:41,461 - database.storage_service - INFO - 成功保存股票信息: 601778
2026-02-15 22:51:41,462 - database.storage_service - INFO - 成功保存股票信息: 603678
2026-02-15 22:51:41,464 - database.storage_service - INFO - 成功保存股票信息: 002412
2026-02-15 22:51:41,465 - database.storage_service - INFO - 成功保存股票信息: 688005
2026-02-15 22:51:41,466 - database.storage_service - INFO - 成功保存股票信息: 601717
2026-02-15 22:51:41,468 - database.storage_service - INFO - 成功保存股票信息: 002948
2026-02-15 22:51:41,470 - database.storage_service - INFO - 成功保存股票信息: 600621
2026-02-15 22:51:41,471 - database.storage_service - INFO - 成功保存股票信息: 688699
2026-02-15 22:51:41,472 - database.storage_service - INFO - 成功保存股票信息: 600979
2026-02-15 22:51:41,473 - database.storage_service - INFO - 成功保存股票信息: 605128
2026-02-15 22:51:41,475 - database.storage_service - INFO - 成功保存股票信息: 603185
2026-02-15 22:51:41,476 - database.storage_service - INFO - 成功保存股票信息: 300261
2026-02-15 22:51:41,477 - database.storage_service - INFO - 成功保存股票信息: 000612
2026-02-15 22:51:41,479 - database.storage_service - INFO - 成功保存股票信息: 600236
2026-02-15 22:51:41,480 - database.storage_service - INFO - 成功保存股票信息: 300957
2026-02-15 22:51:41,481 - database.storage_service - INFO - 成功保存股票信息: 603305
2026-02-15 22:51:41,482 - database.storage_service - INFO - 成功保存股票信息: 688568
2026-02-15 22:51:41,484 - database.storage_service - INFO - 成功保存股票信息: 600664
2026-02-15 22:51:41,486 - database.storage_service - INFO - 成功保存股票信息: 300014
2026-02-15 22:51:41,487 - database.storage_service - INFO - 成功保存股票信息: 603587
2026-02-15 22:51:41,489 - database.storage_service - INFO - 成功保存股票信息: 300299
2026-02-15 22:51:41,490 - database.storage_service - INFO - 成功保存股票信息: 000902
2026-02-15 22:51:41,491 - database.storage_service - INFO - 成功保存股票信息: 000995
2026-02-15 22:51:41,492 - database.storage_service - INFO - 成功保存股票信息: 000803
2026-02-15 22:51:41,493 - database.storage_service - INFO - 成功保存股票信息: 601811
2026-02-15 22:51:41,495 - database.storage_service - INFO - 成功保存股票信息: 300863
2026-02-15 22:51:41,496 - database.storage_service - INFO - 成功保存股票信息: 000552
2026-02-15 22:51:41,497 - database.storage_service - INFO - 成功保存股票信息: 002853
2026-02-15 22:51:41,498 - database.storage_service - INFO - 成功保存股票信息: 601112
2026-02-15 22:51:41,500 - database.storage_service - INFO - 成功保存股票信息: 002171
2026-02-15 22:51:41,502 - database.storage_service - INFO - 成功保存股票信息: 605589
2026-02-15 22:51:41,503 - database.storage_service - INFO - 成功保存股票信息: 002090
2026-02-15 22:51:41,504 - database.storage_service - INFO - 成功保存股票信息: 300085
2026-02-15 22:51:41,506 - database.storage_service - INFO - 成功保存股票信息: 000783
2026-02-15 22:51:41,507 - database.storage_service - INFO - 成功保存股票信息: 603983
2026-02-15 22:51:41,508 - database.storage_service - INFO - 成功保存股票信息: 000875
2026-02-15 22:51:41,509 - database.storage_service - INFO - 成功保存股票信息: 301382
2026-02-15 22:51:41,511 - database.storage_service - INFO - 成功保存股票信息: 600173
2026-02-15 22:51:41,512 - database.storage_service - INFO - 成功保存股票信息: 300937
2026-02-15 22:51:41,513 - database.storage_service - INFO - 成功保存股票信息: 002424
2026-02-15 22:51:41,515 - database.storage_service - INFO - 成功保存股票信息: 688131
2026-02-15 22:51:41,516 - database.storage_service - INFO - 成功保存股票信息: 300959
2026-02-15 22:51:41,518 - database.storage_service - INFO - 成功保存股票信息: 600596
2026-02-15 22:51:41,520 - database.storage_service - INFO - 成功保存股票信息: 000531
2026-02-15 22:51:41,521 - database.storage_service - INFO - 成功保存股票信息: 600223
2026-02-15 22:51:41,522 - database.storage_service - INFO - 成功保存股票信息: 600468
2026-02-15 22:51:41,523 - database.storage_service - INFO - 成功保存股票信息: 600032
2026-02-15 22:51:41,525 - database.storage_service - INFO - 成功保存股票信息: 600512
2026-02-15 22:51:41,526 - database.storage_service - INFO - 成功保存股票信息: 300755
2026-02-15 22:51:41,527 - database.storage_service - INFO - 成功保存股票信息: 601677
2026-02-15 22:51:41,528 - database.storage_service - INFO - 成功保存股票信息: 301273
2026-02-15 22:51:41,530 - database.storage_service - INFO - 成功保存股票信息: 300866
2026-02-15 22:51:41,531 - database.storage_service - INFO - 成功保存股票信息: 002263
2026-02-15 22:51:41,532 - database.storage_service - INFO - 成功保存股票信息: 600108
2026-02-15 22:51:41,534 - database.storage_service - INFO - 成功保存股票信息: 000055
2026-02-15 22:51:41,536 - database.storage_service - INFO - 成功保存股票信息: 600310
2026-02-15 22:51:41,537 - database.storage_service - INFO - 成功保存股票信息: 600623
2026-02-15 22:51:41,538 - database.storage_service - INFO - 成功保存股票信息: 600273
2026-02-15 22:51:41,540 - database.storage_service - INFO - 成功保存股票信息: 002588
2026-02-15 22:51:41,541 - database.storage_service - INFO - 成功保存股票信息: 920685
2026-02-15 22:51:41,542 - database.storage_service - INFO - 成功保存股票信息: 603773
2026-02-15 22:51:41,543 - database.storage_service - INFO - 成功保存股票信息: 002996
2026-02-15 22:51:41,544 - database.storage_service - INFO - 成功保存股票信息: 603337
2026-02-15 22:51:41,546 - database.storage_service - INFO - 成功保存股票信息: 002540
2026-02-15 22:51:41,547 - database.storage_service - INFO - 成功保存股票信息: 002207
2026-02-15 22:51:41,548 - database.storage_service - INFO - 成功保存股票信息: 603718
2026-02-15 22:51:41,549 - database.storage_service - INFO - 成功保存股票信息: 688052
2026-02-15 22:51:41,551 - database.storage_service - INFO - 成功保存股票信息: 300477
2026-02-15 22:51:41,553 - database.storage_service - INFO - 成功保存股票信息: 000739
2026-02-15 22:51:41,554 - database.storage_service - INFO - 成功保存股票信息: 002887
2026-02-15 22:51:41,555 - database.storage_service - INFO - 成功保存股票信息: 001322
2026-02-15 22:51:41,557 - database.storage_service - INFO - 成功保存股票信息: 300284
2026-02-15 22:51:41,558 - database.storage_service - INFO - 成功保存股票信息: 300066
2026-02-15 22:51:41,559 - database.storage_service - INFO - 成功保存股票信息: 920019
2026-02-15 22:51:41,560 - database.storage_service - INFO - 成功保存股票信息: 600029
2026-02-15 22:51:41,561 - database.storage_service - INFO - 成功保存股票信息: 002746
2026-02-15 22:51:41,563 - database.storage_service - INFO - 成功保存股票信息: 600637
2026-02-15 22:51:41,564 - database.storage_service - INFO - 成功保存股票信息: 301278
2026-02-15 22:51:41,565 - database.storage_service - INFO - 成功保存股票信息: 600325
2026-02-15 22:51:41,566 - database.storage_service - INFO - 成功保存股票信息: 002301
2026-02-15 22:51:41,568 - database.storage_service - INFO - 成功保存股票信息: 688150
2026-02-15 22:51:41,570 - database.storage_service - INFO - 成功保存股票信息: 601222
2026-02-15 22:51:41,571 - database.storage_service - INFO - 成功保存股票信息: 601700
2026-02-15 22:51:41,572 - database.storage_service - INFO - 成功保存股票信息: 002300
2026-02-15 22:51:41,573 - database.storage_service - INFO - 成功保存股票信息: 002375
2026-02-15 22:51:41,574 - database.storage_service - INFO - 成功保存股票信息: 688800
2026-02-15 22:51:41,576 - database.storage_service - INFO - 成功保存股票信息: 300224
2026-02-15 22:51:41,577 - database.storage_service - INFO - 成功保存股票信息: 300827
2026-02-15 22:51:41,578 - database.storage_service - INFO - 成功保存股票信息: 603686
2026-02-15 22:51:41,579 - database.storage_service - INFO - 成功保存股票信息: 000802
2026-02-15 22:51:41,580 - database.storage_service - INFO - 成功保存股票信息: 301609
2026-02-15 22:51:41,582 - database.storage_service - INFO - 成功保存股票信息: 603290
2026-02-15 22:51:41,583 - database.storage_service - INFO - 成功保存股票信息: 600395
2026-02-15 22:51:41,584 - database.storage_service - INFO - 成功保存股票信息: 001258
2026-02-15 22:51:41,586 - database.storage_service - INFO - 成功保存股票信息: 002345
2026-02-15 22:51:41,588 - database.storage_service - INFO - 成功保存股票信息: 002073
2026-02-15 22:51:41,589 - database.storage_service - INFO - 成功保存股票信息: 002485
2026-02-15 22:51:41,590 - database.storage_service - INFO - 成功保存股票信息: 920992
2026-02-15 22:51:41,591 - database.storage_service - INFO - 成功保存股票信息: 002488
2026-02-15 22:51:41,593 - database.storage_service - INFO - 成功保存股票信息: 002237
2026-02-15 22:51:41,594 - database.storage_service - INFO - 成功保存股票信息: 605088
2026-02-15 22:51:41,595 - database.storage_service - INFO - 成功保存股票信息: 688008
2026-02-15 22:51:41,596 - database.storage_service - INFO - 成功保存股票信息: 003022
2026-02-15 22:51:41,598 - database.storage_service - INFO - 成功保存股票信息: 002309
2026-02-15 22:51:41,599 - database.storage_service - INFO - 成功保存股票信息: 002772
2026-02-15 22:51:41,601 - database.storage_service - INFO - 成功保存股票信息: 003031
2026-02-15 22:51:41,602 - database.storage_service - INFO - 成功保存股票信息: 601008
2026-02-15 22:51:41,604 - database.storage_service - INFO - 成功保存股票信息: 600959
2026-02-15 22:51:41,605 - database.storage_service - INFO - 成功保存股票信息: 000927
2026-02-15 22:51:41,606 - database.storage_service - INFO - 成功保存股票信息: 301155
2026-02-15 22:51:41,607 - database.storage_service - INFO - 成功保存股票信息: 600327
2026-02-15 22:51:41,608 - database.storage_service - INFO - 成功保存股票信息: 688332
2026-02-15 22:51:41,610 - database.storage_service - INFO - 成功保存股票信息: 600717
2026-02-15 22:51:41,611 - database.storage_service - INFO - 成功保存股票信息: 600261
2026-02-15 22:51:41,612 - database.storage_service - INFO - 成功保存股票信息: 300153
2026-02-15 22:51:41,613 - database.storage_service - INFO - 成功保存股票信息: 600801
2026-02-15 22:51:41,614 - database.storage_service - INFO - 成功保存股票信息: 002056
2026-02-15 22:51:41,616 - database.storage_service - INFO - 成功保存股票信息: 300164
2026-02-15 22:51:41,617 - database.storage_service - INFO - 成功保存股票信息: 300076
2026-02-15 22:51:41,619 - database.storage_service - INFO - 成功保存股票信息: 000560
2026-02-15 22:51:41,620 - database.storage_service - INFO - 成功保存股票信息: 002170
2026-02-15 22:51:41,622 - database.storage_service - INFO - 成功保存股票信息: 002745
2026-02-15 22:51:41,623 - database.storage_service - INFO - 成功保存股票信息: 603125
2026-02-15 22:51:41,624 - database.storage_service - INFO - 成功保存股票信息: 300606
2026-02-15 22:51:41,625 - database.storage_service - INFO - 成功保存股票信息: 600098
2026-02-15 22:51:41,626 - database.storage_service - INFO - 成功保存股票信息: 601137
2026-02-15 22:51:41,628 - database.storage_service - INFO - 成功保存股票信息: 002226
2026-02-15 22:51:41,629 - database.storage_service - INFO - 成功保存股票信息: 002452
2026-02-15 22:51:41,630 - database.storage_service - INFO - 成功保存股票信息: 603172
2026-02-15 22:51:41,632 - database.storage_service - INFO - 成功保存股票信息: 000720
2026-02-15 22:51:41,633 - database.storage_service - INFO - 成功保存股票信息: 600400
2026-02-15 22:51:41,635 - database.storage_service - INFO - 成功保存股票信息: 002607
2026-02-15 22:51:41,637 - database.storage_service - INFO - 成功保存股票信息: 688035
2026-02-15 22:51:41,638 - database.storage_service - INFO - 成功保存股票信息: 688668
2026-02-15 22:51:41,639 - database.storage_service - INFO - 成功保存股票信息: 603516
2026-02-15 22:51:41,640 - database.storage_service - INFO - 成功保存股票信息: 603628
2026-02-15 22:51:41,641 - database.storage_service - INFO - 成功保存股票信息: 002434
2026-02-15 22:51:41,643 - database.storage_service - INFO - 成功保存股票信息: 688029
2026-02-15 22:51:41,644 - database.storage_service - INFO - 成功保存股票信息: 600186
2026-02-15 22:51:41,645 - database.storage_service - INFO - 成功保存股票信息: 600403
2026-02-15 22:51:41,647 - database.storage_service - INFO - 成功保存股票信息: 920099
2026-02-15 22:51:41,648 - database.storage_service - INFO - 成功保存股票信息: 300479
2026-02-15 22:51:41,649 - database.storage_service - INFO - 成功保存股票信息: 600333
2026-02-15 22:51:41,651 - database.storage_service - INFO - 成功保存股票信息: 688232
2026-02-15 22:51:41,653 - database.storage_service - INFO - 成功保存股票信息: 002075
2026-02-15 22:51:41,655 - database.storage_service - INFO - 成功保存股票信息: 002672
2026-02-15 22:51:41,656 - database.storage_service - INFO - 成功保存股票信息: 601108
2026-02-15 22:51:41,657 - database.storage_service - INFO - 成功保存股票信息: 603719
2026-02-15 22:51:41,658 - database.storage_service - INFO - 成功保存股票信息: 603565
2026-02-15 22:51:41,660 - database.storage_service - INFO - 成功保存股票信息: 600379
2026-02-15 22:51:41,661 - database.storage_service - INFO - 成功保存股票信息: 600604
2026-02-15 22:51:41,662 - database.storage_service - INFO - 成功保存股票信息: 002560
2026-02-15 22:51:41,664 - database.storage_service - INFO - 成功保存股票信息: 600177
2026-02-15 22:51:41,665 - database.storage_service - INFO - 成功保存股票信息: 600323
2026-02-15 22:51:41,666 - database.storage_service - INFO - 成功保存股票信息: 600343
2026-02-15 22:51:41,668 - database.storage_service - INFO - 成功保存股票信息: 003012
2026-02-15 22:51:41,670 - database.storage_service - INFO - 成功保存股票信息: 002081
2026-02-15 22:51:41,671 - database.storage_service - INFO - 成功保存股票信息: 605117
2026-02-15 22:51:41,672 - database.storage_service - INFO - 成功保存股票信息: 300510
2026-02-15 22:51:41,673 - database.storage_service - INFO - 成功保存股票信息: 600256
2026-02-15 22:51:41,674 - database.storage_service - INFO - 成功保存股票信息: 300363
2026-02-15 22:51:41,675 - database.storage_service - INFO - 成功保存股票信息: 601696
2026-02-15 22:51:41,677 - database.storage_service - INFO - 成功保存股票信息: 000715
2026-02-15 22:51:41,678 - database.storage_service - INFO - 成功保存股票信息: 600681
2026-02-15 22:51:41,679 - database.storage_service - INFO - 成功保存股票信息: 600744
2026-02-15 22:51:41,681 - database.storage_service - INFO - 成功保存股票信息: 000059
2026-02-15 22:51:41,682 - database.storage_service - INFO - 成功保存股票信息: 603312
2026-02-15 22:51:41,683 - database.storage_service - INFO - 成功保存股票信息: 603393
2026-02-15 22:51:41,685 - database.storage_service - INFO - 成功保存股票信息: 300212
2026-02-15 22:51:41,687 - database.storage_service - INFO - 成功保存股票信息: 002082
2026-02-15 22:51:41,688 - database.storage_service - INFO - 成功保存股票信息: 002523
2026-02-15 22:51:41,689 - database.storage_service - INFO - 成功保存股票信息: 688188
2026-02-15 22:51:41,690 - database.storage_service - INFO - 成功保存股票信息: 300125
2026-02-15 22:51:41,691 - database.storage_service - INFO - 成功保存股票信息: 601015
2026-02-15 22:51:41,693 - database.storage_service - INFO - 成功保存股票信息: 000877
2026-02-15 22:51:41,694 - database.storage_service - INFO - 成功保存股票信息: 600425
2026-02-15 22:51:41,695 - database.storage_service - INFO - 成功保存股票信息: 300332
2026-02-15 22:51:41,696 - database.storage_service - INFO - 成功保存股票信息: 002980
2026-02-15 22:51:41,698 - database.storage_service - INFO - 成功保存股票信息: 000917
2026-02-15 22:51:41,699 - database.storage_service - INFO - 成功保存股票信息: 301536
2026-02-15 22:51:41,700 - database.storage_service - INFO - 成功保存股票信息: 601016
2026-02-15 22:51:41,702 - database.storage_service - INFO - 成功保存股票信息: 600825
2026-02-15 22:51:41,704 - database.storage_service - INFO - 成功保存股票信息: 002346
2026-02-15 22:51:41,705 - database.storage_service - INFO - 成功保存股票信息: 000778
2026-02-15 22:51:41,706 - database.storage_service - INFO - 成功保存股票信息: 002605
2026-02-15 22:51:41,707 - database.storage_service - INFO - 成功保存股票信息: 300043
2026-02-15 22:51:41,708 - database.storage_service - INFO - 成功保存股票信息: 002256
2026-02-15 22:51:41,710 - database.storage_service - INFO - 成功保存股票信息: 688631
2026-02-15 22:51:41,711 - database.storage_service - INFO - 成功保存股票信息: 920304
2026-02-15 22:51:41,712 - database.storage_service - INFO - 成功保存股票信息: 002274
2026-02-15 22:51:41,713 - database.storage_service - INFO - 成功保存股票信息: 002690
2026-02-15 22:51:41,715 - database.storage_service - INFO - 成功保存股票信息: 000825
2026-02-15 22:51:41,716 - database.storage_service - INFO - 成功保存股票信息: 600298
2026-02-15 22:51:41,717 - database.storage_service - INFO - 成功保存股票信息: 000993
2026-02-15 22:51:41,719 - database.storage_service - INFO - 成功保存股票信息: 688065
2026-02-15 22:51:41,720 - database.storage_service - INFO - 成功保存股票信息: 000988
2026-02-15 22:51:41,722 - database.storage_service - INFO - 成功保存股票信息: 600438
2026-02-15 22:51:41,723 - database.storage_service - INFO - 成功保存股票信息: 300323
2026-02-15 22:51:41,724 - database.storage_service - INFO - 成功保存股票信息: 920703
2026-02-15 22:51:41,725 - database.storage_service - INFO - 成功保存股票信息: 600010
2026-02-15 22:51:41,726 - database.storage_service - INFO - 成功保存股票信息: 002392
2026-02-15 22:51:41,728 - database.storage_service - INFO - 成功保存股票信息: 002978
2026-02-15 22:51:41,729 - database.storage_service - INFO - 成功保存股票信息: 603222
2026-02-15 22:51:41,730 - database.storage_service - INFO - 成功保存股票信息: 300373
2026-02-15 22:51:41,731 - database.storage_service - INFO - 成功保存股票信息: 002044
2026-02-15 22:51:41,733 - database.storage_service - INFO - 成功保存股票信息: 300721
2026-02-15 22:51:41,734 - database.storage_service - INFO - 成功保存股票信息: 688230
2026-02-15 22:51:41,736 - database.storage_service - INFO - 成功保存股票信息: 002851
2026-02-15 22:51:41,737 - database.storage_service - INFO - 成功保存股票信息: 688593
2026-02-15 22:51:41,739 - database.storage_service - INFO - 成功保存股票信息: 001360
2026-02-15 22:51:41,740 - database.storage_service - INFO - 成功保存股票信息: 300378
2026-02-15 22:51:41,741 - database.storage_service - INFO - 成功保存股票信息: 301136
2026-02-15 22:51:41,742 - database.storage_service - INFO - 成功保存股票信息: 000010
2026-02-15 22:51:41,743 - database.storage_service - INFO - 成功保存股票信息: 600585
2026-02-15 22:51:41,745 - database.storage_service - INFO - 成功保存股票信息: 600226
2026-02-15 22:51:41,746 - database.storage_service - INFO - 成功保存股票信息: 300317
2026-02-15 22:51:41,748 - database.storage_service - INFO - 成功保存股票信息: 601388
2026-02-15 22:51:41,749 - database.storage_service - INFO - 成功保存股票信息: 600470
2026-02-15 22:51:41,751 - database.storage_service - INFO - 成功保存股票信息: 920039
2026-02-15 22:51:41,752 - database.storage_service - INFO - 成功保存股票信息: 002712
2026-02-15 22:51:41,754 - database.storage_service - INFO - 成功保存股票信息: 000682
2026-02-15 22:51:41,755 - database.storage_service - INFO - 成功保存股票信息: 002531
2026-02-15 22:51:41,756 - database.storage_service - INFO - 成功保存股票信息: 601019
2026-02-15 22:51:41,757 - database.storage_service - INFO - 成功保存股票信息: 603599
2026-02-15 22:51:41,759 - database.storage_service - INFO - 成功保存股票信息: 603256
2026-02-15 22:51:41,760 - database.storage_service - INFO - 成功保存股票信息: 000852
2026-02-15 22:51:41,761 - database.storage_service - INFO - 成功保存股票信息: 600776
2026-02-15 22:51:41,762 - database.storage_service - INFO - 成功保存股票信息: 600780
2026-02-15 22:51:41,764 - database.storage_service - INFO - 成功保存股票信息: 002465
2026-02-15 22:51:41,765 - database.storage_service - INFO - 成功保存股票信息: 601179
2026-02-15 22:51:41,766 - database.storage_service - INFO - 成功保存股票信息: 920985
2026-02-15 22:51:41,769 - database.storage_service - INFO - 成功保存股票信息: 300683
2026-02-15 22:51:41,770 - database.storage_service - INFO - 成功保存股票信息: 000586
2026-02-15 22:51:41,771 - database.storage_service - INFO - 成功保存股票信息: 300298
2026-02-15 22:51:41,772 - database.storage_service - INFO - 成功保存股票信息: 301222
2026-02-15 22:51:41,774 - database.storage_service - INFO - 成功保存股票信息: 688315
2026-02-15 22:51:41,775 - database.storage_service - INFO - 成功保存股票信息: 002442
2026-02-15 22:51:41,776 - database.storage_service - INFO - 成功保存股票信息: 000665
2026-02-15 22:51:41,777 - database.storage_service - INFO - 成功保存股票信息: 601002
2026-02-15 22:51:41,779 - database.storage_service - INFO - 成功保存股票信息: 002678
2026-02-15 22:51:41,780 - database.storage_service - INFO - 成功保存股票信息: 002040
2026-02-15 22:51:41,781 - database.storage_service - INFO - 成功保存股票信息: 300185
2026-02-15 22:51:41,782 - database.storage_service - INFO - 成功保存股票信息: 601390
2026-02-15 22:51:41,784 - database.storage_service - INFO - 成功保存股票信息: 603916
2026-02-15 22:51:41,786 - database.storage_service - INFO - 成功保存股票信息: 601228
2026-02-15 22:51:41,787 - database.storage_service - INFO - 成功保存股票信息: 300505
2026-02-15 22:51:41,789 - database.storage_service - INFO - 成功保存股票信息: 601611
2026-02-15 22:51:41,790 - database.storage_service - INFO - 成功保存股票信息: 000156
2026-02-15 22:51:41,791 - database.storage_service - INFO - 成功保存股票信息: 000582
2026-02-15 22:51:41,792 - database.storage_service - INFO - 成功保存股票信息: 300783
2026-02-15 22:51:41,793 - database.storage_service - INFO - 成功保存股票信息: 002653
2026-02-15 22:51:41,795 - database.storage_service - INFO - 成功保存股票信息: 603279
2026-02-15 22:51:41,796 - database.storage_service - INFO - 成功保存股票信息: 002895
2026-02-15 22:51:41,798 - database.storage_service - INFO - 成功保存股票信息: 300533
2026-02-15 22:51:41,799 - database.storage_service - INFO - 成功保存股票信息: 601155
2026-02-15 22:51:41,801 - database.storage_service - INFO - 成功保存股票信息: 603209
2026-02-15 22:51:41,803 - database.storage_service - INFO - 成功保存股票信息: 000553
2026-02-15 22:51:41,804 - database.storage_service - INFO - 成功保存股票信息: 600810
2026-02-15 22:51:41,805 - database.storage_service - INFO - 成功保存股票信息: 300179
2026-02-15 22:51:41,806 - database.storage_service - INFO - 成功保存股票信息: 300364
2026-02-15 22:51:41,808 - database.storage_service - INFO - 成功保存股票信息: 601929
2026-02-15 22:51:41,809 - database.storage_service - INFO - 成功保存股票信息: 688028
2026-02-15 22:51:41,810 - database.storage_service - INFO - 成功保存股票信息: 002538
2026-02-15 22:51:41,811 - database.storage_service - INFO - 成功保存股票信息: 300270
2026-02-15 22:51:41,813 - database.storage_service - INFO - 成功保存股票信息: 688206
2026-02-15 22:51:41,814 - database.storage_service - INFO - 成功保存股票信息: 600916
2026-02-15 22:51:41,815 - database.storage_service - INFO - 成功保存股票信息: 688046
2026-02-15 22:51:41,816 - database.storage_service - INFO - 成功保存股票信息: 002109
2026-02-15 22:51:41,818 - database.storage_service - INFO - 成功保存股票信息: 000630
2026-02-15 22:51:41,820 - database.storage_service - INFO - 成功保存股票信息: 300765
2026-02-15 22:51:41,821 - database.storage_service - INFO - 成功保存股票信息: 002826
2026-02-15 22:51:41,822 - database.storage_service - INFO - 成功保存股票信息: 688122
2026-02-15 22:51:41,823 - database.storage_service - INFO - 成功保存股票信息: 600426
2026-02-15 22:51:41,825 - database.storage_service - INFO - 成功保存股票信息: 002663
2026-02-15 22:51:41,826 - database.storage_service - INFO - 成功保存股票信息: 601898
2026-02-15 22:51:41,827 - database.storage_service - INFO - 成功保存股票信息: 000507
2026-02-15 22:51:41,829 - database.storage_service - INFO - 成功保存股票信息: 600770
2026-02-15 22:51:41,830 - database.storage_service - INFO - 成功保存股票信息: 301043
2026-02-15 22:51:41,831 - database.storage_service - INFO - 成功保存股票信息: 605050
2026-02-15 22:51:41,833 - database.storage_service - INFO - 成功保存股票信息: 300413
2026-02-15 22:51:41,834 - database.storage_service - INFO - 成功保存股票信息: 002408
2026-02-15 22:51:41,836 - database.storage_service - INFO - 成功保存股票信息: 002459
2026-02-15 22:51:41,837 - database.storage_service - INFO - 成功保存股票信息: 600546
2026-02-15 22:51:41,839 - database.storage_service - INFO - 成功保存股票信息: 000056
2026-02-15 22:51:41,840 - database.storage_service - INFO - 成功保存股票信息: 002518
2026-02-15 22:51:41,842 - database.storage_service - INFO - 成功保存股票信息: 605337
2026-02-15 22:51:41,843 - database.storage_service - INFO - 成功保存股票信息: 600740
2026-02-15 22:51:41,844 - database.storage_service - INFO - 成功保存股票信息: 300913
2026-02-15 22:51:41,846 - database.storage_service - INFO - 成功保存股票信息: 300843
2026-02-15 22:51:41,847 - database.storage_service - INFO - 成功保存股票信息: 600183
2026-02-15 22:51:41,848 - database.storage_service - INFO - 成功保存股票信息: 300428
2026-02-15 22:51:41,850 - database.storage_service - INFO - 成功保存股票信息: 688209
2026-02-15 22:51:41,852 - database.storage_service - INFO - 成功保存股票信息: 301158
2026-02-15 22:51:41,853 - database.storage_service - INFO - 成功保存股票信息: 600469
2026-02-15 22:51:41,854 - database.storage_service - INFO - 成功保存股票信息: 600096
2026-02-15 22:51:41,856 - database.storage_service - INFO - 成功保存股票信息: 002221
2026-02-15 22:51:41,857 - database.storage_service - INFO - 成功保存股票信息: 002444
2026-02-15 22:51:41,858 - database.storage_service - INFO - 成功保存股票信息: 601880
2026-02-15 22:51:41,859 - database.storage_service - INFO - 成功保存股票信息: 000420
2026-02-15 22:51:41,861 - database.storage_service - INFO - 成功保存股票信息: 600497
2026-02-15 22:51:41,862 - database.storage_service - INFO - 成功保存股票信息: 688787
2026-02-15 22:51:41,864 - database.storage_service - INFO - 成功保存股票信息: 301361
2026-02-15 22:51:41,865 - database.storage_service - INFO - 成功保存股票信息: 000936
2026-02-15 22:51:41,866 - database.storage_service - INFO - 成功保存股票信息: 002544
2026-02-15 22:51:41,868 - database.storage_service - INFO - 成功保存股票信息: 601100
2026-02-15 22:51:41,870 - database.storage_service - INFO - 成功保存股票信息: 603126
2026-02-15 22:51:41,871 - database.storage_service - INFO - 成功保存股票信息: 600714
2026-02-15 22:51:41,872 - database.storage_service - INFO - 成功保存股票信息: 300157
2026-02-15 22:51:41,874 - database.storage_service - INFO - 成功保存股票信息: 002079
2026-02-15 22:51:41,875 - database.storage_service - INFO - 成功保存股票信息: 301413
2026-02-15 22:51:41,876 - database.storage_service - INFO - 成功保存股票信息: 301272
2026-02-15 22:51:41,877 - database.storage_service - INFO - 成功保存股票信息: 601992
2026-02-15 22:51:41,878 - database.storage_service - INFO - 成功保存股票信息: 301029
2026-02-15 22:51:41,880 - database.storage_service - INFO - 成功保存股票信息: 688598
2026-02-15 22:51:41,881 - database.storage_service - INFO - 成功保存股票信息: 002182
2026-02-15 22:51:41,882 - database.storage_service - INFO - 成功保存股票信息: 300684
2026-02-15 22:51:41,883 - database.storage_service - INFO - 成功保存股票信息: 000629
2026-02-15 22:51:41,885 - database.storage_service - INFO - 成功保存股票信息: 600131
2026-02-15 22:51:41,887 - database.storage_service - INFO - 成功保存股票信息: 300628
2026-02-15 22:51:41,888 - database.storage_service - INFO - 成功保存股票信息: 000761
2026-02-15 22:51:41,889 - database.storage_service - INFO - 成功保存股票信息: 002195
2026-02-15 22:51:41,890 - database.storage_service - INFO - 成功保存股票信息: 000723
2026-02-15 22:51:41,892 - database.storage_service - INFO - 成功保存股票信息: 301182
2026-02-15 22:51:41,893 - database.storage_service - INFO - 成功保存股票信息: 000601
2026-02-15 22:51:41,894 - database.storage_service - INFO - 成功保存股票信息: 603171
2026-02-15 22:51:41,895 - database.storage_service - INFO - 成功保存股票信息: 601298
2026-02-15 22:51:41,897 - database.storage_service - INFO - 成功保存股票信息: 002511
2026-02-15 22:51:41,898 - database.storage_service - INFO - 成功保存股票信息: 600988
2026-02-15 22:51:41,899 - database.storage_service - INFO - 成功保存股票信息: 002369
2026-02-15 22:51:41,901 - database.storage_service - INFO - 成功保存股票信息: 600868
2026-02-15 22:51:41,903 - database.storage_service - INFO - 成功保存股票信息: 603399
2026-02-15 22:51:41,904 - database.storage_service - INFO - 成功保存股票信息: 603829
2026-02-15 22:51:41,905 - database.storage_service - INFO - 成功保存股票信息: 300797
2026-02-15 22:51:41,906 - database.storage_service - INFO - 成功保存股票信息: 688597
2026-02-15 22:51:41,907 - database.storage_service - INFO - 成功保存股票信息: 600963
2026-02-15 22:51:41,909 - database.storage_service - INFO - 成功保存股票信息: 603255
2026-02-15 22:51:41,910 - database.storage_service - INFO - 成功保存股票信息: 002961
2026-02-15 22:51:41,911 - database.storage_service - INFO - 成功保存股票信息: 605098
2026-02-15 22:51:41,912 - database.storage_service - INFO - 成功保存股票信息: 002361
2026-02-15 22:51:41,914 - database.storage_service - INFO - 成功保存股票信息: 600578
2026-02-15 22:51:41,915 - database.storage_service - INFO - 成功保存股票信息: 003030
2026-02-15 22:51:41,916 - database.storage_service - INFO - 成功保存股票信息: 688216
2026-02-15 22:51:41,917 - database.storage_service - INFO - 成功保存股票信息: 002582
2026-02-15 22:51:41,919 - database.storage_service - INFO - 成功保存股票信息: 600688
2026-02-15 22:51:41,921 - database.storage_service - INFO - 成功保存股票信息: 002140
2026-02-15 22:51:41,922 - database.storage_service - INFO - 成功保存股票信息: 600160
2026-02-15 22:51:41,923 - database.storage_service - INFO - 成功保存股票信息: 300145
2026-02-15 22:51:41,924 - database.storage_service - INFO - 成功保存股票信息: 603727
2026-02-15 22:51:41,925 - database.storage_service - INFO - 成功保存股票信息: 600876
2026-02-15 22:51:41,927 - database.storage_service - INFO - 成功保存股票信息: 600057
2026-02-15 22:51:41,928 - database.storage_service - INFO - 成功保存股票信息: 688799
2026-02-15 22:51:41,929 - database.storage_service - INFO - 成功保存股票信息: 002160
2026-02-15 22:51:41,931 - database.storage_service - INFO - 成功保存股票信息: 300808
2026-02-15 22:51:41,932 - database.storage_service - INFO - 成功保存股票信息: 603878
2026-02-15 22:51:41,934 - database.storage_service - INFO - 成功保存股票信息: 300027
2026-02-15 22:51:41,936 - database.storage_service - INFO - 成功保存股票信息: 920180
2026-02-15 22:51:41,937 - database.storage_service - INFO - 成功保存股票信息: 003011
2026-02-15 22:51:41,938 - database.storage_service - INFO - 成功保存股票信息: 300602
2026-02-15 22:51:41,940 - database.storage_service - INFO - 成功保存股票信息: 600982
2026-02-15 22:51:41,941 - database.storage_service - INFO - 成功保存股票信息: 600328
2026-02-15 22:51:41,942 - database.storage_service - INFO - 成功保存股票信息: 600814
2026-02-15 22:51:41,943 - database.storage_service - INFO - 成功保存股票信息: 600691
2026-02-15 22:51:41,945 - database.storage_service - INFO - 成功保存股票信息: 603693
2026-02-15 22:51:41,946 - database.storage_service - INFO - 成功保存股票信息: 002145
2026-02-15 22:51:41,948 - database.storage_service - INFO - 成功保存股票信息: 600761
2026-02-15 22:51:41,949 - database.storage_service - INFO - 成功保存股票信息: 603456
2026-02-15 22:51:41,951 - database.storage_service - INFO - 成功保存股票信息: 002562
2026-02-15 22:51:41,953 - database.storage_service - INFO - 成功保存股票信息: 300738
2026-02-15 22:51:41,954 - database.storage_service - INFO - 成功保存股票信息: 002850
2026-02-15 22:51:41,955 - database.storage_service - INFO - 成功保存股票信息: 002526
2026-02-15 22:51:41,956 - database.storage_service - INFO - 成功保存股票信息: 301262
2026-02-15 22:51:41,958 - database.storage_service - INFO - 成功保存股票信息: 603188
2026-02-15 22:51:41,959 - database.storage_service - INFO - 成功保存股票信息: 001389
2026-02-15 22:51:41,960 - database.storage_service - INFO - 成功保存股票信息: 000683
2026-02-15 22:51:41,961 - database.storage_service - INFO - 成功保存股票信息: 600017
2026-02-15 22:51:41,962 - database.storage_service - INFO - 成功保存股票信息: 000012
2026-02-15 22:51:41,964 - database.storage_service - INFO - 成功保存股票信息: 002150
2026-02-15 22:51:41,965 - database.storage_service - INFO - 成功保存股票信息: 301391
2026-02-15 22:51:41,966 - database.storage_service - INFO - 成功保存股票信息: 301551
2026-02-15 22:51:41,968 - database.storage_service - INFO - 成功保存股票信息: 300471
2026-02-15 22:51:41,970 - database.storage_service - INFO - 成功保存股票信息: 601117
2026-02-15 22:51:41,971 - database.storage_service - INFO - 成功保存股票信息: 688777
2026-02-15 22:51:41,972 - database.storage_service - INFO - 成功保存股票信息: 688679
2026-02-15 22:51:41,973 - database.storage_service - INFO - 成功保存股票信息: 002993
2026-02-15 22:51:41,974 - database.storage_service - INFO - 成功保存股票信息: 300558
2026-02-15 22:51:41,976 - database.storage_service - INFO - 成功保存股票信息: 601058
2026-02-15 22:51:41,977 - database.storage_service - INFO - 成功保存股票信息: 600997
2026-02-15 22:51:41,978 - database.storage_service - INFO - 成功保存股票信息: 300136
2026-02-15 22:51:41,979 - database.storage_service - INFO - 成功保存股票信息: 301178
2026-02-15 22:51:41,981 - database.storage_service - INFO - 成功保存股票信息: 920571
2026-02-15 22:51:41,982 - database.storage_service - INFO - 成功保存股票信息: 601699
2026-02-15 22:51:41,983 - database.storage_service - INFO - 成功保存股票信息: 600141
2026-02-15 22:51:41,985 - database.storage_service - INFO - 成功保存股票信息: 600727
2026-02-15 22:51:41,987 - database.storage_service - INFO - 成功保存股票信息: 920007
2026-02-15 22:51:41,988 - database.storage_service - INFO - 成功保存股票信息: 601005
2026-02-15 22:51:41,989 - database.storage_service - INFO - 成功保存股票信息: 600262
2026-02-15 22:51:41,990 - database.storage_service - INFO - 成功保存股票信息: 300697
2026-02-15 22:51:41,992 - database.storage_service - INFO - 成功保存股票信息: 601225
2026-02-15 22:51:41,993 - database.storage_service - INFO - 成功保存股票信息: 600348
2026-02-15 22:51:41,994 - database.storage_service - INFO - 成功保存股票信息: 603887
2026-02-15 22:51:41,996 - database.storage_service - INFO - 成功保存股票信息: 600338
2026-02-15 22:51:41,997 - database.storage_service - INFO - 成功保存股票信息: 600633
2026-02-15 22:51:41,998 - database.storage_service - INFO - 成功保存股票信息: 300933
2026-02-15 22:51:41,999 - database.storage_service - INFO - 成功保存股票信息: 601088
2026-02-15 22:51:42,001 - database.storage_service - INFO - 成功保存股票信息: 600758
2026-02-15 22:51:42,003 - database.storage_service - INFO - 成功保存股票信息: 688159
2026-02-15 22:51:42,004 - database.storage_service - INFO - 成功保存股票信息: 001332
2026-02-15 22:51:42,005 - database.storage_service - INFO - 成功保存股票信息: 600819
2026-02-15 22:51:42,007 - database.storage_service - INFO - 成功保存股票信息: 301251
2026-02-15 22:51:42,008 - database.storage_service - INFO - 成功保存股票信息: 603999
2026-02-15 22:51:42,009 - database.storage_service - INFO - 成功保存股票信息: 603556
2026-02-15 22:51:42,010 - database.storage_service - INFO - 成功保存股票信息: 002636
2026-02-15 22:51:42,011 - database.storage_service - INFO - 成功保存股票信息: 300015
2026-02-15 22:51:42,013 - database.storage_service - INFO - 成功保存股票信息: 000157
2026-02-15 22:51:42,014 - database.storage_service - INFO - 成功保存股票信息: 000708
2026-02-15 22:51:42,015 - database.storage_service - INFO - 成功保存股票信息: 300578
2026-02-15 22:51:42,016 - database.storage_service - INFO - 成功保存股票信息: 603009
2026-02-15 22:51:42,018 - database.storage_service - INFO - 成功保存股票信息: 002563
2026-02-15 22:51:42,020 - database.storage_service - INFO - 成功保存股票信息: 000962
2026-02-15 22:51:42,021 - database.storage_service - INFO - 成功保存股票信息: 300654
2026-02-15 22:51:42,023 - database.storage_service - INFO - 成功保存股票信息: 002945
2026-02-15 22:51:42,024 - database.storage_service - INFO - 成功保存股票信息: 000862
2026-02-15 22:51:42,025 - database.storage_service - INFO - 成功保存股票信息: 688222
2026-02-15 22:51:42,026 - database.storage_service - INFO - 成功保存股票信息: 300767
2026-02-15 22:51:42,027 - database.storage_service - INFO - 成功保存股票信息: 002928
2026-02-15 22:51:42,028 - database.storage_service - INFO - 成功保存股票信息: 688296
2026-02-15 22:51:42,030 - database.storage_service - INFO - 成功保存股票信息: 300071
2026-02-15 22:51:42,031 - database.storage_service - INFO - 成功保存股票信息: 002028
2026-02-15 22:51:42,032 - database.storage_service - INFO - 成功保存股票信息: 300737
2026-02-15 22:51:42,033 - database.storage_service - INFO - 成功保存股票信息: 688387
2026-02-15 22:51:42,035 - database.storage_service - INFO - 成功保存股票信息: 300997
2026-02-15 22:51:42,036 - database.storage_service - INFO - 成功保存股票信息: 688349
2026-02-15 22:51:42,038 - database.storage_service - INFO - 成功保存股票信息: 000655
2026-02-15 22:51:42,039 - database.storage_service - INFO - 成功保存股票信息: 920061
2026-02-15 22:51:42,040 - database.storage_service - INFO - 成功保存股票信息: 002545
2026-02-15 22:51:42,041 - database.storage_service - INFO - 成功保存股票信息: 000795
2026-02-15 22:51:42,043 - database.storage_service - INFO - 成功保存股票信息: 300759
2026-02-15 22:51:42,044 - database.storage_service - INFO - 成功保存股票信息: 920505
2026-02-15 22:51:42,045 - database.storage_service - INFO - 成功保存股票信息: 688331
2026-02-15 22:51:42,046 - database.storage_service - INFO - 成功保存股票信息: 000923
2026-02-15 22:51:42,047 - database.storage_service - INFO - 成功保存股票信息: 300855
2026-02-15 22:51:42,049 - database.storage_service - INFO - 成功保存股票信息: 300226
2026-02-15 22:51:42,050 - database.storage_service - INFO - 成功保存股票信息: 301004
2026-02-15 22:51:42,052 - database.storage_service - INFO - 成功保存股票信息: 300459
2026-02-15 22:51:42,053 - database.storage_service - INFO - 成功保存股票信息: 002001
2026-02-15 22:51:42,055 - database.storage_service - INFO - 成功保存股票信息: 000525
2026-02-15 22:51:42,056 - database.storage_service - INFO - 成功保存股票信息: 002539
2026-02-15 22:51:42,057 - database.storage_service - INFO - 成功保存股票信息: 000528
2026-02-15 22:51:42,058 - database.storage_service - INFO - 成功保存股票信息: 300591
2026-02-15 22:51:42,060 - database.storage_service - INFO - 成功保存股票信息: 688539
2026-02-15 22:51:42,061 - database.storage_service - INFO - 成功保存股票信息: 300837
2026-02-15 22:51:42,062 - database.storage_service - INFO - 成功保存股票信息: 002115
2026-02-15 22:51:42,063 - database.storage_service - INFO - 成功保存股票信息: 002617
2026-02-15 22:51:42,065 - database.storage_service - INFO - 成功保存股票信息: 603063
2026-02-15 22:51:42,066 - database.storage_service - INFO - 成功保存股票信息: 000677
2026-02-15 22:51:42,068 - database.storage_service - INFO - 成功保存股票信息: 002645
2026-02-15 22:51:42,069 - database.storage_service - INFO - 成功保存股票信息: 300401
2026-02-15 22:51:42,071 - database.storage_service - INFO - 成功保存股票信息: 688365
2026-02-15 22:51:42,072 - database.storage_service - INFO - 成功保存股票信息: 300775
2026-02-15 22:51:42,073 - database.storage_service - INFO - 成功保存股票信息: 000878
2026-02-15 22:51:42,074 - database.storage_service - INFO - 成功保存股票信息: 600853
2026-02-15 22:51:42,075 - database.storage_service - INFO - 成功保存股票信息: 600739
2026-02-15 22:51:42,077 - database.storage_service - INFO - 成功保存股票信息: 920284
2026-02-15 22:51:42,078 - database.storage_service - INFO - 成功保存股票信息: 300803
2026-02-15 22:51:42,079 - database.storage_service - INFO - 成功保存股票信息: 000545
2026-02-15 22:51:42,080 - database.storage_service - INFO - 成功保存股票信息: 688059
2026-02-15 22:51:42,082 - database.storage_service - INFO - 成功保存股票信息: 600707
2026-02-15 22:51:42,083 - database.storage_service - INFO - 成功保存股票信息: 600980
2026-02-15 22:51:42,085 - database.storage_service - INFO - 成功保存股票信息: 600052
2026-02-15 22:51:42,086 - database.storage_service - INFO - 成功保存股票信息: 603051
2026-02-15 22:51:42,088 - database.storage_service - INFO - 成功保存股票信息: 603861
2026-02-15 22:51:42,089 - database.storage_service - INFO - 成功保存股票信息: 600362
2026-02-15 22:51:42,090 - database.storage_service - INFO - 成功保存股票信息: 000581
2026-02-15 22:51:42,091 - database.storage_service - INFO - 成功保存股票信息: 600163
2026-02-15 22:51:42,093 - database.storage_service - INFO - 成功保存股票信息: 002616
2026-02-15 22:51:42,094 - database.storage_service - INFO - 成功保存股票信息: 000400
2026-02-15 22:51:42,095 - database.storage_service - INFO - 成功保存股票信息: 002821
2026-02-15 22:51:42,096 - database.storage_service - INFO - 成功保存股票信息: 000422
2026-02-15 22:51:42,098 - database.storage_service - INFO - 成功保存股票信息: 002536
2026-02-15 22:51:42,099 - database.storage_service - INFO - 成功保存股票信息: 688698
2026-02-15 22:51:42,101 - database.storage_service - INFO - 成功保存股票信息: 688228
2026-02-15 22:51:42,102 - database.storage_service - INFO - 成功保存股票信息: 600172
2026-02-15 22:51:42,104 - database.storage_service - INFO - 成功保存股票信息: 002995
2026-02-15 22:51:42,105 - database.storage_service - INFO - 成功保存股票信息: 300750
2026-02-15 22:51:42,106 - database.storage_service - INFO - 成功保存股票信息: 300444
2026-02-15 22:51:42,107 - database.storage_service - INFO - 成功保存股票信息: 603105
2026-02-15 22:51:42,109 - database.storage_service - INFO - 成功保存股票信息: 301408
2026-02-15 22:51:42,110 - database.storage_service - INFO - 成功保存股票信息: 920163
2026-02-15 22:51:42,111 - database.storage_service - INFO - 成功保存股票信息: 600477
2026-02-15 22:51:42,112 - database.storage_service - INFO - 成功保存股票信息: 600019
2026-02-15 22:51:42,114 - database.storage_service - INFO - 成功保存股票信息: 603108
2026-02-15 22:51:42,115 - database.storage_service - INFO - 成功保存股票信息: 688425
2026-02-15 22:51:42,116 - database.storage_service - INFO - 成功保存股票信息: 001223
2026-02-15 22:51:42,117 - database.storage_service - INFO - 成功保存股票信息: 002372
2026-02-15 22:51:42,119 - database.storage_service - INFO - 成功保存股票信息: 600378
2026-02-15 22:51:42,121 - database.storage_service - INFO - 成功保存股票信息: 000966
2026-02-15 22:51:42,122 - database.storage_service - INFO - 成功保存股票信息: 003038
2026-02-15 22:51:42,123 - database.storage_service - INFO - 成功保存股票信息: 300491
2026-02-15 22:51:42,124 - database.storage_service - INFO - 成功保存股票信息: 601567
2026-02-15 22:51:42,126 - database.storage_service - INFO - 成功保存股票信息: 603072
2026-02-15 22:51:42,127 - database.storage_service - INFO - 成功保存股票信息: 300040
2026-02-15 22:51:42,128 - database.storage_service - INFO - 成功保存股票信息: 300689
2026-02-15 22:51:42,130 - database.storage_service - INFO - 成功保存股票信息: 600058
2026-02-15 22:51:42,131 - database.storage_service - INFO - 成功保存股票信息: 300044
2026-02-15 22:51:42,132 - database.storage_service - INFO - 成功保存股票信息: 300726
2026-02-15 22:51:42,134 - database.storage_service - INFO - 成功保存股票信息: 300811
2026-02-15 22:51:42,136 - database.storage_service - INFO - 成功保存股票信息: 600649
2026-02-15 22:51:42,137 - database.storage_service - INFO - 成功保存股票信息: 002734
2026-02-15 22:51:42,138 - database.storage_service - INFO - 成功保存股票信息: 605196
2026-02-15 22:51:42,139 - database.storage_service - INFO - 成功保存股票信息: 600312
2026-02-15 22:51:42,141 - database.storage_service - INFO - 成功保存股票信息: 603259
2026-02-15 22:51:42,142 - database.storage_service - INFO - 成功保存股票信息: 301367
2026-02-15 22:51:42,143 - database.storage_service - INFO - 成功保存股票信息: 300603
2026-02-15 22:51:42,144 - database.storage_service - INFO - 成功保存股票信息: 600885
2026-02-15 22:51:42,145 - database.storage_service - INFO - 成功保存股票信息: 600361
2026-02-15 22:51:42,147 - database.storage_service - INFO - 成功保存股票信息: 603077
2026-02-15 22:51:42,148 - database.storage_service - INFO - 成功保存股票信息: 688560
2026-02-15 22:51:42,149 - database.storage_service - INFO - 成功保存股票信息: 603577
2026-02-15 22:51:42,151 - database.storage_service - INFO - 成功保存股票信息: 300283
2026-02-15 22:51:42,153 - database.storage_service - INFO - 成功保存股票信息: 600531
2026-02-15 22:51:42,154 - database.storage_service - INFO - 成功保存股票信息: 688507
2026-02-15 22:51:42,155 - database.storage_service - INFO - 成功保存股票信息: 600935
2026-02-15 22:51:42,156 - database.storage_service - INFO - 成功保存股票信息: 000060
2026-02-15 22:51:42,158 - database.storage_service - INFO - 成功保存股票信息: 000959
2026-02-15 22:51:42,159 - database.storage_service - INFO - 成功保存股票信息: 002791
2026-02-15 22:51:42,160 - database.storage_service - INFO - 成功保存股票信息: 600281
2026-02-15 22:51:42,161 - database.storage_service - INFO - 成功保存股票信息: 002254
2026-02-15 22:51:42,163 - database.storage_service - INFO - 成功保存股票信息: 300821
2026-02-15 22:51:42,164 - database.storage_service - INFO - 成功保存股票信息: 300215
2026-02-15 22:51:42,165 - database.storage_service - INFO - 成功保存股票信息: 301218
2026-02-15 22:51:42,166 - database.storage_service - INFO - 成功保存股票信息: 002441
2026-02-15 22:51:42,168 - database.storage_service - INFO - 成功保存股票信息: 002398
2026-02-15 22:51:42,170 - database.storage_service - INFO - 成功保存股票信息: 601116
2026-02-15 22:51:42,171 - database.storage_service - INFO - 成功保存股票信息: 688498
2026-02-15 22:51:42,172 - database.storage_service - INFO - 成功保存股票信息: 688615
2026-02-15 22:51:42,173 - database.storage_service - INFO - 成功保存股票信息: 605366
2026-02-15 22:51:42,175 - database.storage_service - INFO - 成功保存股票信息: 688287
2026-02-15 22:51:42,177 - database.storage_service - INFO - 成功保存股票信息: 002130
2026-02-15 22:51:42,178 - database.storage_service - INFO - 成功保存股票信息: 300898
2026-02-15 22:51:42,179 - database.storage_service - INFO - 成功保存股票信息: 301315
2026-02-15 22:51:42,181 - database.storage_service - INFO - 成功保存股票信息: 002667
2026-02-15 22:51:42,182 - database.storage_service - INFO - 成功保存股票信息: 601958
2026-02-15 22:51:42,184 - database.storage_service - INFO - 成功保存股票信息: 603608
2026-02-15 22:51:42,186 - database.storage_service - INFO - 成功保存股票信息: 600475
2026-02-15 22:51:42,188 - database.storage_service - INFO - 成功保存股票信息: 688710
2026-02-15 22:51:42,189 - database.storage_service - INFO - 成功保存股票信息: 300152
2026-02-15 22:51:42,191 - database.storage_service - INFO - 成功保存股票信息: 300250
2026-02-15 22:51:42,192 - database.storage_service - INFO - 成功保存股票信息: 600537
2026-02-15 22:51:42,194 - database.storage_service - INFO - 成功保存股票信息: 301359
2026-02-15 22:51:42,195 - database.storage_service - INFO - 成功保存股票信息: 000408
2026-02-15 22:51:42,196 - database.storage_service - INFO - 成功保存股票信息: 300002
2026-02-15 22:51:42,197 - database.storage_service - INFO - 成功保存股票信息: 300398
2026-02-15 22:51:42,199 - database.storage_service - INFO - 成功保存股票信息: 002088
2026-02-15 22:51:42,201 - database.storage_service - INFO - 成功保存股票信息: 688077
2026-02-15 22:51:42,203 - database.storage_service - INFO - 成功保存股票信息: 002302
2026-02-15 22:51:42,204 - database.storage_service - INFO - 成功保存股票信息: 600346
2026-02-15 22:51:42,206 - database.storage_service - INFO - 成功保存股票信息: 688525
2026-02-15 22:51:42,207 - database.storage_service - INFO - 成功保存股票信息: 600228
2026-02-15 22:51:42,208 - database.storage_service - INFO - 成功保存股票信息: 300253
2026-02-15 22:51:42,210 - database.storage_service - INFO - 成功保存股票信息: 300748
2026-02-15 22:51:42,211 - database.storage_service - INFO - 成功保存股票信息: 002315
2026-02-15 22:51:42,213 - database.storage_service - INFO - 成功保存股票信息: 920225
2026-02-15 22:51:42,214 - database.storage_service - INFO - 成功保存股票信息: 000543
2026-02-15 22:51:42,215 - database.storage_service - INFO - 成功保存股票信息: 300781
2026-02-15 22:51:42,218 - database.storage_service - INFO - 成功保存股票信息: 920471
2026-02-15 22:51:42,220 - database.storage_service - INFO - 成功保存股票信息: 600508
2026-02-15 22:51:42,221 - database.storage_service - INFO - 成功保存股票信息: 301001
2026-02-15 22:51:42,222 - database.storage_service - INFO - 成功保存股票信息: 600366
2026-02-15 22:51:42,224 - database.storage_service - INFO - 成功保存股票信息: 002167
2026-02-15 22:51:42,225 - database.storage_service - INFO - 成功保存股票信息: 002648
2026-02-15 22:51:42,226 - database.storage_service - INFO - 成功保存股票信息: 603919
2026-02-15 22:51:42,228 - database.storage_service - INFO - 成功保存股票信息: 601089
2026-02-15 22:51:42,230 - database.storage_service - INFO - 成功保存股票信息: 003041
2026-02-15 22:51:42,231 - database.storage_service - INFO - 成功保存股票信息: 688375
2026-02-15 22:51:42,232 - database.storage_service - INFO - 成功保存股票信息: 002201
2026-02-15 22:51:42,234 - database.storage_service - INFO - 成功保存股票信息: 300986
2026-02-15 22:51:42,236 - database.storage_service - INFO - 成功保存股票信息: 920375
2026-02-15 22:51:42,238 - database.storage_service - INFO - 成功保存股票信息: 688323
2026-02-15 22:51:42,239 - database.storage_service - INFO - 成功保存股票信息: 600219
2026-02-15 22:51:42,240 - database.storage_service - INFO - 成功保存股票信息: 000539
2026-02-15 22:51:42,241 - database.storage_service - INFO - 成功保存股票信息: 301123
2026-02-15 22:51:42,242 - database.storage_service - INFO - 成功保存股票信息: 603429
2026-02-15 22:51:42,244 - database.storage_service - INFO - 成功保存股票信息: 301333
2026-02-15 22:51:42,245 - database.storage_service - INFO - 成功保存股票信息: 601616
2026-02-15 22:51:42,246 - database.storage_service - INFO - 成功保存股票信息: 688109
2026-02-15 22:51:42,248 - database.storage_service - INFO - 成功保存股票信息: 601216
2026-02-15 22:51:42,249 - database.storage_service - INFO - 成功保存股票信息: 300196
2026-02-15 22:51:42,250 - database.storage_service - INFO - 成功保存股票信息: 002552
2026-02-15 22:51:42,252 - database.storage_service - INFO - 成功保存股票信息: 300818
2026-02-15 22:51:42,253 - database.storage_service - INFO - 成功保存股票信息: 000425
2026-02-15 22:51:42,255 - database.storage_service - INFO - 成功保存股票信息: 601156
2026-02-15 22:51:42,256 - database.storage_service - INFO - 成功保存股票信息: 688203
2026-02-15 22:51:42,257 - database.storage_service - INFO - 成功保存股票信息: 300609
2026-02-15 22:51:42,258 - database.storage_service - INFO - 成功保存股票信息: 688807
2026-02-15 22:51:42,259 - database.storage_service - INFO - 成功保存股票信息: 301086
2026-02-15 22:51:42,261 - database.storage_service - INFO - 成功保存股票信息: 600522
2026-02-15 22:51:42,262 - database.storage_service - INFO - 成功保存股票信息: 300763
2026-02-15 22:51:42,263 - database.storage_service - INFO - 成功保存股票信息: 688032
2026-02-15 22:51:42,265 - database.storage_service - INFO - 成功保存股票信息: 600227
2026-02-15 22:51:42,266 - database.storage_service - INFO - 成功保存股票信息: 301035
2026-02-15 22:51:42,267 - database.storage_service - INFO - 成功保存股票信息: 000690
2026-02-15 22:51:42,269 - database.storage_service - INFO - 成功保存股票信息: 603885
2026-02-15 22:51:42,270 - database.storage_service - INFO - 成功保存股票信息: 000510
2026-02-15 22:51:42,272 - database.storage_service - INFO - 成功保存股票信息: 601011
2026-02-15 22:51:42,273 - database.storage_service - INFO - 成功保存股票信息: 300148
2026-02-15 22:51:42,274 - database.storage_service - INFO - 成功保存股票信息: 600125
2026-02-15 22:51:42,276 - database.storage_service - INFO - 成功保存股票信息: 600759
2026-02-15 22:51:42,277 - database.storage_service - INFO - 成功保存股票信息: 920689
2026-02-15 22:51:42,278 - database.storage_service - INFO - 成功保存股票信息: 920056
2026-02-15 22:51:42,280 - database.storage_service - INFO - 成功保存股票信息: 002335
2026-02-15 22:51:42,281 - database.storage_service - INFO - 成功保存股票信息: 601865
2026-02-15 22:51:42,282 - database.storage_service - INFO - 成功保存股票信息: 600117
2026-02-15 22:51:42,284 - database.storage_service - INFO - 成功保存股票信息: 601969
2026-02-15 22:51:42,286 - database.storage_service - INFO - 成功保存股票信息: 600955
2026-02-15 22:51:42,287 - database.storage_service - INFO - 成功保存股票信息: 603507
2026-02-15 22:51:42,288 - database.storage_service - INFO - 成功保存股票信息: 600683
2026-02-15 22:51:42,289 - database.storage_service - INFO - 成功保存股票信息: 002064
2026-02-15 22:51:42,291 - database.storage_service - INFO - 成功保存股票信息: 600773
2026-02-15 22:51:42,292 - database.storage_service - INFO - 成功保存股票信息: 603959
2026-02-15 22:51:42,293 - database.storage_service - INFO - 成功保存股票信息: 301606
2026-02-15 22:51:42,294 - database.storage_service - INFO - 成功保存股票信息: 600552
2026-02-15 22:51:42,296 - database.storage_service - INFO - 成功保存股票信息: 688513
2026-02-15 22:51:42,297 - database.storage_service - INFO - 成功保存股票信息: 300191
2026-02-15 22:51:42,298 - database.storage_service - INFO - 成功保存股票信息: 603396
2026-02-15 22:51:42,300 - database.storage_service - INFO - 成功保存股票信息: 300618
2026-02-15 22:51:42,302 - database.storage_service - INFO - 成功保存股票信息: 001221
2026-02-15 22:51:42,303 - database.storage_service - INFO - 成功保存股票信息: 920368
2026-02-15 22:51:42,304 - database.storage_service - INFO - 成功保存股票信息: 000893
2026-02-15 22:51:42,305 - database.storage_service - INFO - 成功保存股票信息: 301230
2026-02-15 22:51:42,306 - database.storage_service - INFO - 成功保存股票信息: 000039
2026-02-15 22:51:42,308 - database.storage_service - INFO - 成功保存股票信息: 603826
2026-02-15 22:51:42,309 - database.storage_service - INFO - 成功保存股票信息: 301252
2026-02-15 22:51:42,310 - database.storage_service - INFO - 成功保存股票信息: 600282
2026-02-15 22:51:42,311 - database.storage_service - INFO - 成功保存股票信息: 603391
2026-02-15 22:51:42,313 - database.storage_service - INFO - 成功保存股票信息: 300758
2026-02-15 22:51:42,314 - database.storage_service - INFO - 成功保存股票信息: 688318
2026-02-15 22:51:42,315 - database.storage_service - INFO - 成功保存股票信息: 001317
2026-02-15 22:51:42,316 - database.storage_service - INFO - 成功保存股票信息: 300286
2026-02-15 22:51:42,318 - database.storage_service - INFO - 成功保存股票信息: 600063
2026-02-15 22:51:42,320 - database.storage_service - INFO - 成功保存股票信息: 002659
2026-02-15 22:51:42,322 - database.storage_service - INFO - 成功保存股票信息: 603219
2026-02-15 22:51:42,323 - database.storage_service - INFO - 成功保存股票信息: 601126
2026-02-15 22:51:42,324 - database.storage_service - INFO - 成功保存股票信息: 300051
2026-02-15 22:51:42,325 - database.storage_service - INFO - 成功保存股票信息: 600938
2026-02-15 22:51:42,327 - database.storage_service - INFO - 成功保存股票信息: 603281
2026-02-15 22:51:42,328 - database.storage_service - INFO - 成功保存股票信息: 688020
2026-02-15 22:51:42,329 - database.storage_service - INFO - 成功保存股票信息: 603698
2026-02-15 22:51:42,330 - database.storage_service - INFO - 成功保存股票信息: 603123
2026-02-15 22:51:42,332 - database.storage_service - INFO - 成功保存股票信息: 603757
2026-02-15 22:51:42,333 - database.storage_service - INFO - 成功保存股票信息: 002270
2026-02-15 22:51:42,335 - database.storage_service - INFO - 成功保存股票信息: 300291
2026-02-15 22:51:42,336 - database.storage_service - INFO - 成功保存股票信息: 000975
2026-02-15 22:51:42,337 - database.storage_service - INFO - 成功保存股票信息: 603867
2026-02-15 22:51:42,339 - database.storage_service - INFO - 成功保存股票信息: 688210
2026-02-15 22:51:42,340 - database.storage_service - INFO - 成功保存股票信息: 000758
2026-02-15 22:51:42,341 - database.storage_service - INFO - 成功保存股票信息: 001326
2026-02-15 22:51:42,342 - database.storage_service - INFO - 成功保存股票信息: 688676
2026-02-15 22:51:42,343 - database.storage_service - INFO - 成功保存股票信息: 600547
2026-02-15 22:51:42,345 - database.storage_service - INFO - 成功保存股票信息: 600307
2026-02-15 22:51:42,346 - database.storage_service - INFO - 成功保存股票信息: 605060
2026-02-15 22:51:42,347 - database.storage_service - INFO - 成功保存股票信息: 600871
2026-02-15 22:51:42,348 - database.storage_service - INFO - 成功保存股票信息: 600732
2026-02-15 22:51:42,349 - database.storage_service - INFO - 成功保存股票信息: 600863
2026-02-15 22:51:42,351 - database.storage_service - INFO - 成功保存股票信息: 301268
2026-02-15 22:51:42,353 - database.storage_service - INFO - 成功保存股票信息: 002281
2026-02-15 22:51:42,354 - database.storage_service - INFO - 成功保存股票信息: 301188
2026-02-15 22:51:42,355 - database.storage_service - INFO - 成功保存股票信息: 300005
2026-02-15 22:51:42,356 - database.storage_service - INFO - 成功保存股票信息: 603162
2026-02-15 22:51:42,358 - database.storage_service - INFO - 成功保存股票信息: 000301
2026-02-15 22:51:42,359 - database.storage_service - INFO - 成功保存股票信息: 300316
2026-02-15 22:51:42,360 - database.storage_service - INFO - 成功保存股票信息: 002606
2026-02-15 22:51:42,361 - database.storage_service - INFO - 成功保存股票信息: 000807
2026-02-15 22:51:42,362 - database.storage_service - INFO - 成功保存股票信息: 601866
2026-02-15 22:51:42,364 - database.storage_service - INFO - 成功保存股票信息: 688662
2026-02-15 22:51:42,365 - database.storage_service - INFO - 成功保存股票信息: 000631
2026-02-15 22:51:42,366 - database.storage_service - INFO - 成功保存股票信息: 603057
2026-02-15 22:51:42,367 - database.storage_service - INFO - 成功保存股票信息: 601609
2026-02-15 22:51:42,370 - database.storage_service - INFO - 成功保存股票信息: 301607
2026-02-15 22:51:42,371 - database.storage_service - INFO - 成功保存股票信息: 601121
2026-02-15 22:51:42,372 - database.storage_service - INFO - 成功保存股票信息: 300315
2026-02-15 22:51:42,373 - database.storage_service - INFO - 成功保存股票信息: 603713
2026-02-15 22:51:42,374 - database.storage_service - INFO - 成功保存股票信息: 688257
2026-02-15 22:51:42,376 - database.storage_service - INFO - 成功保存股票信息: 688213
2026-02-15 22:51:42,377 - database.storage_service - INFO - 成功保存股票信息: 000591
2026-02-15 22:51:42,378 - database.storage_service - INFO - 成功保存股票信息: 301500
2026-02-15 22:51:42,379 - database.storage_service - INFO - 成功保存股票信息: 300494
2026-02-15 22:51:42,380 - database.storage_service - INFO - 成功保存股票信息: 002358
2026-02-15 22:51:42,382 - database.storage_service - INFO - 成功保存股票信息: 300948
2026-02-15 22:51:42,383 - database.storage_service - INFO - 成功保存股票信息: 000685
2026-02-15 22:51:42,385 - database.storage_service - INFO - 成功保存股票信息: 300010
2026-02-15 22:51:42,386 - database.storage_service - INFO - 成功保存股票信息: 688717
2026-02-15 22:51:42,387 - database.storage_service - INFO - 成功保存股票信息: 301081
2026-02-15 22:51:42,389 - database.storage_service - INFO - 成功保存股票信息: 002683
2026-02-15 22:51:42,390 - database.storage_service - INFO - 成功保存股票信息: 688456
2026-02-15 22:51:42,391 - database.storage_service - INFO - 成功保存股票信息: 600507
2026-02-15 22:51:42,392 - database.storage_service - INFO - 成功保存股票信息: 000603
2026-02-15 22:51:42,394 - database.storage_service - INFO - 成功保存股票信息: 920273
2026-02-15 22:51:42,395 - database.storage_service - INFO - 成功保存股票信息: 601233
2026-02-15 22:51:42,396 - database.storage_service - INFO - 成功保存股票信息: 688348
2026-02-15 22:51:42,398 - database.storage_service - INFO - 成功保存股票信息: 601022
2026-02-15 22:51:42,399 - database.storage_service - INFO - 成功保存股票信息: 600608
2026-02-15 22:51:42,401 - database.storage_service - INFO - 成功保存股票信息: 002694
2026-02-15 22:51:42,402 - database.storage_service - INFO - 成功保存股票信息: 300870
2026-02-15 22:51:42,404 - database.storage_service - INFO - 成功保存股票信息: 600309
2026-02-15 22:51:42,405 - database.storage_service - INFO - 成功保存股票信息: 688501
2026-02-15 22:51:42,406 - database.storage_service - INFO - 成功保存股票信息: 002555
2026-02-15 22:51:42,407 - database.storage_service - INFO - 成功保存股票信息: 000850
2026-02-15 22:51:42,408 - database.storage_service - INFO - 成功保存股票信息: 002364
2026-02-15 22:51:42,410 - database.storage_service - INFO - 成功保存股票信息: 300985
2026-02-15 22:51:42,411 - database.storage_service - INFO - 成功保存股票信息: 000703
2026-02-15 22:51:42,412 - database.storage_service - INFO - 成功保存股票信息: 600888
2026-02-15 22:51:42,413 - database.storage_service - INFO - 成功保存股票信息: 002165
2026-02-15 22:51:42,415 - database.storage_service - INFO - 成功保存股票信息: 600028
2026-02-15 22:51:42,416 - database.storage_service - INFO - 成功保存股票信息: 002158
2026-02-15 22:51:42,417 - database.storage_service - INFO - 成功保存股票信息: 600527
2026-02-15 22:51:42,420 - database.storage_service - INFO - 成功保存股票信息: 688508
2026-02-15 22:51:42,421 - database.storage_service - INFO - 成功保存股票信息: 605018
2026-02-15 22:51:42,422 - database.storage_service - INFO - 成功保存股票信息: 600726
2026-02-15 22:51:42,423 - database.storage_service - INFO - 成功保存股票信息: 002339
2026-02-15 22:51:42,424 - database.storage_service - INFO - 成功保存股票信息: 600456
2026-02-15 22:51:42,426 - database.storage_service - INFO - 成功保存股票信息: 600031
2026-02-15 22:51:42,427 - database.storage_service - INFO - 成功保存股票信息: 601908
2026-02-15 22:51:42,428 - database.storage_service - INFO - 成功保存股票信息: 603871
2026-02-15 22:51:42,429 - database.storage_service - INFO - 成功保存股票信息: 300861
2026-02-15 22:51:42,430 - database.storage_service - INFO - 成功保存股票信息: 603799
2026-02-15 22:51:42,432 - database.storage_service - INFO - 成功保存股票信息: 002340
2026-02-15 22:51:42,433 - database.storage_service - INFO - 成功保存股票信息: 300724
2026-02-15 22:51:42,435 - database.storage_service - INFO - 成功保存股票信息: 300170
2026-02-15 22:51:42,436 - database.storage_service - INFO - 成功保存股票信息: 002128
2026-02-15 22:51:42,438 - database.storage_service - INFO - 成功保存股票信息: 000898
2026-02-15 22:51:42,439 - database.storage_service - INFO - 成功保存股票信息: 603308
2026-02-15 22:51:42,440 - database.storage_service - INFO - 成功保存股票信息: 920062
2026-02-15 22:51:42,442 - database.storage_service - INFO - 成功保存股票信息: 603612
2026-02-15 22:51:42,443 - database.storage_service - INFO - 成功保存股票信息: 600968
2026-02-15 22:51:42,444 - database.storage_service - INFO - 成功保存股票信息: 002493
2026-02-15 22:51:42,446 - database.storage_service - INFO - 成功保存股票信息: 600459
2026-02-15 22:51:42,447 - database.storage_service - INFO - 成功保存股票信息: 603806
2026-02-15 22:51:42,448 - database.storage_service - INFO - 成功保存股票信息: 300682
2026-02-15 22:51:42,449 - database.storage_service - INFO - 成功保存股票信息: 600489
2026-02-15 22:51:42,452 - database.storage_service - INFO - 成功保存股票信息: 603619
2026-02-15 22:51:42,453 - database.storage_service - INFO - 成功保存股票信息: 002938
2026-02-15 22:51:42,454 - database.storage_service - INFO - 成功保存股票信息: 301071
2026-02-15 22:51:42,455 - database.storage_service - INFO - 成功保存股票信息: 603052
2026-02-15 22:51:42,456 - database.storage_service - INFO - 成功保存股票信息: 600299
2026-02-15 22:51:42,458 - database.storage_service - INFO - 成功保存股票信息: 688220
2026-02-15 22:51:42,459 - database.storage_service - INFO - 成功保存股票信息: 002470
2026-02-15 22:51:42,460 - database.storage_service - INFO - 成功保存股票信息: 600995
2026-02-15 22:51:42,461 - database.storage_service - INFO - 成功保存股票信息: 002258
2026-02-15 22:51:42,462 - database.storage_service - INFO - 成功保存股票信息: 301266
2026-02-15 22:51:42,464 - database.storage_service - INFO - 成功保存股票信息: 600399
2026-02-15 22:51:42,465 - database.storage_service - INFO - 成功保存股票信息: 600295
2026-02-15 22:51:42,466 - database.storage_service - INFO - 成功保存股票信息: 600022
2026-02-15 22:51:42,467 - database.storage_service - INFO - 成功保存股票信息: 000880
2026-02-15 22:51:42,469 - database.storage_service - INFO - 成功保存股票信息: 002918
2026-02-15 22:51:42,470 - database.storage_service - INFO - 成功保存股票信息: 002575
2026-02-15 22:51:42,472 - database.storage_service - INFO - 成功保存股票信息: 603979
2026-02-15 22:51:42,473 - database.storage_service - INFO - 成功保存股票信息: 300932
2026-02-15 22:51:42,474 - database.storage_service - INFO - 成功保存股票信息: 301040
2026-02-15 22:51:42,475 - database.storage_service - INFO - 成功保存股票信息: 601326
2026-02-15 22:51:42,476 - database.storage_service - INFO - 成功保存股票信息: 301026
2026-02-15 22:51:42,478 - database.storage_service - INFO - 成功保存股票信息: 000737
2026-02-15 22:51:42,479 - database.storage_service - INFO - 成功保存股票信息: 002615
2026-02-15 22:51:42,480 - database.storage_service - INFO - 成功保存股票信息: 300408
2026-02-15 22:51:42,481 - database.storage_service - INFO - 成功保存股票信息: 601231
2026-02-15 22:51:42,483 - database.storage_service - INFO - 成功保存股票信息: 920179
2026-02-15 22:51:42,485 - database.storage_service - INFO - 成功保存股票信息: 600618
2026-02-15 22:51:42,486 - database.storage_service - INFO - 成功保存股票信息: 001269
2026-02-15 22:51:42,487 - database.storage_service - INFO - 成功保存股票信息: 600517
2026-02-15 22:51:42,489 - database.storage_service - INFO - 成功保存股票信息: 601615
2026-02-15 22:51:42,490 - database.storage_service - INFO - 成功保存股票信息: 603816
2026-02-15 22:51:42,491 - database.storage_service - INFO - 成功保存股票信息: 688599
2026-02-15 22:51:42,492 - database.storage_service - INFO - 成功保存股票信息: 002970
2026-02-15 22:51:42,493 - database.storage_service - INFO - 成功保存股票信息: 000717
2026-02-15 22:51:42,495 - database.storage_service - INFO - 成功保存股票信息: 301141
2026-02-15 22:51:42,496 - database.storage_service - INFO - 成功保存股票信息: 600381
2026-02-15 22:51:42,497 - database.storage_service - INFO - 成功保存股票信息: 000811
2026-02-15 22:51:42,498 - database.storage_service - INFO - 成功保存股票信息: 600428
2026-02-15 22:51:42,499 - database.storage_service - INFO - 成功保存股票信息: 000933
2026-02-15 22:51:42,501 - database.storage_service - INFO - 成功保存股票信息: 300436
2026-02-15 22:51:42,503 - database.storage_service - INFO - 成功保存股票信息: 300798
2026-02-15 22:51:42,504 - database.storage_service - INFO - 成功保存股票信息: 000791
2026-02-15 22:51:42,505 - database.storage_service - INFO - 成功保存股票信息: 600710
2026-02-15 22:51:42,506 - database.storage_service - INFO - 成功保存股票信息: 600490
2026-02-15 22:51:42,508 - database.storage_service - INFO - 成功保存股票信息: 300776
2026-02-15 22:51:42,509 - database.storage_service - INFO - 成功保存股票信息: 002159
2026-02-15 22:51:42,510 - database.storage_service - INFO - 成功保存股票信息: 002601
2026-02-15 22:51:42,511 - database.storage_service - INFO - 成功保存股票信息: 600550
2026-02-15 22:51:42,512 - database.storage_service - INFO - 成功保存股票信息: 300067
2026-02-15 22:51:42,514 - database.storage_service - INFO - 成功保存股票信息: 600231
2026-02-15 22:51:42,515 - database.storage_service - INFO - 成功保存股票信息: 002565
2026-02-15 22:51:42,516 - database.storage_service - INFO - 成功保存股票信息: 000786
2026-02-15 22:51:42,518 - database.storage_service - INFO - 成功保存股票信息: 002110
2026-02-15 22:51:42,520 - database.storage_service - INFO - 成功保存股票信息: 002546
2026-02-15 22:51:42,521 - database.storage_service - INFO - 成功保存股票信息: 000830
2026-02-15 22:51:42,522 - database.storage_service - INFO - 成功保存股票信息: 688396
2026-02-15 22:51:42,523 - database.storage_service - INFO - 成功保存股票信息: 600486
2026-02-15 22:51:42,525 - database.storage_service - INFO - 成功保存股票信息: 301095
2026-02-15 22:51:42,526 - database.storage_service - INFO - 成功保存股票信息: 001280
2026-02-15 22:51:42,527 - database.storage_service - INFO - 成功保存股票信息: 601600
2026-02-15 22:51:42,528 - database.storage_service - INFO - 成功保存股票信息: 002759
2026-02-15 22:51:42,530 - database.storage_service - INFO - 成功保存股票信息: 603381
2026-02-15 22:51:42,531 - database.storage_service - INFO - 成功保存股票信息: 300285
2026-02-15 22:51:42,532 - database.storage_service - INFO - 成功保存股票信息: 688390
2026-02-15 22:51:42,533 - database.storage_service - INFO - 成功保存股票信息: 000417
2026-02-15 22:51:42,535 - database.storage_service - INFO - 成功保存股票信息: 600884
2026-02-15 22:51:42,537 - database.storage_service - INFO - 成功保存股票信息: 301162
2026-02-15 22:51:42,538 - database.storage_service - INFO - 成功保存股票信息: 002222
2026-02-15 22:51:42,539 - database.storage_service - INFO - 成功保存股票信息: 920066
2026-02-15 22:51:42,541 - database.storage_service - INFO - 成功保存股票信息: 601991
2026-02-15 22:51:42,542 - database.storage_service - INFO - 成功保存股票信息: 300393
2026-02-15 22:51:42,543 - database.storage_service - INFO - 成功保存股票信息: 603132
2026-02-15 22:51:42,544 - database.storage_service - INFO - 成功保存股票信息: 300163
2026-02-15 22:51:42,545 - database.storage_service - INFO - 成功保存股票信息: 600339
2026-02-15 22:51:42,547 - database.storage_service - INFO - 成功保存股票信息: 600498
2026-02-15 22:51:42,548 - database.storage_service - INFO - 成功保存股票信息: 600782
2026-02-15 22:51:42,549 - database.storage_service - INFO - 成功保存股票信息: 600989
2026-02-15 22:51:42,550 - database.storage_service - INFO - 成功保存股票信息: 000709
2026-02-15 22:51:42,553 - database.storage_service - INFO - 成功保存股票信息: 000899
2026-02-15 22:51:42,554 - database.storage_service - INFO - 成功保存股票信息: 600556
2026-02-15 22:51:42,555 - database.storage_service - INFO - 成功保存股票信息: 002373
2026-02-15 22:51:42,557 - database.storage_service - INFO - 成功保存股票信息: 601003
2026-02-15 22:51:42,558 - database.storage_service - INFO - 成功保存股票信息: 601399
2026-02-15 22:51:42,559 - database.storage_service - INFO - 成功保存股票信息: 002126
2026-02-15 22:51:42,560 - database.storage_service - INFO - 成功保存股票信息: 301529
2026-02-15 22:51:42,562 - database.storage_service - INFO - 成功保存股票信息: 002129
2026-02-15 22:51:42,563 - database.storage_service - INFO - 成功保存股票信息: 603601
2026-02-15 22:51:42,564 - database.storage_service - INFO - 成功保存股票信息: 603127
2026-02-15 22:51:42,565 - database.storage_service - INFO - 成功保存股票信息: 000426
2026-02-15 22:51:42,567 - database.storage_service - INFO - 成功保存股票信息: 600987
2026-02-15 22:51:42,569 - database.storage_service - INFO - 成功保存股票信息: 301362
2026-02-15 22:51:42,570 - database.storage_service - INFO - 成功保存股票信息: 600569
2026-02-15 22:51:42,571 - database.storage_service - INFO - 成功保存股票信息: 002080
2026-02-15 22:51:42,572 - database.storage_service - INFO - 成功保存股票信息: 603737
2026-02-15 22:51:42,573 - database.storage_service - INFO - 成功保存股票信息: 603629
2026-02-15 22:51:42,575 - database.storage_service - INFO - 成功保存股票信息: 300418
2026-02-15 22:51:42,576 - database.storage_service - INFO - 成功保存股票信息: 300383
2026-02-15 22:51:42,577 - database.storage_service - INFO - 成功保存股票信息: 002318
2026-02-15 22:51:42,578 - database.storage_service - INFO - 成功保存股票信息: 601083
2026-02-15 22:51:42,580 - database.storage_service - INFO - 成功保存股票信息: 002534
2026-02-15 22:51:42,581 - database.storage_service - INFO - 成功保存股票信息: 301658
2026-02-15 22:51:42,582 - database.storage_service - INFO - 成功保存股票信息: 300492
2026-02-15 22:51:42,583 - database.storage_service - INFO - 成功保存股票信息: 300341
2026-02-15 22:51:42,585 - database.storage_service - INFO - 成功保存股票信息: 300345
2026-02-15 22:51:42,587 - database.storage_service - INFO - 成功保存股票信息: 603115
2026-02-15 22:51:42,588 - database.storage_service - INFO - 成功保存股票信息: 301219
2026-02-15 22:51:42,589 - database.storage_service - INFO - 成功保存股票信息: 000820
2026-02-15 22:51:42,590 - database.storage_service - INFO - 成功保存股票信息: 600259
2026-02-15 22:51:42,591 - database.storage_service - INFO - 成功保存股票信息: 003036
2026-02-15 22:51:42,593 - database.storage_service - INFO - 成功保存股票信息: 600841
2026-02-15 22:51:42,594 - database.storage_service - INFO - 成功保存股票信息: 300080
2026-02-15 22:51:42,595 - database.storage_service - INFO - 成功保存股票信息: 002291
2026-02-15 22:51:42,596 - database.storage_service - INFO - 成功保存股票信息: 920924
2026-02-15 22:51:42,598 - database.storage_service - INFO - 成功保存股票信息: 300706
2026-02-15 22:51:42,599 - database.storage_service - INFO - 成功保存股票信息: 300624
2026-02-15 22:51:42,600 - database.storage_service - INFO - 成功保存股票信息: 002015
2026-02-15 22:51:42,602 - database.storage_service - INFO - 成功保存股票信息: 000822
2026-02-15 22:51:42,604 - database.storage_service - INFO - 成功保存股票信息: 603192
2026-02-15 22:51:42,605 - database.storage_service - INFO - 成功保存股票信息: 002595
2026-02-15 22:51:42,606 - database.storage_service - INFO - 成功保存股票信息: 920046
2026-02-15 22:51:42,607 - database.storage_service - INFO - 成功保存股票信息: 002810
2026-02-15 22:51:42,608 - database.storage_service - INFO - 成功保存股票信息: 000831
2026-02-15 22:51:42,609 - database.storage_service - INFO - 成功保存股票信息: 002532
2026-02-15 22:51:42,611 - database.storage_service - INFO - 成功保存股票信息: 301317
2026-02-15 22:51:42,612 - database.storage_service - INFO - 成功保存股票信息: 000932
2026-02-15 22:51:42,613 - database.storage_service - INFO - 成功保存股票信息: 002517
2026-02-15 22:51:42,614 - database.storage_service - INFO - 成功保存股票信息: 688680
2026-02-15 22:51:42,615 - database.storage_service - INFO - 成功保存股票信息: 300594
2026-02-15 22:51:42,617 - database.storage_service - INFO - 成功保存股票信息: 600751
2026-02-15 22:51:42,619 - database.storage_service - INFO - 成功保存股票信息: 300671
2026-02-15 22:51:42,620 - database.storage_service - INFO - 成功保存股票信息: 601168
2026-02-15 22:51:42,621 - database.storage_service - INFO - 成功保存股票信息: 301550
2026-02-15 22:51:42,623 - database.storage_service - INFO - 成功保存股票信息: 002271
2026-02-15 22:51:42,624 - database.storage_service - INFO - 成功保存股票信息: 600961
2026-02-15 22:51:42,625 - database.storage_service - INFO - 成功保存股票信息: 605288
2026-02-15 22:51:42,626 - database.storage_service - INFO - 成功保存股票信息: 300881
2026-02-15 22:51:42,627 - database.storage_service - INFO - 成功保存股票信息: 300265
2026-02-15 22:51:42,628 - database.storage_service - INFO - 成功保存股票信息: 300395
2026-02-15 22:51:42,630 - database.storage_service - INFO - 成功保存股票信息: 600301
2026-02-15 22:51:42,631 - database.storage_service - INFO - 成功保存股票信息: 300063
2026-02-15 22:51:42,632 - database.storage_service - INFO - 成功保存股票信息: 002865
2026-02-15 22:51:42,634 - database.storage_service - INFO - 成功保存股票信息: 688167
2026-02-15 22:51:42,635 - database.storage_service - INFO - 成功保存股票信息: 300113
2026-02-15 22:51:42,637 - database.storage_service - INFO - 成功保存股票信息: 603031
2026-02-15 22:51:42,639 - database.storage_service - INFO - 成功保存股票信息: 002533
2026-02-15 22:51:42,640 - database.storage_service - INFO - 成功保存股票信息: 688622
2026-02-15 22:51:42,641 - database.storage_service - INFO - 成功保存股票信息: 920010
2026-02-15 22:51:42,643 - database.storage_service - INFO - 成功保存股票信息: 601857
2026-02-15 22:51:42,644 - database.storage_service - INFO - 成功保存股票信息: 600711
2026-02-15 22:51:42,645 - database.storage_service - INFO - 成功保存股票信息: 603898
2026-02-15 22:51:42,646 - database.storage_service - INFO - 成功保存股票信息: 300118
2026-02-15 22:51:42,648 - database.storage_service - INFO - 成功保存股票信息: 300263
2026-02-15 22:51:42,649 - database.storage_service - INFO - 成功保存股票信息: 000338
2026-02-15 22:51:42,650 - database.storage_service - INFO - 成功保存股票信息: 002400
2026-02-15 22:51:42,652 - database.storage_service - INFO - 成功保存股票信息: 301205
2026-02-15 22:51:42,653 - database.storage_service - INFO - 成功保存股票信息: 002225
2026-02-15 22:51:42,656 - database.storage_service - INFO - 成功保存股票信息: 605123
2026-02-15 22:51:42,658 - database.storage_service - INFO - 成功保存股票信息: 600111
2026-02-15 22:51:42,659 - database.storage_service - INFO - 成功保存股票信息: 601369
2026-02-15 22:51:42,660 - database.storage_service - INFO - 成功保存股票信息: 688429
2026-02-15 22:51:42,662 - database.storage_service - INFO - 成功保存股票信息: 600293
2026-02-15 22:51:42,663 - database.storage_service - INFO - 成功保存股票信息: 301312
2026-02-15 22:51:42,664 - database.storage_service - INFO - 成功保存股票信息: 301171
2026-02-15 22:51:42,665 - database.storage_service - INFO - 成功保存股票信息: 600392
2026-02-15 22:51:42,666 - database.storage_service - INFO - 成功保存股票信息: 600105
2026-02-15 22:51:42,668 - database.storage_service - INFO - 成功保存股票信息: 300274
2026-02-15 22:51:42,669 - database.storage_service - INFO - 成功保存股票信息: 600207
2026-02-15 22:51:42,671 - database.storage_service - INFO - 成功保存股票信息: 300658
2026-02-15 22:51:42,673 - database.storage_service - INFO - 成功保存股票信息: 000607
2026-02-15 22:51:42,674 - database.storage_service - INFO - 成功保存股票信息: 600821
2026-02-15 22:51:42,675 - database.storage_service - INFO - 成功保存股票信息: 600590
2026-02-15 22:51:42,677 - database.storage_service - INFO - 成功保存股票信息: 300225
2026-02-15 22:51:42,678 - database.storage_service - INFO - 成功保存股票信息: 300456
2026-02-15 22:51:42,680 - database.storage_service - INFO - 成功保存股票信息: 600589
2026-02-15 22:51:42,681 - database.storage_service - INFO - 成功保存股票信息: 603042
2026-02-15 22:51:42,682 - database.storage_service - INFO - 成功保存股票信息: 000951
2026-02-15 22:51:42,684 - database.storage_service - INFO - 成功保存股票信息: 301591
2026-02-15 22:51:42,686 - database.storage_service - INFO - 成功保存股票信息: 002943
2026-02-15 22:51:42,688 - database.storage_service - INFO - 成功保存股票信息: 000949
2026-02-15 22:51:42,689 - database.storage_service - INFO - 成功保存股票信息: 301183
2026-02-15 22:51:42,690 - database.storage_service - INFO - 成功保存股票信息: 300347
2026-02-15 22:51:42,691 - database.storage_service - INFO - 成功保存股票信息: 603150
2026-02-15 22:51:42,692 - database.storage_service - INFO - 成功保存股票信息: 688312
2026-02-15 22:51:42,694 - database.storage_service - INFO - 成功保存股票信息: 600595
2026-02-15 22:51:42,695 - database.storage_service - INFO - 成功保存股票信息: 603225
2026-02-15 22:51:42,696 - database.storage_service - INFO - 成功保存股票信息: 688472
2026-02-15 22:51:42,697 - database.storage_service - INFO - 成功保存股票信息: 600722
2026-02-15 22:51:42,699 - database.storage_service - INFO - 成功保存股票信息: 605069
2026-02-15 22:51:42,700 - database.storage_service - INFO - 成功保存股票信息: 688516
2026-02-15 22:51:42,702 - database.storage_service - INFO - 成功保存股票信息: 601899
2026-02-15 22:51:42,703 - database.storage_service - INFO - 成功保存股票信息: 688291
2026-02-15 22:51:42,705 - database.storage_service - INFO - 成功保存股票信息: 003035
2026-02-15 22:51:42,706 - database.storage_service - INFO - 成功保存股票信息: 300490
2026-02-15 22:51:42,707 - database.storage_service - INFO - 成功保存股票信息: 002218
2026-02-15 22:51:42,708 - database.storage_service - INFO - 成功保存股票信息: 002731
2026-02-15 22:51:42,709 - database.storage_service - INFO - 成功保存股票信息: 001359
2026-02-15 22:51:42,711 - database.storage_service - INFO - 成功保存股票信息: 600599
2026-02-15 22:51:42,712 - database.storage_service - INFO - 成功保存股票信息: 300757
2026-02-15 22:51:42,713 - database.storage_service - INFO - 成功保存股票信息: 603993
2026-02-15 22:51:42,714 - database.storage_service - INFO - 成功保存股票信息: 605376
2026-02-15 22:51:42,716 - database.storage_service - INFO - 成功保存股票信息: 301232
2026-02-15 22:51:42,717 - database.storage_service - INFO - 成功保存股票信息: 920770
2026-02-15 22:51:42,719 - database.storage_service - INFO - 成功保存股票信息: 600696
2026-02-15 22:51:42,720 - database.storage_service - INFO - 成功保存股票信息: 300835
2026-02-15 22:51:42,722 - database.storage_service - INFO - 成功保存股票信息: 600583
2026-02-15 22:51:42,723 - database.storage_service - INFO - 成功保存股票信息: 301396
2026-02-15 22:51:42,724 - database.storage_service - INFO - 成功保存股票信息: 600409
2026-02-15 22:51:42,725 - database.storage_service - INFO - 成功保存股票信息: 000657
2026-02-15 22:51:42,726 - database.storage_service - INFO - 成功保存股票信息: 920299
2026-02-15 22:51:42,728 - database.storage_service - INFO - 成功保存股票信息: 603191
2026-02-15 22:51:42,729 - database.storage_service - INFO - 成功保存股票信息: 300454
2026-02-15 22:51:42,730 - database.storage_service - INFO - 成功保存股票信息: 000960
2026-02-15 22:51:42,731 - database.storage_service - INFO - 成功保存股票信息: 600875
2026-02-15 22:51:42,733 - database.storage_service - INFO - 成功保存股票信息: 300792
2026-02-15 22:51:42,735 - database.storage_service - INFO - 成功保存股票信息: 301030
2026-02-15 22:51:42,736 - database.storage_service - INFO - 成功保存股票信息: 600355
2026-02-15 22:51:42,738 - database.storage_service - INFO - 成功保存股票信息: 603097
2026-02-15 22:51:42,739 - database.storage_service - INFO - 成功保存股票信息: 600549
2026-02-15 22:51:42,740 - database.storage_service - INFO - 成功保存股票信息: 688190
2026-02-15 22:51:42,741 - database.storage_service - INFO - 成功保存股票信息: 002353
2026-02-15 22:51:42,742 - database.storage_service - INFO - 成功保存股票信息: 603067
2026-02-15 22:51:42,744 - database.storage_service - INFO - 成功保存股票信息: 301468
2026-02-15 22:51:42,745 - database.storage_service - INFO - 成功保存股票信息: 603699
2026-02-15 22:51:42,746 - database.storage_service - INFO - 成功保存股票信息: 920438
2026-02-15 22:51:42,747 - database.storage_service - INFO - 成功保存股票信息: 000815
2026-02-15 22:51:42,749 - database.storage_service - INFO - 成功保存股票信息: 603616
2026-02-15 22:51:42,750 - database.storage_service - INFO - 成功保存股票信息: 688726
2026-02-15 22:51:42,752 - database.storage_service - INFO - 成功保存股票信息: 001217
2026-02-15 22:51:42,753 - database.storage_service - INFO - 成功保存股票信息: 688223
2026-02-15 22:51:42,755 - database.storage_service - INFO - 成功保存股票信息: 002842
2026-02-15 22:51:42,756 - database.storage_service - INFO - 成功保存股票信息: 300394
2026-02-15 22:51:42,758 - database.storage_service - INFO - 成功保存股票信息: 000636
2026-02-15 22:51:42,759 - database.storage_service - INFO - 成功保存股票信息: 300140
2026-02-15 22:51:42,760 - database.storage_service - INFO - 成功保存股票信息: 000534
2026-02-15 22:51:42,761 - database.storage_service - INFO - 成功保存股票信息: 000600
2026-02-15 22:51:42,763 - database.storage_service - INFO - 成功保存股票信息: 920493
2026-02-15 22:51:42,764 - database.storage_service - INFO - 成功保存股票信息: 300277
2026-02-15 22:51:42,765 - database.storage_service - INFO - 成功保存股票信息: 300058
2026-02-15 22:51:42,766 - database.storage_service - INFO - 成功保存股票信息: 603598
2026-02-15 22:51:42,768 - database.storage_service - INFO - 成功保存股票信息: 300612
2026-02-15 22:51:42,769 - database.storage_service - INFO - 成功保存股票信息: 600828
2026-02-15 22:51:42,771 - database.storage_service - INFO - 成功保存股票信息: 601636
2026-02-15 22:51:42,773 - database.storage_service - INFO - 成功保存股票信息: 301336
2026-02-15 22:51:42,775 - database.storage_service - INFO - 成功保存股票信息: 688313
2026-02-15 22:51:42,776 - database.storage_service - INFO - 成功保存股票信息: 688158
2026-02-15 22:51:42,777 - database.storage_service - INFO - 成功保存股票信息: 920414
2026-02-15 22:51:42,778 - database.storage_service - INFO - 成功保存股票信息: 603688
2026-02-15 22:51:42,780 - database.storage_service - INFO - 成功保存股票信息: 300785
2026-02-15 22:51:42,781 - database.storage_service - INFO - 成功保存股票信息: 600986
2026-02-15 22:51:42,782 - database.storage_service - INFO - 成功保存股票信息: 601869
2026-02-15 22:51:42,783 - database.storage_service - INFO - 成功保存股票信息: 300943
2026-02-15 22:51:42,786 - database.storage_service - INFO - 成功保存股票信息: 002112
2026-02-15 22:51:42,787 - database.storage_service - INFO - 成功保存股票信息: 920045
2026-02-15 22:51:42,788 - database.storage_service - INFO - 成功保存股票信息: 301590
2026-02-15 22:51:42,789 - database.storage_service - INFO - 成功保存股票信息: 300166
2026-02-15 22:51:42,791 - database.storage_service - INFO - 成功保存股票信息: 920167
2026-02-15 22:51:42,792 - database.storage_service - INFO - 成功保存股票信息: 300819
2026-02-15 22:51:42,793 - database.storage_service - INFO - 成功保存股票信息: 002043
2026-02-15 22:51:42,794 - database.storage_service - INFO - 成功保存股票信息: 300617
2026-02-15 22:51:42,795 - database.storage_service - INFO - 成功保存股票信息: 300101
2026-02-15 22:51:42,797 - database.storage_service - INFO - 成功保存股票信息: 000533
2026-02-15 22:51:42,798 - database.storage_service - INFO - 成功保存股票信息: 603216
2026-02-15 22:51:42,799 - database.storage_service - INFO - 成功保存股票信息: 002438
2026-02-15 22:51:42,801 - database.storage_service - INFO - 成功保存股票信息: 001376
2026-02-15 22:51:42,802 - database.storage_service - INFO - 成功保存股票信息: 300927
2026-02-15 22:51:42,804 - database.storage_service - INFO - 成功保存股票信息: 002830
2026-02-15 22:51:42,805 - database.storage_service - INFO - 成功保存股票信息: 002429
2026-02-15 22:51:42,806 - database.storage_service - INFO - 成功保存股票信息: 600176
2026-02-15 22:51:42,807 - database.storage_service - INFO - 成功保存股票信息: 688503
2026-02-15 22:51:42,809 - database.storage_service - INFO - 成功保存股票信息: 002272
2026-02-15 22:51:42,810 - database.storage_service - INFO - 成功保存股票信息: 000767
2026-02-15 22:51:42,811 - database.storage_service - INFO - 成功保存股票信息: 600586
2026-02-15 22:51:42,812 - database.storage_service - INFO - 成功保存股票信息: 300921
2026-02-15 22:51:42,814 - database.storage_service - INFO - 成功保存股票信息: 600491
2026-02-15 22:51:42,815 - database.storage_service - INFO - 成功保存股票信息: 603212
2026-02-15 22:51:42,816 - database.storage_service - INFO - 成功保存股票信息: 300570
2026-02-15 22:51:42,818 - database.storage_service - INFO - 成功保存股票信息: 688258
2026-02-15 22:51:42,819 - database.storage_service - INFO - 成功保存股票信息: 002757
2026-02-15 22:51:42,821 - database.storage_service - INFO - 成功保存股票信息: 688143
2026-02-15 22:51:42,822 - database.storage_service - INFO - 成功保存股票信息: 301636
2026-02-15 22:51:42,823 - database.storage_service - INFO - 成功保存股票信息: 600345
2026-02-15 22:51:42,824 - database.storage_service - INFO - 成功保存股票信息: 300833
2026-02-15 22:51:42,825 - database.storage_service - INFO - 成功保存股票信息: 605006
2026-02-15 22:51:42,827 - database.storage_service - INFO - 成功保存股票信息: 688048
2026-02-15 22:51:42,828 - database.storage_service - INFO - 成功保存股票信息: 002623
2026-02-15 22:51:42,829 - database.storage_service - INFO - 成功保存股票信息: 600330
2026-02-15 22:51:42,830 - database.storage_service - INFO - 成功保存股票信息: 601872
2026-02-15 22:51:42,832 - database.storage_service - INFO - 成功保存股票信息: 301231
2026-02-15 22:51:42,833 - database.storage_service - INFO - 成功保存股票信息: 688205
2026-02-15 22:51:42,835 - database.storage_service - INFO - 成功保存股票信息: 600487
2026-02-15 22:51:42,836 - database.storage_service - INFO - 成功保存股票信息: 301321
2026-02-15 22:51:42,838 - database.storage_service - INFO - 成功保存股票信息: 002478
2026-02-15 22:51:42,839 - database.storage_service - INFO - 成功保存股票信息: 601975
2026-02-15 22:51:42,840 - database.storage_service - INFO - 成功保存股票信息: 300751
2026-02-15 22:51:42,841 - database.storage_service - INFO - 成功保存股票信息: 688195
2026-02-15 22:51:42,842 - database.storage_service - INFO - 成功保存股票信息: 001226
2026-02-15 22:51:42,844 - database.storage_service - INFO - 成功保存股票信息: 688025
2026-02-15 22:51:42,845 - database.storage_service - INFO - 成功保存股票信息: 301085
2026-02-15 22:51:42,846 - database.storage_service - INFO - 成功保存股票信息: 600026
2026-02-15 22:51:42,847 - database.storage_service - INFO - 成功保存股票信息: 002506
2026-02-15 22:51:42,848 - database.storage_service - INFO - 成功保存股票信息: 002824
2026-02-15 22:51:42,850 - database.storage_service - INFO - 成功保存股票信息: 002723
2026-02-15 22:51:42,851 - database.storage_service - INFO - 成功保存股票信息: 600370
2026-02-15 22:51:42,853 - database.storage_service - INFO - 成功保存股票信息: 002099
2026-02-15 22:51:42,854 - database.storage_service - INFO - 成功保存股票信息: 002323
2026-02-15 22:51:42,855 - database.storage_service - INFO - 成功保存股票信息: 000892
2026-02-15 22:51:42,857 - database.storage_service - INFO - 成功保存股票信息: 603980
2026-02-15 22:51:42,858 - database.storage_service - INFO - 成功保存股票信息: 603729
2026-02-15 22:51:42,859 - database.storage_service - INFO - 成功保存股票信息: 002342
2026-02-15 22:51:42,860 - database.storage_service - INFO - 成功保存股票信息: 600481
2026-02-15 22:51:42,861 - database.storage_service - INFO - 成功保存股票信息: 300620
2026-02-15 22:51:42,862 - database.storage_service - INFO - 成功保存股票信息: 603618
2026-02-15 22:51:42,864 - database.storage_service - INFO - 成功保存股票信息: 000070
2026-02-15 22:51:42,865 - database.storage_service - INFO - 成功保存股票信息: 002957
2026-02-15 22:51:42,866 - database.storage_service - INFO - 成功保存股票信息: 002969
2026-02-15 22:51:42,868 - database.storage_service - INFO - 成功保存股票信息: 002491
2026-02-15 22:51:42,870 - database.storage_service - INFO - 成功保存股票信息: 605287
2026-02-15 22:51:42,871 - database.storage_service - INFO - 成功保存股票信息: 600545
2026-02-15 22:51:42,872 - database.storage_service - INFO - 成功保存股票信息: 300182
2026-02-15 22:51:42,873 - database.storage_service - INFO - 成功保存股票信息: 300548
2026-02-15 22:51:42,874 - database.storage_service - INFO - 成功保存股票信息: 920166
2026-02-15 22:51:42,876 - database.storage_service - INFO - 成功保存股票信息: 300344
2026-02-15 22:51:42,877 - database.storage_service - INFO - 成功保存股票信息: 920305
2026-02-15 22:51:42,878 - database.storage_service - INFO - 成功保存股票信息: 920680
2026-02-15 22:51:42,879 - database.storage_service - INFO - 成功保存股票信息: 920187
2026-02-15 22:51:42,881 - database.storage_service - INFO - 成功保存股票信息: 920183
2026-02-15 22:51:42,882 - database.storage_service - INFO - 成功保存股票信息: 920168
2026-02-15 22:51:42,883 - database.storage_service - INFO - 成功保存股票信息: 833994
2026-02-15 22:51:42,885 - database.storage_service - INFO - 成功保存股票信息: 833874
2026-02-15 22:51:42,886 - database.storage_service - INFO - 成功保存股票信息: 832317
2026-02-15 22:51:42,888 - database.storage_service - INFO - 成功保存股票信息: 810013
2026-02-15 22:51:42,890 - database.storage_service - INFO - 成功保存股票信息: 810011
2026-02-15 22:51:42,891 - database.storage_service - INFO - 成功保存股票信息: 688555
2026-02-15 22:51:42,892 - database.storage_service - INFO - 成功保存股票信息: 688086
2026-02-15 22:51:42,894 - database.storage_service - INFO - 成功保存股票信息: 603996
2026-02-15 22:51:42,895 - database.storage_service - INFO - 成功保存股票信息: 603963
2026-02-15 22:51:42,896 - database.storage_service - INFO - 成功保存股票信息: 603603
2026-02-15 22:51:42,897 - database.storage_service - INFO - 成功保存股票信息: 603555
2026-02-15 22:51:42,898 - database.storage_service - INFO - 成功保存股票信息: 603388
2026-02-15 22:51:42,900 - database.storage_service - INFO - 成功保存股票信息: 603157
2026-02-15 22:51:42,901 - database.storage_service - INFO - 成功保存股票信息: 603133
2026-02-15 22:51:42,903 - database.storage_service - INFO - 成功保存股票信息: 603121
2026-02-15 22:51:42,904 - database.storage_service - INFO - 成功保存股票信息: 603056
2026-02-15 22:51:42,905 - database.storage_service - INFO - 成功保存股票信息: 603003
2026-02-15 22:51:42,906 - database.storage_service - INFO - 成功保存股票信息: 601989
2026-02-15 22:51:42,907 - database.storage_service - INFO - 成功保存股票信息: 601558
2026-02-15 22:51:42,909 - database.storage_service - INFO - 成功保存股票信息: 601299
2026-02-15 22:51:42,910 - database.storage_service - INFO - 成功保存股票信息: 601268
2026-02-15 22:51:42,911 - database.storage_service - INFO - 成功保存股票信息: 601258
2026-02-15 22:51:42,913 - database.storage_service - INFO - 成功保存股票信息: 601028
2026-02-15 22:51:42,914 - database.storage_service - INFO - 成功保存股票信息: 600991
2026-02-15 22:51:42,915 - database.storage_service - INFO - 成功保存股票信息: 600978
2026-02-15 22:51:42,916 - database.storage_service - INFO - 成功保存股票信息: 600899
2026-02-15 22:51:42,919 - database.storage_service - INFO - 成功保存股票信息: 600898
2026-02-15 22:51:42,920 - database.storage_service - INFO - 成功保存股票信息: 600896
2026-02-15 22:51:42,921 - database.storage_service - INFO - 成功保存股票信息: 600891
2026-02-15 22:51:42,922 - database.storage_service - INFO - 成功保存股票信息: 600890
2026-02-15 22:51:42,923 - database.storage_service - INFO - 成功保存股票信息: 600878
2026-02-15 22:51:42,925 - database.storage_service - INFO - 成功保存股票信息: 600870
2026-02-15 22:51:42,926 - database.storage_service - INFO - 成功保存股票信息: 600856
2026-02-15 22:51:42,927 - database.storage_service - INFO - 成功保存股票信息: 600852
2026-02-15 22:51:42,928 - database.storage_service - INFO - 成功保存股票信息: 600849
2026-02-15 22:51:42,930 - database.storage_service - INFO - 成功保存股票信息: 600842
2026-02-15 22:51:42,931 - database.storage_service - INFO - 成功保存股票信息: 600840
2026-02-15 22:51:42,932 - database.storage_service - INFO - 成功保存股票信息: 600837
2026-02-15 22:51:42,933 - database.storage_service - INFO - 成功保存股票信息: 600836
2026-02-15 22:51:42,935 - database.storage_service - INFO - 成功保存股票信息: 600832
2026-02-15 22:51:42,937 - database.storage_service - INFO - 成功保存股票信息: 600823
2026-02-15 22:51:42,938 - database.storage_service - INFO - 成功保存股票信息: 600813
2026-02-15 22:51:42,939 - database.storage_service - INFO - 成功保存股票信息: 600811
2026-02-15 22:51:42,940 - database.storage_service - INFO - 成功保存股票信息: 600806
2026-02-15 22:51:42,942 - database.storage_service - INFO - 成功保存股票信息: 600804
2026-02-15 22:51:42,943 - database.storage_service - INFO - 成功保存股票信息: 600799
2026-02-15 22:51:42,944 - database.storage_service - INFO - 成功保存股票信息: 600788
2026-02-15 22:51:42,945 - database.storage_service - INFO - 成功保存股票信息: 600786
2026-02-15 22:51:42,946 - database.storage_service - INFO - 成功保存股票信息: 600781
2026-02-15 22:51:42,947 - database.storage_service - INFO - 成功保存股票信息: 600772
2026-02-15 22:51:42,949 - database.storage_service - INFO - 成功保存股票信息: 600767
2026-02-15 22:51:42,950 - database.storage_service - INFO - 成功保存股票信息: 600766
2026-02-15 22:51:42,952 - database.storage_service - INFO - 成功保存股票信息: 600762
2026-02-15 22:51:42,953 - database.storage_service - INFO - 成功保存股票信息: 600752
2026-02-15 22:51:42,955 - database.storage_service - INFO - 成功保存股票信息: 600747
2026-02-15 22:51:42,956 - database.storage_service - INFO - 成功保存股票信息: 600723
2026-02-15 22:51:42,957 - database.storage_service - INFO - 成功保存股票信息: 600709
2026-02-15 22:51:42,958 - database.storage_service - INFO - 成功保存股票信息: 600705
2026-02-15 22:51:42,959 - database.storage_service - INFO - 成功保存股票信息: 600701
2026-02-15 22:51:42,961 - database.storage_service - INFO - 成功保存股票信息: 600700
2026-02-15 22:51:42,962 - database.storage_service - INFO - 成功保存股票信息: 600695
2026-02-15 22:51:42,963 - database.storage_service - INFO - 成功保存股票信息: 600687
2026-02-15 22:51:42,964 - database.storage_service - INFO - 成功保存股票信息: 600680
2026-02-15 22:51:42,966 - database.storage_service - INFO - 成功保存股票信息: 600677
2026-02-15 22:51:42,967 - database.storage_service - INFO - 成功保存股票信息: 600672
2026-02-15 22:51:42,969 - database.storage_service - INFO - 成功保存股票信息: 600670
2026-02-15 22:51:42,970 - database.storage_service - INFO - 成功保存股票信息: 600669
2026-02-15 22:51:42,971 - database.storage_service - INFO - 成功保存股票信息: 600659
2026-02-15 22:51:42,972 - database.storage_service - INFO - 成功保存股票信息: 600656
2026-02-15 22:51:42,974 - database.storage_service - INFO - 成功保存股票信息: 600652
2026-02-15 22:51:42,975 - database.storage_service - INFO - 成功保存股票信息: 600647
2026-02-15 22:51:42,976 - database.storage_service - INFO - 成功保存股票信息: 600646
2026-02-15 22:51:42,977 - database.storage_service - INFO - 成功保存股票信息: 600634
2026-02-15 22:51:42,979 - database.storage_service - INFO - 成功保存股票信息: 600632
2026-02-15 22:51:42,980 - database.storage_service - INFO - 成功保存股票信息: 600631
2026-02-15 22:51:42,981 - database.storage_service - INFO - 成功保存股票信息: 600627
2026-02-15 22:51:42,982 - database.storage_service - INFO - 成功保存股票信息: 600625
2026-02-15 22:51:42,984 - database.storage_service - INFO - 成功保存股票信息: 600614
2026-02-15 22:51:42,986 - database.storage_service - INFO - 成功保存股票信息: 600607
2026-02-15 22:51:42,987 - database.storage_service - INFO - 成功保存股票信息: 600591
2026-02-15 22:51:42,988 - database.storage_service - INFO - 成功保存股票信息: 600565
2026-02-15 22:51:42,990 - database.storage_service - INFO - 成功保存股票信息: 600555
2026-02-15 22:51:42,991 - database.storage_service - INFO - 成功保存股票信息: 600553
2026-02-15 22:51:42,992 - database.storage_service - INFO - 成功保存股票信息: 600532
2026-02-15 22:51:42,993 - database.storage_service - INFO - 成功保存股票信息: 600485
2026-02-15 22:51:42,994 - database.storage_service - INFO - 成功保存股票信息: 600472
2026-02-15 22:51:42,995 - database.storage_service - INFO - 成功保存股票信息: 600466
2026-02-15 22:51:42,997 - database.storage_service - INFO - 成功保存股票信息: 600462
2026-02-15 22:51:42,998 - database.storage_service - INFO - 成功保存股票信息: 600432
2026-02-15 22:51:42,999 - database.storage_service - INFO - 成功保存股票信息: 600401
2026-02-15 22:51:43,000 - database.storage_service - INFO - 成功保存股票信息: 600393
2026-02-15 22:51:43,002 - database.storage_service - INFO - 成功保存股票信息: 600387
2026-02-15 22:51:43,004 - database.storage_service - INFO - 成功保存股票信息: 600385
2026-02-15 22:51:43,005 - database.storage_service - INFO - 成功保存股票信息: 600357
2026-02-15 22:51:43,006 - database.storage_service - INFO - 成功保存股票信息: 600321
2026-02-15 22:51:43,007 - database.storage_service - INFO - 成功保存股票信息: 600317
2026-02-15 22:51:43,008 - database.storage_service - INFO - 成功保存股票信息: 600311
2026-02-15 22:51:43,010 - database.storage_service - INFO - 成功保存股票信息: 600306
2026-02-15 22:51:43,011 - database.storage_service - INFO - 成功保存股票信息: 600297
2026-02-15 22:51:43,012 - database.storage_service - INFO - 成功保存股票信息: 600296
2026-02-15 22:51:43,013 - database.storage_service - INFO - 成功保存股票信息: 600291
2026-02-15 22:51:43,015 - database.storage_service - INFO - 成功保存股票信息: 600290
2026-02-15 22:51:43,016 - database.storage_service - INFO - 成功保存股票信息: 600286
2026-02-15 22:51:43,018 - database.storage_service - INFO - 成功保存股票信息: 600277
2026-02-15 22:51:43,019 - database.storage_service - INFO - 成功保存股票信息: 600275
2026-02-15 22:51:43,021 - database.storage_service - INFO - 成功保存股票信息: 600270
2026-02-15 22:51:43,022 - database.storage_service - INFO - 成功保存股票信息: 600263
2026-02-15 22:51:43,023 - database.storage_service - INFO - 成功保存股票信息: 600260
2026-02-15 22:51:43,024 - database.storage_service - INFO - 成功保存股票信息: 600253
2026-02-15 22:51:43,025 - database.storage_service - INFO - 成功保存股票信息: 600247
2026-02-15 22:51:43,027 - database.storage_service - INFO - 成功保存股票信息: 600242
2026-02-15 22:51:43,028 - database.storage_service - INFO - 成功保存股票信息: 600240
2026-02-15 22:51:43,030 - database.storage_service - INFO - 成功保存股票信息: 600225
2026-02-15 22:51:43,031 - database.storage_service - INFO - 成功保存股票信息: 600220
2026-02-15 22:51:43,032 - database.storage_service - INFO - 成功保存股票信息: 600213
2026-02-15 22:51:43,034 - database.storage_service - INFO - 成功保存股票信息: 600209
2026-02-15 22:51:43,036 - database.storage_service - INFO - 成功保存股票信息: 600205
2026-02-15 22:51:43,037 - database.storage_service - INFO - 成功保存股票信息: 600200
2026-02-15 22:51:43,039 - database.storage_service - INFO - 成功保存股票信息: 600190
2026-02-15 22:51:43,040 - database.storage_service - INFO - 成功保存股票信息: 600181
2026-02-15 22:51:43,041 - database.storage_service - INFO - 成功保存股票信息: 600175
2026-02-15 22:51:43,042 - database.storage_service - INFO - 成功保存股票信息: 600146
2026-02-15 22:51:43,043 - database.storage_service - INFO - 成功保存股票信息: 600145
2026-02-15 22:51:43,045 - database.storage_service - INFO - 成功保存股票信息: 600139
2026-02-15 22:51:43,046 - database.storage_service - INFO - 成功保存股票信息: 600122
2026-02-15 22:51:43,047 - database.storage_service - INFO - 成功保存股票信息: 600112
2026-02-15 22:51:43,048 - database.storage_service - INFO - 成功保存股票信息: 600102
2026-02-15 22:51:43,050 - database.storage_service - INFO - 成功保存股票信息: 600093
2026-02-15 22:51:43,052 - database.storage_service - INFO - 成功保存股票信息: 600092
2026-02-15 22:51:43,053 - database.storage_service - INFO - 成功保存股票信息: 600091
2026-02-15 22:51:43,054 - database.storage_service - INFO - 成功保存股票信息: 600090
2026-02-15 22:51:43,055 - database.storage_service - INFO - 成功保存股票信息: 600087
2026-02-15 22:51:43,056 - database.storage_service - INFO - 成功保存股票信息: 600086
2026-02-15 22:51:43,058 - database.storage_service - INFO - 成功保存股票信息: 600083
2026-02-15 22:51:43,059 - database.storage_service - INFO - 成功保存股票信息: 600077
2026-02-15 22:51:43,060 - database.storage_service - INFO - 成功保存股票信息: 600074
2026-02-15 22:51:43,061 - database.storage_service - INFO - 成功保存股票信息: 600070
2026-02-15 22:51:43,063 - database.storage_service - INFO - 成功保存股票信息: 600069
2026-02-15 22:51:43,064 - database.storage_service - INFO - 成功保存股票信息: 600068
2026-02-15 22:51:43,065 - database.storage_service - INFO - 成功保存股票信息: 600065
2026-02-15 22:51:43,066 - database.storage_service - INFO - 成功保存股票信息: 600005
2026-02-15 22:51:43,068 - database.storage_service - INFO - 成功保存股票信息: 600003
2026-02-15 22:51:43,070 - database.storage_service - INFO - 成功保存股票信息: 600002
2026-02-15 22:51:43,071 - database.storage_service - INFO - 成功保存股票信息: 600001
2026-02-15 22:51:43,072 - database.storage_service - INFO - 成功保存股票信息: 301680
2026-02-15 22:51:43,073 - database.storage_service - INFO - 成功保存股票信息: 300828
2026-02-15 22:51:43,075 - database.storage_service - INFO - 成功保存股票信息: 300799
2026-02-15 22:51:43,076 - database.storage_service - INFO - 成功保存股票信息: 300742
2026-02-15 22:51:43,077 - database.storage_service - INFO - 成功保存股票信息: 300630
2026-02-15 22:51:43,078 - database.storage_service - INFO - 成功保存股票信息: 300526
2026-02-15 22:51:43,079 - database.storage_service - INFO - 成功保存股票信息: 300495
2026-02-15 22:51:43,081 - database.storage_service - INFO - 成功保存股票信息: 300442
2026-02-15 22:51:43,082 - database.storage_service - INFO - 成功保存股票信息: 300431
2026-02-15 22:51:43,083 - database.storage_service - INFO - 成功保存股票信息: 300392
2026-02-15 22:51:43,084 - database.storage_service - INFO - 成功保存股票信息: 300391
2026-02-15 22:51:43,086 - database.storage_service - INFO - 成功保存股票信息: 300379
2026-02-15 22:51:43,088 - database.storage_service - INFO - 成功保存股票信息: 300372
2026-02-15 22:51:43,089 - database.storage_service - INFO - 成功保存股票信息: 300367
2026-02-15 22:51:43,090 - database.storage_service - INFO - 成功保存股票信息: 300362
2026-02-15 22:51:43,091 - database.storage_service - INFO - 成功保存股票信息: 300356
2026-02-15 22:51:43,092 - database.storage_service - INFO - 成功保存股票信息: 300336
2026-02-15 22:51:43,094 - database.storage_service - INFO - 成功保存股票信息: 300330
2026-02-15 22:51:43,095 - database.storage_service - INFO - 成功保存股票信息: 300325
2026-02-15 22:51:43,096 - database.storage_service - INFO - 成功保存股票信息: 300312
2026-02-15 22:51:43,097 - database.storage_service - INFO - 成功保存股票信息: 300309
2026-02-15 22:51:43,099 - database.storage_service - INFO - 成功保存股票信息: 300297
2026-02-15 22:51:43,100 - database.storage_service - INFO - 成功保存股票信息: 300282
2026-02-15 22:51:43,102 - database.storage_service - INFO - 成功保存股票信息: 300280
2026-02-15 22:51:43,103 - database.storage_service - INFO - 成功保存股票信息: 300273
2026-02-15 22:51:43,105 - database.storage_service - INFO - 成功保存股票信息: 300262
2026-02-15 22:51:43,106 - database.storage_service - INFO - 成功保存股票信息: 300216
2026-02-15 22:51:43,107 - database.storage_service - INFO - 成功保存股票信息: 300208
2026-02-15 22:51:43,108 - database.storage_service - INFO - 成功保存股票信息: 300202
2026-02-15 22:51:43,109 - database.storage_service - INFO - 成功保存股票信息: 300186
2026-02-15 22:51:43,110 - database.storage_service - INFO - 成功保存股票信息: 300178
2026-02-15 22:51:43,112 - database.storage_service - INFO - 成功保存股票信息: 300156
2026-02-15 22:51:43,113 - database.storage_service - INFO - 成功保存股票信息: 300117
2026-02-15 22:51:43,114 - database.storage_service - INFO - 成功保存股票信息: 300116
2026-02-15 22:51:43,115 - database.storage_service - INFO - 成功保存股票信息: 300108
2026-02-15 22:51:43,117 - database.storage_service - INFO - 成功保存股票信息: 300104
2026-02-15 22:51:43,118 - database.storage_service - INFO - 成功保存股票信息: 300090
2026-02-15 22:51:43,120 - database.storage_service - INFO - 成功保存股票信息: 300089
2026-02-15 22:51:43,121 - database.storage_service - INFO - 成功保存股票信息: 300064
2026-02-15 22:51:43,123 - database.storage_service - INFO - 成功保存股票信息: 300038
2026-02-15 22:51:43,124 - database.storage_service - INFO - 成功保存股票信息: 300028
2026-02-15 22:51:43,125 - database.storage_service - INFO - 成功保存股票信息: 300023
2026-02-15 22:51:43,126 - database.storage_service - INFO - 成功保存股票信息: 002781
2026-02-15 22:51:43,128 - database.storage_service - INFO - 成功保存股票信息: 002776
2026-02-15 22:51:43,129 - database.storage_service - INFO - 成功保存股票信息: 002770
2026-02-15 22:51:43,130 - database.storage_service - INFO - 成功保存股票信息: 002751
2026-02-15 22:51:43,132 - database.storage_service - INFO - 成功保存股票信息: 002750
2026-02-15 22:51:43,133 - database.storage_service - INFO - 成功保存股票信息: 002740
2026-02-15 22:51:43,134 - database.storage_service - INFO - 成功保存股票信息: 002711
2026-02-15 22:51:43,137 - database.storage_service - INFO - 成功保存股票信息: 002699
2026-02-15 22:51:43,138 - database.storage_service - INFO - 成功保存股票信息: 002684
2026-02-15 22:51:43,139 - database.storage_service - INFO - 成功保存股票信息: 002680
2026-02-15 22:51:43,140 - database.storage_service - INFO - 成功保存股票信息: 002665
2026-02-15 22:51:43,141 - database.storage_service - INFO - 成功保存股票信息: 002621
2026-02-15 22:51:43,143 - database.storage_service - INFO - 成功保存股票信息: 002619
2026-02-15 22:51:43,144 - database.storage_service - INFO - 成功保存股票信息: 002618
2026-02-15 22:51:43,145 - database.storage_service - INFO - 成功保存股票信息: 002610
2026-02-15 22:51:43,147 - database.storage_service - INFO - 成功保存股票信息: 002604
2026-02-15 22:51:43,148 - database.storage_service - INFO - 成功保存股票信息: 002509
2026-02-15 22:51:43,149 - database.storage_service - INFO - 成功保存股票信息: 002505
2026-02-15 22:51:43,150 - database.storage_service - INFO - 成功保存股票信息: 002504
2026-02-15 22:51:43,152 - database.storage_service - INFO - 成功保存股票信息: 002503
2026-02-15 22:51:43,153 - database.storage_service - INFO - 成功保存股票信息: 002502
2026-02-15 22:51:43,155 - database.storage_service - INFO - 成功保存股票信息: 002499
2026-02-15 22:51:43,157 - database.storage_service - INFO - 成功保存股票信息: 002477
2026-02-15 22:51:43,158 - database.storage_service - INFO - 成功保存股票信息: 002473
2026-02-15 22:51:43,159 - database.storage_service - INFO - 成功保存股票信息: 002464
2026-02-15 22:51:43,161 - database.storage_service - INFO - 成功保存股票信息: 002450
2026-02-15 22:51:43,162 - database.storage_service - INFO - 成功保存股票信息: 002447
2026-02-15 22:51:43,163 - database.storage_service - INFO - 成功保存股票信息: 002445
2026-02-15 22:51:43,164 - database.storage_service - INFO - 成功保存股票信息: 002435
2026-02-15 22:51:43,166 - database.storage_service - INFO - 成功保存股票信息: 002433
2026-02-15 22:51:43,167 - database.storage_service - INFO - 成功保存股票信息: 002417
2026-02-15 22:51:43,169 - database.storage_service - INFO - 成功保存股票信息: 002411
2026-02-15 22:51:43,170 - database.storage_service - INFO - 成功保存股票信息: 002359
2026-02-15 22:51:43,172 - database.storage_service - INFO - 成功保存股票信息: 002341
2026-02-15 22:51:43,173 - database.storage_service - INFO - 成功保存股票信息: 002336
2026-02-15 22:51:43,175 - database.storage_service - INFO - 成功保存股票信息: 002326
2026-02-15 22:51:43,176 - database.storage_service - INFO - 成功保存股票信息: 002325
2026-02-15 22:51:43,177 - database.storage_service - INFO - 成功保存股票信息: 002308
2026-02-15 22:51:43,178 - database.storage_service - INFO - 成功保存股票信息: 002288
2026-02-15 22:51:43,180 - database.storage_service - INFO - 成功保存股票信息: 002280
2026-02-15 22:51:43,181 - database.storage_service - INFO - 成功保存股票信息: 002260
2026-02-15 22:51:43,182 - database.storage_service - INFO - 成功保存股票信息: 002231
2026-02-15 22:51:43,184 - database.storage_service - INFO - 成功保存股票信息: 002220
2026-02-15 22:51:43,186 - database.storage_service - INFO - 成功保存股票信息: 002147
2026-02-15 22:51:43,187 - database.storage_service - INFO - 成功保存股票信息: 002143
2026-02-15 22:51:43,189 - database.storage_service - INFO - 成功保存股票信息: 002118
2026-02-15 22:51:43,190 - database.storage_service - INFO - 成功保存股票信息: 002113
2026-02-15 22:51:43,191 - database.storage_service - INFO - 成功保存股票信息: 002089
2026-02-15 22:51:43,192 - database.storage_service - INFO - 成功保存股票信息: 002087
2026-02-15 22:51:43,193 - database.storage_service - INFO - 成功保存股票信息: 002071
2026-02-15 22:51:43,195 - database.storage_service - INFO - 成功保存股票信息: 002070
2026-02-15 22:51:43,196 - database.storage_service - INFO - 成功保存股票信息: 002018
2026-02-15 22:51:43,197 - database.storage_service - INFO - 成功保存股票信息: 002013
2026-02-15 22:51:43,198 - database.storage_service - INFO - 成功保存股票信息: 002002
2026-02-15 22:51:43,200 - database.storage_service - INFO - 成功保存股票信息: 001285
2026-02-15 22:51:43,201 - database.storage_service - INFO - 成功保存股票信息: 000996
2026-02-15 22:51:43,203 - database.storage_service - INFO - 成功保存股票信息: 000982
2026-02-15 22:51:43,204 - database.storage_service - INFO - 成功保存股票信息: 000979
2026-02-15 22:51:43,205 - database.storage_service - INFO - 成功保存股票信息: 000976
2026-02-15 22:51:43,208 - database.storage_service - INFO - 成功保存股票信息: 000971
2026-02-15 22:51:43,209 - database.storage_service - INFO - 成功保存股票信息: 000961
2026-02-15 22:51:43,210 - database.storage_service - INFO - 成功保存股票信息: 000956
2026-02-15 22:51:43,212 - database.storage_service - INFO - 成功保存股票信息: 000939
2026-02-15 22:51:43,213 - database.storage_service - INFO - 成功保存股票信息: 000918
2026-02-15 22:51:43,214 - database.storage_service - INFO - 成功保存股票信息: 000916
2026-02-15 22:51:43,215 - database.storage_service - INFO - 成功保存股票信息: 000866
2026-02-15 22:51:43,216 - database.storage_service - INFO - 成功保存股票信息: 000861
2026-02-15 22:51:43,219 - database.storage_service - INFO - 成功保存股票信息: 000851
2026-02-15 22:51:43,221 - database.storage_service - INFO - 成功保存股票信息: 000836
2026-02-15 22:51:43,222 - database.storage_service - INFO - 成功保存股票信息: 000835
2026-02-15 22:51:43,224 - database.storage_service - INFO - 成功保存股票信息: 000832
2026-02-15 22:51:43,225 - database.storage_service - INFO - 成功保存股票信息: 000827
2026-02-15 22:51:43,226 - database.storage_service - INFO - 成功保存股票信息: 000817
2026-02-15 22:51:43,228 - database.storage_service - INFO - 成功保存股票信息: 000806
2026-02-15 22:51:43,229 - database.storage_service - INFO - 成功保存股票信息: 000805
2026-02-15 22:51:43,230 - database.storage_service - INFO - 成功保存股票信息: 000787
2026-02-15 22:51:43,232 - database.storage_service - INFO - 成功保存股票信息: 000780
2026-02-15 22:51:43,234 - database.storage_service - INFO - 成功保存股票信息: 000769
2026-02-15 22:51:43,236 - database.storage_service - INFO - 成功保存股票信息: 000765
2026-02-15 22:51:43,238 - database.storage_service - INFO - 成功保存股票信息: 000763
2026-02-15 22:51:43,239 - database.storage_service - INFO - 成功保存股票信息: 000760
2026-02-15 22:51:43,241 - database.storage_service - INFO - 成功保存股票信息: 000748
2026-02-15 22:51:43,243 - database.storage_service - INFO - 成功保存股票信息: 000732
2026-02-15 22:51:43,245 - database.storage_service - INFO - 成功保存股票信息: 000730
2026-02-15 22:51:43,246 - database.storage_service - INFO - 成功保存股票信息: 000699
2026-02-15 22:51:43,248 - database.storage_service - INFO - 成功保存股票信息: 000693
2026-02-15 22:51:43,249 - database.storage_service - INFO - 成功保存股票信息: 000689
2026-02-15 22:51:43,251 - database.storage_service - INFO - 成功保存股票信息: 000687
2026-02-15 22:51:43,253 - database.storage_service - INFO - 成功保存股票信息: 000675
2026-02-15 22:51:43,255 - database.storage_service - INFO - 成功保存股票信息: 000673
2026-02-15 22:51:43,256 - database.storage_service - INFO - 成功保存股票信息: 000671
2026-02-15 22:51:43,258 - database.storage_service - INFO - 成功保存股票信息: 000667
2026-02-15 22:51:43,259 - database.storage_service - INFO - 成功保存股票信息: 000666
2026-02-15 22:51:43,260 - database.storage_service - INFO - 成功保存股票信息: 000662
2026-02-15 22:51:43,262 - database.storage_service - INFO - 成功保存股票信息: 000660
2026-02-15 22:51:43,264 - database.storage_service - INFO - 成功保存股票信息: 000658
2026-02-15 22:51:43,265 - database.storage_service - INFO - 成功保存股票信息: 000653
2026-02-15 22:51:43,266 - database.storage_service - INFO - 成功保存股票信息: 000627
2026-02-15 22:51:43,269 - database.storage_service - INFO - 成功保存股票信息: 000622
2026-02-15 22:51:43,271 - database.storage_service - INFO - 成功保存股票信息: 000621
2026-02-15 22:51:43,272 - database.storage_service - INFO - 成功保存股票信息: 000618
2026-02-15 22:51:43,274 - database.storage_service - INFO - 成功保存股票信息: 000616
2026-02-15 22:51:43,275 - database.storage_service - INFO - 成功保存股票信息: 000613
2026-02-15 22:51:43,277 - database.storage_service - INFO - 成功保存股票信息: 000611
2026-02-15 22:51:43,278 - database.storage_service - INFO - 成功保存股票信息: 000606
2026-02-15 22:51:43,279 - database.storage_service - INFO - 成功保存股票信息: 000602
2026-02-15 22:51:43,281 - database.storage_service - INFO - 成功保存股票信息: 000594
2026-02-15 22:51:43,282 - database.storage_service - INFO - 成功保存股票信息: 000588
2026-02-15 22:51:43,284 - database.storage_service - INFO - 成功保存股票信息: 000587
2026-02-15 22:51:43,286 - database.storage_service - INFO - 成功保存股票信息: 000585
2026-02-15 22:51:43,288 - database.storage_service - INFO - 成功保存股票信息: 000584
2026-02-15 22:51:43,289 - database.storage_service - INFO - 成功保存股票信息: 000583
2026-02-15 22:51:43,290 - database.storage_service - INFO - 成功保存股票信息: 000578
2026-02-15 22:51:43,291 - database.storage_service - INFO - 成功保存股票信息: 000569
2026-02-15 22:51:43,293 - database.storage_service - INFO - 成功保存股票信息: 000562
2026-02-15 22:51:43,294 - database.storage_service - INFO - 成功保存股票信息: 000556
2026-02-15 22:51:43,295 - database.storage_service - INFO - 成功保存股票信息: 000549
2026-02-15 22:51:43,297 - database.storage_service - INFO - 成功保存股票信息: 000542
2026-02-15 22:51:43,298 - database.storage_service - INFO - 成功保存股票信息: 000540
2026-02-15 22:51:43,299 - database.storage_service - INFO - 成功保存股票信息: 000535
2026-02-15 22:51:43,301 - database.storage_service - INFO - 成功保存股票信息: 000527
2026-02-15 22:51:43,303 - database.storage_service - INFO - 成功保存股票信息: 000522
2026-02-15 22:51:43,304 - database.storage_service - INFO - 成功保存股票信息: 000515
2026-02-15 22:51:43,305 - database.storage_service - INFO - 成功保存股票信息: 000511
2026-02-15 22:51:43,306 - database.storage_service - INFO - 成功保存股票信息: 000508
2026-02-15 22:51:43,308 - database.storage_service - INFO - 成功保存股票信息: 000502
2026-02-15 22:51:43,309 - database.storage_service - INFO - 成功保存股票信息: 000418
2026-02-15 22:51:43,310 - database.storage_service - INFO - 成功保存股票信息: 000416
2026-02-15 22:51:43,311 - database.storage_service - INFO - 成功保存股票信息: 000413
2026-02-15 22:51:43,312 - database.storage_service - INFO - 成功保存股票信息: 000412
2026-02-15 22:51:43,314 - database.storage_service - INFO - 成功保存股票信息: 000406
2026-02-15 22:51:43,315 - database.storage_service - INFO - 成功保存股票信息: 000405
2026-02-15 22:51:43,316 - database.storage_service - INFO - 成功保存股票信息: 000150
2026-02-15 22:51:43,318 - database.storage_service - INFO - 成功保存股票信息: 000047
2026-02-15 22:51:43,320 - database.storage_service - INFO - 成功保存股票信息: 000046
2026-02-15 22:51:43,321 - database.storage_service - INFO - 成功保存股票信息: 000040
2026-02-15 22:51:43,322 - database.storage_service - INFO - 成功保存股票信息: 000038
2026-02-15 22:51:43,323 - database.storage_service - INFO - 成功保存股票信息: 000033
2026-02-15 22:51:43,325 - database.storage_service - INFO - 成功保存股票信息: 000024
2026-02-15 22:51:43,326 - database.storage_service - INFO - 成功保存股票信息: 000023
2026-02-15 22:51:43,327 - database.storage_service - INFO - 成功保存股票信息: 000018
2026-02-15 22:51:43,328 - database.storage_service - INFO - 成功保存股票信息: 000015
2026-02-15 22:51:43,329 - database.storage_service - INFO - 成功保存股票信息: 000013
2026-02-15 22:51:43,331 - database.storage_service - INFO - 成功保存股票信息: 000005
2026-02-15 22:51:43,332 - database.storage_service - INFO - 成功保存股票信息: 000003
2026-02-15 22:51:43,332 - main - INFO - 股票列表初始化完成，成功保存 5810 条记录
